# columns 
# CaloToolMPEtaBin PtMin PtMax avgPt IEtaBin_forLUT_col1 PtBin_forLUT SF
0 0 0 0 0 0 1.000000    512 1.000000 1.000000       # ieta [1], pt 0
0 15 15 15 0 1 2.471587    16383 2.466667 0.998009    
0 16 16 16 0 2 2.417163    15359 2.406250 0.995485    
0 17 17 17 0 3 2.407493    16383 2.411765 1.001775    
0 18 18 18 0 4 2.375241    16383 2.388889 1.005746    
0 19 19 19 0 5 2.358318    16383 2.368421 1.004284    
0 20 20 20 0 6 2.335754    15359 2.325000 0.995396    
0 21 21 21 0 7 2.311451    15359 2.309524 0.999166    
0 22 22 22 0 8 2.291237    15359 2.295455 1.001841    
0 23 23 23 0 9 2.268331    14335 2.260870 0.996710    
0 24 24 24 0 10 2.249995    14335 2.250000 1.000002    
0 25 25 25 0 11 2.237670    14335 2.240000 1.001041    
0 26 26 26 0 12 2.227199    14335 2.230769 1.001603    
0 27 27 27 0 13 2.206027    13311 2.203704 0.998947    
0 28 28 28 0 14 2.186136    12287 2.178571 0.996540    
0 29 29 29 0 15 2.179418    12287 2.172414 0.996786    
0 30 30 30 0 16 2.136801    10239 2.133333 0.998377    
0 31 31 31 0 17 2.126170    10239 2.129032 1.001346    
0 32 33 33 0 18 2.091143    8191 2.090909 0.999888    
0 34 35 35 0 19 2.079990    8191 2.085714 1.002752    
0 36 37 37 0 20 2.031628    4095 2.027027 0.997735    
0 38 39 39 0 21 2.023705    4095 2.025641 1.000957    
0 40 41 41 0 22 2.000924    2047 2.000000 0.999538    
0 42 43 43 0 23 1.966109    1010 1.965116 0.999495    
0 44 45 45 0 24 1.950901    1004 1.955556 1.002386    
0 46 47 47 0 25 1.935963    994 1.936170 1.000107    
0 48 49 49 0 26 1.922152    986 1.918367 0.998031    
0 50 51 51 0 27 1.912734    981 1.911765 0.999493    
0 52 53 53 0 28 1.897956    973 1.896226 0.999089    
0 54 55 55 0 29 1.882371    966 1.881818 0.999706    
0 56 57 57 0 30 1.869612    959 1.868421 0.999363    
0 58 59 59 0 31 1.861629    957 1.864407 1.001492    
0 60 61 61 0 32 1.837851    943 1.836066 0.999029    
0 62 64 63 0 33 1.822133    937 1.825397 1.001791    
0 65 67 66 0 34 1.810785    929 1.810606 0.999901    
0 68 70 69 0 35 1.796746    922 1.797101 1.000198    
0 71 73 72 0 36 1.778046    912 1.777778 0.999849    
0 74 76 75 0 37 1.772103    910 1.773333 1.000694    
0 77 79 78 0 38 1.756266    901 1.756410 1.000082    
0 80 82 81 0 39 1.739601    893 1.740741 1.000655    
0 83 85 84 0 40 1.733074    888 1.732143 0.999463    
0 86 88 87 0 41 1.718366    881 1.718391 1.000014    
0 89 91 90 0 42 1.715608    880 1.716667 1.000617    
0 92 94 93 0 43 1.706257    874 1.704301 0.998854    
0 95 97 96 0 44 1.694973    868 1.692708 0.998664    
0 98 100 99 0 45 1.687605    865 1.686869 0.999564    
0 101 103 102 0 46 1.673963    858 1.671569 0.998570    
0 104 109 107 0 47 1.666349    856 1.668224 1.001125    
0 110 115 113 0 48 1.661921    853 1.663717 1.001080    
0 116 121 119 0 49 1.645815    845 1.647059 1.000756    
0 122 127 125 0 50 1.636090    839 1.636000 0.999945    
0 128 133 131 0 51 1.625179    834 1.625954 1.000477    
0 134 139 137 0 52 1.612220    827 1.613139 1.000570    
0 140 145 143 0 53 1.598371    819 1.597902 0.999706    
0 146 151 149 0 54 1.579393    810 1.580537 1.000724    
0 152 157 155 0 55 1.577476    809 1.577419 0.999964    
0 158 163 161 0 56 1.572439    806 1.571429 0.999357    
0 164 169 167 0 57 1.569274    804 1.568862 0.999737    
0 170 175 173 0 58 1.568499    804 1.569364 1.000552    
0 176 181 179 0 59 1.563205    802 1.564246 1.000666    
0 182 187 185 0 60 1.559622    799 1.559459 0.999896    
0 188 193 191 0 61 1.557735    798 1.557592 0.999908    
0 194 254 224 0 62 1.537758    788 1.537946 1.000123    
0 255 255 255 0 63 1.552236    796 1.552941 1.000454    
1 0 0 0 1 0 1.000000    512 1.000000 1.000000       # ieta [2], pt 0
1 15 15 15 1 1 2.460079    16383 2.466667 1.002678    
1 16 16 16 1 2 2.388326    14335 2.375000 0.994421    
1 17 17 17 1 3 2.381408    15359 2.382353 1.000397    
1 18 18 18 1 4 2.352229    15359 2.361111 1.003776    
1 19 19 19 1 5 2.350273    15359 2.342105 0.996525    
1 20 20 20 1 6 2.313674    15359 2.325000 1.004895    
1 21 21 21 1 7 2.293508    14335 2.285714 0.996602    
1 22 22 22 1 8 2.273452    14335 2.272727 0.999681    
1 23 23 23 1 9 2.251355    14335 2.260870 1.004226    
1 24 24 24 1 10 2.233156    13311 2.229167 0.998214    
1 25 25 25 1 11 2.220923    13311 2.220000 0.999584    
1 26 26 26 1 12 2.210530    13311 2.211538 1.000456    
1 27 27 27 1 13 2.189516    12287 2.185185 0.998022    
1 28 28 28 1 14 2.169774    12287 2.178571 1.004055    
1 29 29 29 1 15 2.163107    11263 2.155172 0.996332    
1 30 30 30 1 16 2.120808    9215 2.116667 0.998047    
1 31 31 31 1 17 2.110258    9215 2.112903 1.001254    
1 32 33 33 1 18 2.076487    7167 2.075758 0.999649    
1 34 35 35 1 19 2.067576    7167 2.071429 1.001863    
1 36 37 37 1 20 2.025305    4095 2.027027 1.000850    
1 38 39 39 1 21 2.017407    3071 2.012821 0.997727    
1 40 41 41 1 22 1.994696    2045 2.000000 1.002659    
1 42 43 43 1 23 1.959991    1010 1.965116 1.002615    
1 44 45 45 1 24 1.946183    999 1.944444 0.999107    
1 46 47 47 1 25 1.931189    994 1.936170 1.002579    
1 48 49 49 1 26 1.917828    985 1.918367 1.000281    
1 50 51 51 1 27 1.908431    981 1.911765 1.001747    
1 52 53 53 1 28 1.893830    973 1.896226 1.001265    
1 54 55 55 1 29 1.878279    966 1.881818 1.001884    
1 56 57 57 1 30 1.865548    959 1.868421 1.001540    
1 58 59 59 1 31 1.857582    953 1.855932 0.999112    
1 60 61 61 1 32 1.833856    943 1.836066 1.001205    
1 62 64 63 1 33 1.818172    933 1.817460 0.999609    
1 65 67 66 1 34 1.806849    929 1.810606 1.002079    
1 68 70 69 1 35 1.792840    919 1.789855 0.998335    
1 71 73 72 1 36 1.774221    909 1.770833 0.998091    
1 74 76 75 1 37 1.768370    906 1.766667 0.999037    
1 77 79 78 1 38 1.752566    898 1.750000 0.998536    
1 80 82 81 1 39 1.735936    890 1.734568 0.999212    
1 83 85 84 1 40 1.729423    888 1.732143 1.001573    
1 86 88 87 1 41 1.714747    878 1.712644 0.998774    
1 89 91 90 1 42 1.711995    878 1.711111 0.999484    
1 92 94 93 1 43 1.703702    874 1.704301 1.000351    
1 95 97 96 1 44 1.691561    868 1.692708 1.000678    
1 98 100 99 1 45 1.684208    863 1.681818 0.998581    
1 101 103 102 1 46 1.670593    857 1.671569 1.000584    
1 104 109 107 1 47 1.662995    853 1.663551 1.000335    
1 110 115 113 1 48 1.658668    851 1.659292 1.000376    
1 116 121 119 1 49 1.642384    843 1.642857 1.000288    
1 122 127 125 1 50 1.634614    839 1.636000 1.000848    
1 128 133 131 1 51 1.623166    832 1.622137 0.999366    
1 134 139 137 1 52 1.610812    825 1.609489 0.999179    
1 140 145 143 1 53 1.598595    819 1.597902 0.999567    
1 146 151 149 1 54 1.581802    810 1.580537 0.999200    
1 152 157 155 1 55 1.583401    812 1.583871 1.000297    
1 158 163 161 1 56 1.578533    809 1.577640 0.999434    
1 164 169 167 1 57 1.572233    806 1.571856 0.999760    
1 170 175 173 1 58 1.570457    804 1.569364 0.999304    
1 176 181 179 1 59 1.564953    802 1.564246 0.999548    
1 182 187 185 1 60 1.561492    801 1.562162 1.000429    
1 188 193 191 1 61 1.559604    800 1.560209 1.000388    
1 194 254 224 1 62 1.535751    787 1.535714 0.999976    
1 255 255 255 1 63 1.541470    790 1.541176 0.999810    
2 0 0 0 2 0 1.000000    512 1.000000 1.000000       # ieta [3], pt 0
2 15 15 15 2 1 2.499570    17407 2.500000 1.000172    
2 16 16 16 2 2 2.444811    16383 2.437500 0.997010    
2 17 17 17 2 3 2.440119    17407 2.441176 1.000434    
2 18 18 18 2 4 2.405925    17407 2.416667 1.004465    
2 19 19 19 2 5 2.399393    17407 2.394737 0.998059    
2 20 20 20 2 6 2.357204    16383 2.350000 0.996944    
2 21 21 21 2 7 2.335212    16383 2.333333 0.999196    
2 22 22 22 2 8 2.314028    16383 2.318182 1.001795    
2 23 23 23 2 9 2.289753    15359 2.282609 0.996880    
2 24 24 24 2 10 2.268569    15359 2.270833 1.000998    
2 25 25 25 2 11 2.253801    15359 2.260000 1.002750    
2 26 26 26 2 12 2.243255    15359 2.250000 1.003007    
2 27 27 27 2 13 2.221930    14335 2.222222 1.000132    
2 28 28 28 2 14 2.200546    13311 2.196429 0.998129    
2 29 29 29 2 15 2.193784    13311 2.189655 0.998118    
2 30 30 30 2 16 2.150886    11263 2.150000 0.999588    
2 31 31 31 2 17 2.136696    10239 2.129032 0.996413    
2 32 33 33 2 18 2.107531    9215 2.106061 0.999302    
2 34 35 35 2 19 2.087551    8191 2.085714 0.999120    
2 36 37 37 2 20 2.036981    5119 2.040541 1.001747    
2 38 39 39 2 21 2.028824    4095 2.025641 0.998431    
2 40 41 41 2 22 2.004920    2047 2.000000 0.997546    
2 42 43 43 2 23 1.968971    1010 1.965116 0.998042    
2 44 45 45 2 24 1.954632    1004 1.955556 1.000472    
2 46 47 47 2 25 1.939107    994 1.936170 0.998485    
2 48 49 49 2 26 1.925955    990 1.928571 1.001359    
2 50 51 51 2 27 1.916518    982 1.911765 0.997520    
2 52 53 53 2 28 1.901462    978 1.905660 1.002208    
2 54 55 55 2 29 1.885848    967 1.881818 0.997863    
2 56 57 57 2 30 1.873200    964 1.877193 1.002131    
2 58 59 59 2 31 1.865315    957 1.864407 0.999513    
2 60 61 61 2 32 1.841490    947 1.844262 1.001506    
2 62 64 63 2 33 1.825741    937 1.825397 0.999812    
2 65 67 66 2 34 1.812988    929 1.810606 0.998686    
2 68 70 69 2 35 1.799435    922 1.797101 0.998703    
2 71 73 72 2 36 1.780428    912 1.777778 0.998511    
2 74 76 75 2 37 1.774159    910 1.773333 0.999535    
2 77 79 78 2 38 1.758104    901 1.756410 0.999037    
2 80 82 81 2 39 1.741025    893 1.740741 0.999837    
2 83 85 84 2 40 1.734476    889 1.732143 0.998655    
2 86 88 87 2 41 1.719722    881 1.718391 0.999226    
2 89 91 90 2 42 1.716962    880 1.716667 0.999828    
2 92 94 93 2 43 1.708624    877 1.709677 1.000616    
2 95 97 96 2 44 1.696406    871 1.697917 1.000891    
2 98 100 99 2 45 1.689032    865 1.686869 0.998719    
2 101 103 102 2 46 1.675378    860 1.676471 1.000652    
2 104 109 107 2 47 1.667758    856 1.668224 1.000280    
2 110 115 113 2 48 1.663348    853 1.663717 1.000222    
2 116 121 119 2 49 1.646599    845 1.647059 1.000279    
2 122 127 125 2 50 1.638636    841 1.640000 1.000833    
2 128 133 131 2 51 1.626818    834 1.625954 0.999469    
2 134 139 137 2 52 1.614436    827 1.613139 0.999197    
2 140 145 143 2 53 1.602191    821 1.601399 0.999505    
2 146 151 149 2 54 1.592866    817 1.593960 1.000687    
2 152 157 155 2 55 1.588609    814 1.587097 0.999048    
2 158 163 161 2 56 1.581570    810 1.580745 0.999478    
2 164 169 167 2 57 1.575114    807 1.574850 0.999833    
2 170 175 173 2 58 1.573190    806 1.572254 0.999405    
2 176 181 179 2 59 1.567591    803 1.567039 0.999648    
2 182 187 185 2 60 1.564038    802 1.564865 1.000529    
2 188 193 191 2 61 1.562070    801 1.562827 1.000485    
2 194 254 224 2 62 1.537627    788 1.537946 1.000208    
2 255 255 255 2 63 1.542806    791 1.543137 1.000214    
3 0 0 0 3 0 1.000000    512 1.000000 1.000000       # ieta [4], pt 0
3 15 15 15 3 1 2.505645    17407 2.500000 0.997747    
3 16 16 16 3 2 2.452589    16383 2.437500 0.993848    
3 17 17 17 3 3 2.450016    17407 2.441176 0.996392    
3 18 18 18 3 4 2.416054    17407 2.416667 1.000254    
3 19 19 19 3 5 2.409495    18431 2.421053 1.004797    
3 20 20 20 3 6 2.370491    17407 2.375000 1.001902    
3 21 21 21 3 7 2.348840    17407 2.357143 1.003535    
3 22 22 22 3 8 2.328188    16383 2.318182 0.995702    
3 23 23 23 3 9 2.318077    17407 2.326087 1.003456    
3 24 24 24 3 10 2.296905    16383 2.291667 0.997719    
3 25 25 25 3 11 2.273845    16383 2.280000 1.002707    
3 26 26 26 3 12 2.263204    16383 2.269231 1.002663    
3 27 27 27 3 13 2.241690    15359 2.240741 0.999577    
3 28 28 28 3 14 2.218605    14335 2.214286 0.998053    
3 29 29 29 3 15 2.210154    14335 2.206897 0.998526    
3 30 30 30 3 16 2.166039    12287 2.166667 1.000290    
3 31 31 31 3 17 2.155316    12287 2.161290 1.002772    
3 32 33 33 3 18 2.127695    10239 2.121212 0.996953    
3 34 35 35 3 19 2.108029    10239 2.114286 1.002968    
3 36 37 37 3 20 2.056624    6143 2.054054 0.998750    
3 38 39 39 3 21 2.046657    6143 2.051282 1.002260    
3 40 41 41 3 22 2.021041    4095 2.024390 1.001657    
3 42 43 43 3 23 1.976544    1016 1.976744 1.000102    
3 44 45 45 3 24 1.963670    1010 1.966667 1.001526    
3 46 47 47 3 25 1.948503    1000 1.946809 0.999130    
3 48 49 49 3 26 1.935287    995 1.938776 1.001803    
3 50 51 51 3 27 1.925804    987 1.921569 0.997801    
3 52 53 53 3 28 1.910535    983 1.915094 1.002386    
3 54 55 55 3 29 1.895761    975 1.900000 1.002236    
3 56 57 57 3 30 1.886262    968 1.885965 0.999842    
3 58 59 59 3 31 1.879946    966 1.881356 1.000750    
3 60 61 61 3 32 1.856592    955 1.860656 1.002189    
3 62 64 63 3 33 1.840713    945 1.841270 1.000302    
3 65 67 66 3 34 1.827382    937 1.825758 0.999111    
3 68 70 69 3 35 1.812815    930 1.811594 0.999327    
3 71 73 72 3 36 1.793333    919 1.791667 0.999071    
3 74 76 75 3 37 1.787018    917 1.786667 0.999803    
3 77 79 78 3 38 1.770846    908 1.769231 0.999088    
3 80 82 81 3 39 1.753644    899 1.753086 0.999682    
3 83 85 84 3 40 1.747047    898 1.750000 1.001690    
3 86 88 87 3 41 1.731776    887 1.729885 0.998908    
3 89 91 90 3 42 1.728799    886 1.727778 0.999409    
3 92 94 93 3 43 1.719040    882 1.720430 1.000809    
3 95 97 96 3 44 1.705204    874 1.703125 0.998781    
3 98 100 99 3 45 1.697293    870 1.696970 0.999809    
3 101 103 102 3 46 1.682659    862 1.681373 0.999235    
3 104 109 107 3 47 1.674481    858 1.672897 0.999054    
3 110 115 113 3 48 1.668720    856 1.668142 0.999653    
3 116 121 119 3 49 1.653178    847 1.651261 0.998840    
3 122 127 125 3 50 1.642802    843 1.644000 1.000729    
3 128 133 131 3 51 1.628365    836 1.629771 1.000863    
3 134 139 137 3 52 1.615328    829 1.616788 1.000904    
3 140 145 143 3 53 1.602734    821 1.601399 0.999167    
3 146 151 149 3 54 1.593121    817 1.593960 1.000526    
3 152 157 155 3 55 1.588807    815 1.590323 1.000954    
3 158 163 161 3 56 1.581654    810 1.580745 0.999425    
3 164 169 167 3 57 1.575197    807 1.574850 0.999780    
3 170 175 173 3 58 1.573273    806 1.572254 0.999352    
3 176 181 179 3 59 1.567674    803 1.567039 0.999595    
3 182 187 185 3 60 1.564121    802 1.564865 1.000475    
3 188 193 191 3 61 1.562153    801 1.562827 1.000432    
3 194 254 224 3 62 1.537709    788 1.537946 1.000155    
3 255 255 255 3 63 1.542888    791 1.543137 1.000161    
4 0 0 0 4 0 1.000000    512 1.000000 1.000000       # ieta [5], pt 0
4 15 15 15 4 1 2.563898    19455 2.566667 1.001080    
4 16 16 16 4 2 2.486792    18431 2.500000 1.005311    
4 17 17 17 4 3 2.482013    18431 2.470588 0.995397    
4 18 18 18 4 4 2.438075    18431 2.444444 1.002613    
4 19 19 19 4 5 2.434292    19455 2.447368 1.005372    
4 20 20 20 4 6 2.398105    18431 2.400000 1.000790    
4 21 21 21 4 7 2.376069    18431 2.380952 1.002055    
4 22 22 22 4 8 2.351292    17407 2.340909 0.995584    
4 23 23 23 4 9 2.338486    18431 2.347826 1.003994    
4 24 24 24 4 10 2.317817    17407 2.312500 0.997706    
4 25 25 25 4 11 2.292731    17407 2.300000 1.003171    
4 26 26 26 4 12 2.282002    17407 2.288462 1.002831    
4 27 27 27 4 13 2.260309    16383 2.259259 0.999536    
4 28 28 28 4 14 2.237032    15359 2.232143 0.997815    
4 29 29 29 4 15 2.223947    15359 2.224138 1.000086    
4 30 30 30 4 16 2.180406    13311 2.183333 1.001343    
4 31 31 31 4 17 2.173617    13311 2.177419 1.001750    
4 32 33 33 4 18 2.143637    11263 2.136364 0.996607    
4 34 35 35 4 19 2.123250    11263 2.128571 1.002506    
4 36 37 37 4 20 2.075906    8191 2.081081 1.002493    
4 38 39 39 4 21 2.067260    7167 2.064103 0.998473    
4 40 41 41 4 22 2.042278    5119 2.036585 0.997212    
4 42 43 43 4 23 1.998269    2047 2.000000 1.000866    
4 44 45 45 4 24 1.984069    1021 1.988889 1.002429    
4 46 47 47 4 25 1.968559    1011 1.968085 0.999759    
4 48 49 49 4 26 1.954475    1006 1.959184 1.002409    
4 50 51 51 4 27 1.942002    996 1.941176 0.999575    
4 52 53 53 4 28 1.923936    988 1.924528 1.000308    
4 54 55 55 4 29 1.905925    980 1.909091 1.001661    
4 56 57 57 4 30 1.894860    973 1.894737 0.999935    
4 58 59 59 4 31 1.887574    970 1.889831 1.001195    
4 60 61 61 4 32 1.863555    955 1.860656 0.998444    
4 62 64 63 4 33 1.848011    949 1.849206 1.000647    
4 65 67 66 4 34 1.835264    941 1.833333 0.998948    
4 68 70 69 4 35 1.820951    933 1.818841 0.998841    
4 71 73 72 4 36 1.801382    923 1.798611 0.998462    
4 74 76 75 4 37 1.795039    920 1.793333 0.999050    
4 77 79 78 4 38 1.781035    914 1.782051 1.000571    
4 80 82 81 4 39 1.763933    906 1.765432 1.000850    
4 83 85 84 4 40 1.756852    901 1.755952 0.999488    
4 86 88 87 4 41 1.739924    893 1.741379 1.000836    
4 89 91 90 4 42 1.736933    892 1.738889 1.001126    
4 92 94 93 4 43 1.727293    885 1.725806 0.999139    
4 95 97 96 4 44 1.714192    879 1.713542 0.999621    
4 98 100 99 4 45 1.706579    876 1.707071 1.000288    
4 101 103 102 4 46 1.693918    870 1.696078 1.001275    
4 104 109 107 4 47 1.685205    865 1.686916 1.001015    
4 110 115 113 4 48 1.679946    862 1.681416 1.000875    
4 116 121 119 4 49 1.663913    853 1.663866 0.999972    
4 122 127 125 4 50 1.653359    847 1.652000 0.999178    
4 128 133 131 4 51 1.637574    840 1.637405 0.999897    
4 134 139 137 4 52 1.624462    833 1.624088 0.999769    
4 140 145 143 4 53 1.612807    827 1.611888 0.999430    
4 146 151 149 4 54 1.603637    822 1.604027 1.000243    
4 152 157 155 4 55 1.599010    820 1.600000 1.000619    
4 158 163 161 4 56 1.591243    815 1.590062 0.999258    
4 164 169 167 4 57 1.584654    812 1.583832 0.999481    
4 170 175 173 4 58 1.582626    812 1.583815 1.000751    
4 176 181 179 4 59 1.576994    809 1.578212 1.000773    
4 182 187 185 4 60 1.573420    806 1.572973 0.999716    
4 188 193 191 4 61 1.570483    805 1.570681 1.000126    
4 194 254 224 4 62 1.544557    791 1.544643 1.000055    
4 255 255 255 4 63 1.528629    784 1.529412 1.000512    
5 0 0 0 5 0 1.000000    512 1.000000 1.000000       # ieta [6], pt 0
5 15 15 15 5 1 2.606708    20479 2.600000 0.997427    
5 16 16 16 5 2 2.521554    19455 2.531250 1.003845    
5 17 17 17 5 3 2.511498    19455 2.500000 0.995422    
5 18 18 18 5 4 2.461200    19455 2.472222 1.004478    
5 19 19 19 5 5 2.454788    19455 2.447368 0.996977    
5 20 20 20 5 6 2.414895    19455 2.425000 1.004184    
5 21 21 21 5 7 2.393444    19455 2.404762 1.004729    
5 22 22 22 5 8 2.366773    18431 2.363636 0.998675    
5 23 23 23 5 9 2.348781    18431 2.347826 0.999594    
5 24 24 24 5 10 2.325476    18431 2.333333 1.003379    
5 25 25 25 5 11 2.300307    17407 2.300000 0.999867    
5 26 26 26 5 12 2.289542    17407 2.288462 0.999528    
5 27 27 27 5 13 2.267778    16383 2.259259 0.996244    
5 28 28 28 5 14 2.244424    16383 2.250000 1.002485    
5 29 29 29 5 15 2.229519    15359 2.224138 0.997586    
5 30 30 30 5 16 2.182551    13311 2.183333 1.000358    
5 31 31 31 5 17 2.175084    13311 2.177419 1.001074    
5 32 33 33 5 18 2.146617    12287 2.151515 1.002282    
5 34 35 35 5 19 2.127241    11263 2.128571 1.000625    
5 36 37 37 5 20 2.082710    8191 2.081081 0.999218    
5 38 39 39 5 21 2.072273    8191 2.076923 1.002244    
5 40 41 41 5 22 2.049778    6143 2.048780 0.999513    
5 42 43 43 5 23 2.008072    3071 2.011628 1.001771    
5 44 45 45 5 24 1.993803    1022 1.988889 0.997535    
5 46 47 47 5 25 1.978216    1016 1.978723 1.000256    
5 48 49 49 5 26 1.964833    1011 1.969388 1.002318    
5 50 51 51 5 27 1.952294    1001 1.950980 0.999327    
5 52 53 53 5 28 1.934132    993 1.933962 0.999912    
5 54 55 55 5 29 1.916324    985 1.918182 1.000970    
5 56 57 57 5 30 1.903406    977 1.903509 1.000054    
5 58 59 59 5 31 1.894288    974 1.898305 1.002120    
5 60 61 61 5 32 1.870183    959 1.868852 0.999288    
5 62 64 63 5 33 1.854585    953 1.857143 1.001379    
5 65 67 66 5 34 1.840795    945 1.840909 1.000062    
5 68 70 69 5 35 1.823834    937 1.826087 1.001235    
5 71 73 72 5 36 1.803826    926 1.805556 1.000959    
5 74 76 75 5 37 1.797474    924 1.800000 1.001405    
5 77 79 78 5 38 1.783451    914 1.782051 0.999215    
5 80 82 81 5 39 1.766326    906 1.765432 0.999494    
5 83 85 84 5 40 1.759236    904 1.761905 1.001517    
5 86 88 87 5 41 1.742285    893 1.741379 0.999480    
5 89 91 90 5 42 1.739290    892 1.738889 0.999770    
5 92 94 93 5 43 1.729637    888 1.731183 1.000894    
5 95 97 96 5 44 1.716518    881 1.718750 1.001300    
5 98 100 99 5 45 1.708895    876 1.707071 0.998933    
5 101 103 102 5 46 1.696216    870 1.696078 0.999919    
5 104 109 107 5 47 1.687492    865 1.686916 0.999659    
5 110 115 113 5 48 1.682063    862 1.681416 0.999615    
5 116 121 119 5 49 1.665207    853 1.663866 0.999194    
5 122 127 125 5 50 1.651313    847 1.652000 1.000416    
5 128 133 131 5 51 1.638005    840 1.637405 0.999634    
5 134 139 137 5 52 1.624890    833 1.624088 0.999506    
5 140 145 143 5 53 1.613232    827 1.611888 0.999167    
5 146 151 149 5 54 1.604060    822 1.604027 0.999980    
5 152 157 155 5 55 1.599431    820 1.600000 1.000356    
5 158 163 161 5 56 1.591661    817 1.593168 1.000946    
5 164 169 167 5 57 1.585071    812 1.583832 0.999218    
5 170 175 173 5 58 1.583043    812 1.583815 1.000488    
5 176 181 179 5 59 1.577027    809 1.578212 1.000752    
5 182 187 185 5 60 1.573834    806 1.572973 0.999453    
5 188 193 191 5 61 1.570896    805 1.570681 0.999863    
5 194 254 224 5 62 1.544964    791 1.544643 0.999792    
5 255 255 255 5 63 1.529031    784 1.529412 1.000249    
6 0 0 0 6 0 1.000000    512 1.000000 1.000000       # ieta [7], pt 0
6 15 15 15 6 1 2.606871    20479 2.600000 0.997364    
6 16 16 16 6 2 2.524706    19455 2.531250 1.002592    
6 17 17 17 6 3 2.514639    19455 2.500000 0.994179    
6 18 18 18 6 4 2.465219    19455 2.472222 1.002841    
6 19 19 19 6 5 2.458797    19455 2.447368 0.995352    
6 20 20 20 6 6 2.418838    19455 2.425000 1.002547    
6 21 21 21 6 7 2.398474    19455 2.404762 1.002622    
6 22 22 22 6 8 2.371747    18431 2.363636 0.996580    
6 23 23 23 6 9 2.353886    18431 2.347826 0.997426    
6 24 24 24 6 10 2.328361    18431 2.333333 1.002136    
6 25 25 25 6 11 2.303161    17407 2.300000 0.998628    
6 26 26 26 6 12 2.292383    17407 2.288462 0.998289    
6 27 27 27 6 13 2.270591    17407 2.277778 1.003165    
6 28 28 28 6 14 2.247209    16383 2.250000 1.001242    
6 29 29 29 6 15 2.232285    15359 2.224138 0.996350    
6 30 30 30 6 16 2.186569    13311 2.183333 0.998520    
6 31 31 31 6 17 2.178255    13311 2.177419 0.999616    
6 32 33 33 6 18 2.148741    12287 2.151515 1.001291    
6 34 35 35 6 19 2.129074    11263 2.128571 0.999764    
6 36 37 37 6 20 2.084237    8191 2.081081 0.998486    
6 38 39 39 6 21 2.073792    8191 2.076923 1.001510    
6 40 41 41 6 22 2.051281    6143 2.048780 0.998781    
6 42 43 43 6 23 2.008198    3071 2.011628 1.001708    
6 44 45 45 6 24 1.993927    1022 1.988889 0.997473    
6 46 47 47 6 25 1.978340    1016 1.978723 1.000194    
6 48 49 49 6 26 1.964956    1011 1.969388 1.002255    
6 50 51 51 6 27 1.952416    1001 1.950980 0.999265    
6 52 53 53 6 28 1.934253    993 1.933962 0.999850    
6 54 55 55 6 29 1.916443    985 1.918182 1.000907    
6 56 57 57 6 30 1.903525    977 1.903509 0.999992    
6 58 59 59 6 31 1.894406    974 1.898305 1.002058    
6 60 61 61 6 32 1.870300    959 1.868852 0.999226    
6 62 64 63 6 33 1.854700    953 1.857143 1.001317    
6 65 67 66 6 34 1.840910    945 1.840909 1.000000    
6 68 70 69 6 35 1.823948    937 1.826087 1.001173    
6 71 73 72 6 36 1.803939    926 1.805556 1.000896    
6 74 76 75 6 37 1.797586    924 1.800000 1.001343    
6 77 79 78 6 38 1.784859    914 1.782051 0.998427    
6 80 82 81 6 39 1.767720    906 1.765432 0.998705    
6 83 85 84 6 40 1.760870    904 1.761905 1.000588    
6 86 88 87 6 41 1.744393    896 1.747126 1.001567    
6 89 91 90 6 42 1.741394    892 1.738889 0.998561    
6 92 94 93 6 43 1.731730    888 1.731183 0.999684    
6 95 97 96 6 44 1.718595    881 1.718750 1.000090    
6 98 100 99 6 45 1.710963    878 1.712121 1.000677    
6 101 103 102 6 46 1.698269    870 1.696078 0.998710    
6 104 109 107 6 47 1.688717    865 1.686916 0.998934    
6 110 115 113 6 48 1.682875    862 1.681416 0.999133    
6 116 121 119 6 49 1.666011    856 1.668067 1.001234    
6 122 127 125 6 50 1.654646    849 1.656000 1.000818    
6 128 133 131 6 51 1.638796    840 1.637405 0.999151    
6 134 139 137 6 52 1.625674    833 1.624088 0.999024    
6 140 145 143 6 53 1.614010    828 1.615385 1.000851    
6 146 151 149 6 54 1.604834    822 1.604027 0.999497    
6 152 157 155 6 55 1.600203    820 1.600000 0.999873    
6 158 163 161 6 56 1.592430    817 1.593168 1.000463    
6 164 169 167 6 57 1.585837    813 1.586826 1.000624    
6 170 175 173 6 58 1.583807    812 1.583815 1.000005    
6 176 181 179 6 59 1.577346    809 1.578212 1.000549    
6 182 187 185 6 60 1.573932    806 1.572973 0.999391    
6 188 193 191 6 61 1.570994    805 1.570681 0.999801    
6 194 254 224 6 62 1.545060    791 1.544643 0.999730    
6 255 255 255 6 63 1.529127    784 1.529412 1.000187    
7 0 0 0 7 0 1.000000    512 1.000000 1.000000       # ieta [8], pt 0
7 15 15 15 7 1 2.606871    20479 2.600000 0.997364    
7 16 16 16 7 2 2.524706    19455 2.531250 1.002592    
7 17 17 17 7 3 2.514639    19455 2.500000 0.994179    
7 18 18 18 7 4 2.467425    19455 2.472222 1.001944    
7 19 19 19 7 5 2.460998    20479 2.473684 1.005155    
7 20 20 20 7 6 2.421003    19455 2.425000 1.001651    
7 21 21 21 7 7 2.398326    19455 2.404762 1.002683    
7 22 22 22 7 8 2.373870    18431 2.363636 0.995689    
7 23 23 23 7 9 2.355992    18431 2.347826 0.996534    
7 24 24 24 7 10 2.330445    18431 2.333333 1.001239    
7 25 25 25 7 11 2.305222    17407 2.300000 0.997735    
7 26 26 26 7 12 2.294435    17407 2.288462 0.997397    
7 27 27 27 7 13 2.272623    17407 2.277778 1.002268    
7 28 28 28 7 14 2.247209    16383 2.250000 1.001242    
7 29 29 29 7 15 2.234555    16383 2.241379 1.003054    
7 30 30 30 7 16 2.188791    13311 2.183333 0.997506    
7 31 31 31 7 17 2.180469    13311 2.177419 0.998601    
7 32 33 33 7 18 2.150925    12287 2.151515 1.000274    
7 34 35 35 7 19 2.131238    11263 2.128571 0.998749    
7 36 37 37 7 20 2.086355    8191 2.081081 0.997472    
7 38 39 39 7 21 2.075900    8191 2.076923 1.000493    
7 40 41 41 7 22 2.053366    6143 2.048780 0.997767    
7 42 43 43 7 23 2.008198    3071 2.011628 1.001708    
7 44 45 45 7 24 1.993927    1022 1.988889 0.997473    
7 46 47 47 7 25 1.978340    1016 1.978723 1.000194    
7 48 49 49 7 26 1.964956    1011 1.969388 1.002255    
7 50 51 51 7 27 1.952416    1001 1.950980 0.999265    
7 52 53 53 7 28 1.934253    993 1.933962 0.999850    
7 54 55 55 7 29 1.917992    985 1.918182 1.000099    
7 56 57 57 7 30 1.906609    978 1.903509 0.998374    
7 58 59 59 7 31 1.897475    974 1.898305 1.000437    
7 60 61 61 7 32 1.873330    964 1.877049 1.001985    
7 62 64 63 7 33 1.857705    953 1.857143 0.999697    
7 65 67 66 7 34 1.843892    945 1.840909 0.998382    
7 68 70 69 7 35 1.827195    937 1.826087 0.999393    
7 71 73 72 7 36 1.807732    926 1.805556 0.998796    
7 74 76 75 7 37 1.801367    924 1.800000 0.999241    
7 77 79 78 7 38 1.788613    917 1.788462 0.999916    
7 80 82 81 7 39 1.771438    909 1.771605 1.000094    
7 83 85 84 7 40 1.764573    904 1.761905 0.998488    
7 86 88 87 7 41 1.748576    896 1.747126 0.999171    
7 89 91 90 7 42 1.743838    895 1.744444 1.000348    
7 92 94 93 7 43 1.731730    888 1.731183 0.999684    
7 95 97 96 7 44 1.718595    881 1.718750 1.000090    
7 98 100 99 7 45 1.710963    878 1.712121 1.000677    
7 101 103 102 7 46 1.698269    870 1.696078 0.998710    
7 104 109 107 7 47 1.688717    865 1.686916 0.998934    
7 110 115 113 7 48 1.682875    862 1.681416 0.999133    
7 116 121 119 7 49 1.666011    856 1.668067 1.001234    
7 122 127 125 7 50 1.654646    849 1.656000 1.000818    
7 128 133 131 7 51 1.638796    840 1.637405 0.999151    
7 134 139 137 7 52 1.625674    833 1.624088 0.999024    
7 140 145 143 7 53 1.614010    828 1.615385 1.000851    
7 146 151 149 7 54 1.604834    822 1.604027 0.999497    
7 152 157 155 7 55 1.600203    820 1.600000 0.999873    
7 158 163 161 7 56 1.592430    817 1.593168 1.000463    
7 164 169 167 7 57 1.585837    813 1.586826 1.000624    
7 170 175 173 7 58 1.583807    812 1.583815 1.000005    
7 176 181 179 7 59 1.577346    809 1.578212 1.000549    
7 182 187 185 7 60 1.573932    806 1.572973 0.999391    
7 188 193 191 7 61 1.570994    805 1.570681 0.999801    
7 194 254 224 7 62 1.544979    791 1.544643 0.999783    
7 255 255 255 7 63 1.525831    782 1.525490 0.999776    
8 0 0 0 8 0 1.000000    512 1.000000 1.000000       # ieta [9], pt 0
8 15 15 15 8 1 2.608985    20479 2.600000 0.996556    
8 16 16 16 8 2 2.527528    19455 2.531250 1.001472    
8 17 17 17 8 3 2.522459    20479 2.529412 1.002756    
8 18 18 18 8 4 2.478231    19455 2.472222 0.997576    
8 19 19 19 8 5 2.471487    20479 2.473684 1.000889    
8 20 20 20 8 6 2.443166    20479 2.450000 1.002797    
8 21 21 21 8 7 2.417501    20479 2.428571 1.004579    
8 22 22 22 8 8 2.392850    19455 2.386364 0.997289    
8 23 23 23 8 9 2.374829    19455 2.369565 0.997784    
8 24 24 24 8 10 2.350028    19455 2.354167 1.001761    
8 25 25 25 8 11 2.324593    18431 2.320000 0.998024    
8 26 26 26 8 12 2.312993    18431 2.307692 0.997708    
8 27 27 27 8 13 2.300821    18431 2.296296 0.998034    
8 28 28 28 8 14 2.281227    18431 2.285714 1.001967    
8 29 29 29 8 15 2.264446    17407 2.258621 0.997427    
8 30 30 30 8 16 2.218215    15359 2.216667 0.999302    
8 31 31 31 8 17 2.209781    15359 2.209677 0.999953    
8 32 33 33 8 18 2.181649    14335 2.181818 1.000078    
8 34 35 35 8 19 2.161573    13311 2.157143 0.997951    
8 36 37 37 8 20 2.110506    10239 2.108108 0.998864    
8 38 39 39 8 21 2.097502    10239 2.102564 1.002413    
8 40 41 41 8 22 2.069099    8191 2.073171 1.001968    
8 42 43 43 8 23 2.025160    4095 2.023256 0.999060    
8 44 45 45 8 24 2.008926    3071 2.011111 1.001088    
8 46 47 47 8 25 1.988529    1021 1.989362 1.000419    
8 48 49 49 8 26 1.974124    1012 1.969388 0.997601    
8 50 51 51 8 27 1.957750    1006 1.960784 1.001550    
8 52 53 53 8 28 1.938312    994 1.933962 0.997756    
8 54 55 55 8 29 1.922811    989 1.927273 1.002320    
8 56 57 57 8 30 1.910894    982 1.912281 1.000726    
8 58 59 59 8 31 1.901740    975 1.898305 0.998194    
8 60 61 61 8 32 1.877363    964 1.877049 0.999833    
8 62 64 63 8 33 1.861528    957 1.865079 1.001908    
8 65 67 66 8 34 1.847687    949 1.848485 1.000432    
8 68 70 69 8 35 1.830041    941 1.833333 1.001799    
8 71 73 72 8 36 1.809711    930 1.812500 1.001541    
8 74 76 75 8 37 1.802576    924 1.800000 0.998571    
8 77 79 78 8 38 1.788741    917 1.788462 0.999844    
8 80 82 81 8 39 1.771566    909 1.771605 1.000022    
8 83 85 84 8 40 1.764700    904 1.761905 0.998416    
8 86 88 87 8 41 1.748702    896 1.747126 0.999099    
8 89 91 90 8 42 1.743964    895 1.744444 1.000276    
8 92 94 93 8 43 1.731854    888 1.731183 0.999612    
8 95 97 96 8 44 1.718718    881 1.718750 1.000018    
8 98 100 99 8 45 1.711086    878 1.712121 1.000605    
8 101 103 102 8 46 1.698391    870 1.696078 0.998638    
8 104 109 107 8 47 1.688838    865 1.686916 0.998862    
8 110 115 113 8 48 1.682997    862 1.681416 0.999061    
8 116 121 119 8 49 1.666131    856 1.668067 1.001162    
8 122 127 125 8 50 1.654766    849 1.656000 1.000746    
8 128 133 131 8 51 1.639416    842 1.641221 1.001101    
8 134 139 137 8 52 1.626790    835 1.627737 1.000582    
8 140 145 143 8 53 1.615118    828 1.615385 1.000165    
8 146 151 149 8 54 1.605936    824 1.607383 1.000901    
8 152 157 155 8 55 1.601301    820 1.600000 0.999187    
8 158 163 161 8 56 1.593523    817 1.593168 0.999777    
8 164 169 167 8 57 1.586925    813 1.586826 0.999938    
8 170 175 173 8 58 1.584894    812 1.583815 0.999319    
8 176 181 179 8 59 1.578429    809 1.578212 0.999863    
8 182 187 185 8 60 1.575012    808 1.575676 1.000421    
8 188 193 191 8 61 1.572072    806 1.573298 1.000780    
8 194 254 224 8 62 1.546039    793 1.546875 1.000541    
8 255 255 255 8 63 1.526879    783 1.527451 1.000375    
9 0 0 0 9 0 1.000000    512 1.000000 1.000000       # ieta [10], pt 0
9 15 15 15 9 1 2.708712    23551 2.700000 0.996784    
9 16 16 16 9 2 2.627532    22527 2.625000 0.999036    
9 17 17 17 9 3 2.621990    23551 2.617647 0.998343    
9 18 18 18 9 4 2.585002    23551 2.583333 0.999355    
9 19 19 19 9 5 2.565950    24575 2.578947 1.005065    
9 20 20 20 9 6 2.506430    22527 2.500000 0.997435    
9 21 21 21 9 7 2.464368    22527 2.476190 1.004797    
9 22 22 22 9 8 2.441316    21503 2.431818 0.996109    
9 23 23 23 9 9 2.419325    21503 2.413043 0.997403    
9 24 24 24 9 10 2.394060    21503 2.395833 1.000741    
9 25 25 25 9 11 2.364948    20479 2.360000 0.997908    
9 26 26 26 9 12 2.345273    20479 2.346154 1.000375    
9 27 27 27 9 13 2.309347    19455 2.314815 1.002368    
9 28 28 28 9 14 2.292006    18431 2.285714 0.997255    
9 29 29 29 9 15 2.274126    18431 2.275862 1.000763    
9 30 30 30 9 16 2.228523    16383 2.233333 1.002159    
9 31 31 31 9 17 2.220050    16383 2.225806 1.002593    
9 32 33 33 9 18 2.198366    15359 2.196970 0.999365    
9 34 35 35 9 19 2.183626    15359 2.185714 1.000956    
9 36 37 37 9 20 2.142867    13311 2.148649 1.002698    
9 38 39 39 9 21 2.132393    12287 2.128205 0.998036    
9 40 41 41 9 22 2.108124    11263 2.109756 1.000774    
9 42 43 43 9 23 2.068401    8191 2.069767 1.000661    
9 44 45 45 9 24 2.053255    7167 2.055556 1.001120    
9 46 47 47 9 25 2.035455    5119 2.031915 0.998261    
9 48 49 49 9 26 2.016519    4095 2.020408 1.001929    
9 50 51 51 9 27 1.998475    2047 2.000000 1.000763    
9 52 53 53 9 28 1.973781    1012 1.971698 0.998945    
9 54 55 55 9 29 1.954534    1003 1.954545 1.000006    
9 56 57 57 9 30 1.940661    995 1.938596 0.998936    
9 58 59 59 9 31 1.930541    992 1.932203 1.000861    
9 60 61 61 9 32 1.907992    980 1.909836 1.000967    
9 62 64 63 9 33 1.892626    970 1.888889 0.998025    
9 65 67 66 9 34 1.879496    964 1.878788 0.999623    
9 68 70 69 9 35 1.858779    956 1.862319 1.001904    
9 71 73 72 9 36 1.842600    944 1.840278 0.998740    
9 74 76 75 9 37 1.836415    941 1.833333 0.998322    
9 77 79 78 9 38 1.820576    934 1.820513 0.999965    
9 80 82 81 9 39 1.804892    925 1.802469 0.998658    
9 83 85 84 9 40 1.796977    922 1.797619 1.000357    
9 86 88 87 9 41 1.780471    914 1.781609 1.000639    
9 89 91 90 9 42 1.774086    909 1.772222 0.998949    
9 92 94 93 9 43 1.759647    902 1.758065 0.999101    
9 95 97 96 9 44 1.745681    895 1.744792 0.999491    
9 98 100 99 9 45 1.738292    891 1.737374 0.999472    
9 101 103 102 9 46 1.734250    890 1.735294 1.000602    
9 104 109 107 9 47 1.724357    884 1.724299 0.999967    
9 110 115 113 9 48 1.718152    881 1.716814 0.999222    
9 116 121 119 9 49 1.700274    873 1.701681 1.000828    
9 122 127 125 9 50 1.687057    866 1.688000 1.000559    
9 128 133 131 9 51 1.669130    855 1.667939 0.999287    
9 134 139 137 9 52 1.660402    852 1.660584 1.000110    
9 140 145 143 9 53 1.647287    844 1.646853 0.999737    
9 146 151 149 9 54 1.637214    840 1.637584 1.000226    
9 152 157 155 9 55 1.631800    837 1.632258 1.000281    
9 158 163 161 9 56 1.623610    833 1.624224 1.000378    
9 164 169 167 9 57 1.616888    829 1.616766 0.999925    
9 170 175 173 9 58 1.614489    828 1.615607 1.000693    
9 176 181 179 9 59 1.607837    825 1.608939 1.000685    
9 182 187 185 9 60 1.604357    823 1.605405 1.000653    
9 188 193 191 9 61 1.600556    820 1.599476 0.999326    
9 194 254 224 9 62 1.574781    807 1.575893 1.000706    
9 255 255 255 9 63 1.555546    797 1.554902 0.999586    
10 0 0 0 10 0 1.000000    512 1.000000 1.000000       # ieta [11], pt 0
10 15 15 15 10 1 2.732350    24575 2.733333 1.000360    
10 16 16 16 10 2 2.662944    23551 2.656250 0.997486    
10 17 17 17 10 3 2.659470    24575 2.647059 0.995333    
10 18 18 18 10 4 2.625203    25599 2.638889 1.005213    
10 19 19 19 10 5 2.619445    26623 2.631579 1.004632    
10 20 20 20 10 6 2.559380    24575 2.550000 0.996335    
10 21 21 21 10 7 2.503287    23551 2.500000 0.998687    
10 22 22 22 10 8 2.490122    24575 2.500000 1.003967    
10 23 23 23 10 9 2.467291    23551 2.456522 0.995635    
10 24 24 24 10 10 2.443050    23551 2.437500 0.997728    
10 25 25 25 10 11 2.403805    22527 2.400000 0.998417    
10 26 26 26 10 12 2.390176    22527 2.384615 0.997674    
10 27 27 27 10 13 2.350083    21503 2.351852 1.000752    
10 28 28 28 10 14 2.319996    20479 2.321429 1.000618    
10 29 29 29 10 15 2.304176    20479 2.310345 1.002677    
10 30 30 30 10 16 2.259887    18431 2.266667 1.003000    
10 31 31 31 10 17 2.253416    18431 2.258065 1.002063    
10 32 33 33 10 18 2.224172    17407 2.227273 1.001394    
10 34 35 35 10 19 2.201387    16383 2.200000 0.999370    
10 36 37 37 10 20 2.157096    14335 2.162162 1.002349    
10 38 39 39 10 21 2.143825    13311 2.141026 0.998694    
10 40 41 41 10 22 2.117493    12287 2.121951 1.002106    
10 42 43 43 10 23 2.073576    8191 2.069767 0.998163    
10 44 45 45 10 24 2.054226    7167 2.055556 1.000647    
10 46 47 47 10 25 2.035455    5119 2.031915 0.998261    
10 48 49 49 10 26 2.016519    4095 2.020408 1.001929    
10 50 51 51 10 27 1.998475    2047 2.000000 1.000763    
10 52 53 53 10 28 1.973781    1012 1.971698 0.998945    
10 54 55 55 10 29 1.954534    1003 1.954545 1.000006    
10 56 57 57 10 30 1.940661    995 1.938596 0.998936    
10 58 59 59 10 31 1.930541    992 1.932203 1.000861    
10 60 61 61 10 32 1.907992    980 1.909836 1.000967    
10 62 64 63 10 33 1.892626    970 1.888889 0.998025    
10 65 67 66 10 34 1.881813    964 1.878788 0.998392    
10 68 70 69 10 35 1.864485    956 1.862319 0.998838    
10 71 73 72 10 36 1.848832    948 1.847222 0.999129    
10 74 76 75 10 37 1.843239    944 1.840000 0.998243    
10 77 79 78 10 38 1.828230    937 1.826923 0.999285    
10 80 82 81 10 39 1.813289    931 1.814815 1.000841    
10 83 85 84 10 40 1.805337    925 1.803571 0.999022    
10 86 88 87 10 41 1.788755    917 1.787356 0.999218    
10 89 91 90 10 42 1.782340    915 1.783333 1.000557    
10 92 94 93 10 43 1.767834    907 1.768817 1.000556    
10 95 97 96 10 44 1.753803    900 1.755208 1.000801    
10 98 100 99 10 45 1.746379    896 1.747475 1.000627    
10 101 103 102 10 46 1.742318    893 1.740196 0.998782    
10 104 109 107 10 47 1.732379    889 1.733645 1.000731    
10 110 115 113 10 48 1.726477    885 1.725664 0.999529    
10 116 121 119 10 49 1.709504    877 1.710084 1.000339    
10 122 127 125 10 50 1.696450    870 1.696000 0.999735    
10 128 133 131 10 51 1.679314    861 1.679389 1.000045    
10 134 139 137 10 52 1.669736    857 1.671533 1.001076    
10 140 145 143 10 53 1.656066    850 1.657343 1.000771    
10 146 151 149 10 54 1.644892    843 1.644295 0.999637    
10 152 157 155 10 55 1.637875    840 1.638710 1.000510    
10 158 163 161 10 56 1.629655    836 1.630435 1.000479    
10 164 169 167 10 57 1.621413    832 1.622754 1.000827    
10 170 175 173 10 58 1.620799    831 1.621387 1.000363    
10 176 181 179 10 59 1.614122    828 1.614525 1.000250    
10 182 187 185 10 60 1.610627    826 1.610811 1.000114    
10 188 193 191 10 61 1.606812    824 1.607330 1.000323    
10 194 254 224 10 62 1.582886    811 1.582589 0.999812    
10 255 255 255 10 63 1.563981    802 1.564706 1.000463    
11 0 0 0 11 0 1.000000    512 1.000000 1.000000       # ieta [12], pt 0
11 15 15 15 11 1 2.760552    25599 2.766667 1.002215    
11 16 16 16 11 2 2.705978    25599 2.718750 1.004720    
11 17 17 17 11 3 2.698081    26623 2.705882 1.002891    
11 18 18 18 11 4 2.659627    26623 2.666667 1.002647    
11 19 19 19 11 5 2.656863    27647 2.657895 1.000388    
11 20 20 20 11 6 2.605840    26623 2.600000 0.997759    
11 21 21 21 11 7 2.548315    25599 2.547619 0.999727    
11 22 22 22 11 8 2.531937    25599 2.522727 0.996363    
11 23 23 23 11 9 2.500585    25599 2.500000 0.999766    
11 24 24 24 11 10 2.471912    25599 2.479167 1.002935    
11 25 25 25 11 11 2.432447    24575 2.440000 1.003105    
11 26 26 26 11 12 2.418656    24575 2.423077 1.001828    
11 27 27 27 11 13 2.378086    22527 2.370370 0.996755    
11 28 28 28 11 14 2.345104    21503 2.339286 0.997519    
11 29 29 29 11 15 2.325499    21503 2.327586 1.000898    
11 30 30 30 11 16 2.279133    19455 2.283333 1.001843    
11 31 31 31 11 17 2.274641    19455 2.274194 0.999803    
11 32 33 33 11 18 2.246871    18431 2.242424 0.998021    
11 34 35 35 11 19 2.223853    18431 2.228571 1.002122    
11 36 37 37 11 20 2.182086    15359 2.175676 0.997062    
11 38 39 39 11 21 2.168594    15359 2.166667 0.999111    
11 40 41 41 11 22 2.144897    14335 2.146341 1.000674    
11 42 43 43 11 23 2.100013    11263 2.104651 1.002209    
11 44 45 45 11 24 2.079653    9215 2.077778 0.999098    
11 46 47 47 11 25 2.061965    8191 2.063830 1.000904    
11 48 49 49 11 26 2.044123    6143 2.040816 0.998382    
11 50 51 51 11 27 2.026417    5119 2.029412 1.001478    
11 52 53 53 11 28 2.003876    2047 2.000000 0.998066    
11 54 55 55 11 29 1.986216    1018 1.981818 0.997786    
11 56 57 57 11 30 1.972887    1013 1.973684 1.000404    
11 58 59 59 11 31 1.963372    1009 1.966102 1.001390    
11 60 61 61 11 32 1.938861    997 1.942623 1.001940    
11 62 64 63 11 33 1.919882    986 1.920635 1.000392    
11 65 67 66 11 34 1.906985    980 1.909091 1.001104    
11 68 70 69 11 35 1.888214    971 1.891304 1.001637    
11 71 73 72 11 36 1.869177    958 1.868056 0.999400    
11 74 76 75 11 37 1.864193    958 1.866667 1.001327    
11 77 79 78 11 38 1.845827    947 1.846154 1.000177    
11 80 82 81 11 39 1.830742    940 1.833333 1.001415    
11 83 85 84 11 40 1.822714    934 1.821429 0.999295    
11 86 88 87 11 41 1.805971    925 1.804598 0.999239    
11 89 91 90 11 42 1.799495    923 1.800000 1.000281    
11 92 94 93 11 43 1.784131    915 1.784946 1.000457    
11 95 97 96 11 44 1.768534    908 1.770833 1.001300    
11 98 100 99 11 45 1.762330    904 1.762626 1.000168    
11 101 103 102 11 46 1.755666    900 1.754902 0.999565    
11 104 109 107 11 47 1.744707    894 1.742991 0.999016    
11 110 115 113 11 48 1.739073    892 1.738938 0.999922    
11 116 121 119 11 49 1.723076    884 1.722689 0.999776    
11 122 127 125 11 50 1.709918    876 1.708000 0.998879    
11 128 133 131 11 51 1.692646    867 1.690840 0.998933    
11 134 139 137 11 52 1.682991    863 1.682482 0.999697    
11 140 145 143 11 53 1.669213    855 1.667832 0.999173    
11 146 151 149 11 54 1.658658    850 1.657718 0.999434    
11 152 157 155 11 55 1.651009    847 1.651613 1.000366    
11 158 163 161 11 56 1.642548    842 1.642857 1.000188    
11 164 169 167 11 57 1.634095    838 1.634731 1.000389    
11 170 175 173 11 58 1.633330    837 1.632948 0.999766    
11 176 181 179 11 59 1.626601    833 1.625698 0.999445    
11 182 187 185 11 60 1.623080    833 1.624324 1.000767    
11 188 193 191 11 61 1.619136    830 1.620419 1.000792    
11 194 254 224 11 62 1.596077    818 1.595982 0.999940    
11 255 255 255 11 63 1.577677    809 1.578431 1.000478    
12 0 0 0 12 0 1.000000    512 1.000000 1.000000       # ieta [13], pt 0
12 15 15 15 12 1 2.895083    29695 2.900000 1.001698    
12 16 16 16 12 2 2.804647    28671 2.812500 1.002800    
12 17 17 17 12 3 2.792213    29695 2.794118 1.000682    
12 18 18 18 12 4 2.733702    28671 2.722222 0.995801    
12 19 19 19 12 5 2.725772    30719 2.736842 1.004061    
12 20 20 20 12 6 2.686682    29695 2.675000 0.995652    
12 21 21 21 12 7 2.610190    28671 2.619048 1.003394    
12 22 22 22 12 8 2.611024    29695 2.613636 1.001001    
12 23 23 23 12 9 2.578015    29695 2.586957 1.003469    
12 24 24 24 12 10 2.545910    28671 2.541667 0.998333    
12 25 25 25 12 11 2.505264    27647 2.500000 0.997899    
12 26 26 26 12 12 2.491060    28671 2.500000 1.003589    
12 27 27 27 12 13 2.449276    26623 2.444444 0.998027    
12 28 28 28 12 14 2.415306    25599 2.410714 0.998099    
12 29 29 29 12 15 2.387899    24575 2.379310 0.996403    
12 30 30 30 12 16 2.337940    22527 2.333333 0.998029    
12 31 31 31 12 17 2.334407    23551 2.338710 1.001843    
12 32 33 33 12 18 2.301140    22527 2.303030 1.000822    
12 34 35 35 12 19 2.272299    21503 2.271429 0.999617    
12 36 37 37 12 20 2.224367    19455 2.229730 1.002411    
12 38 39 39 12 21 2.206743    18431 2.205128 0.999268    
12 40 41 41 12 22 2.183392    17407 2.182927 0.999787    
12 42 43 43 12 23 2.134615    14335 2.139535 1.002305    
12 44 45 45 12 24 2.110265    12287 2.111111 1.000401    
12 46 47 47 12 25 2.092357    11263 2.095745 1.001619    
12 48 49 49 12 26 2.074829    9215 2.071429 0.998361    
12 50 51 51 12 27 2.056335    8191 2.058824 1.001210    
12 52 53 53 12 28 2.029416    5119 2.028302 0.999451    
12 54 55 55 12 29 2.003962    2047 2.000000 0.998023    
12 56 57 57 12 30 1.989139    1022 1.991228 1.001050    
12 58 59 59 12 31 1.980449    1018 1.983051 1.001314    
12 60 61 61 12 32 1.956300    1006 1.959016 1.001389    
12 62 64 63 12 33 1.938079    994 1.936508 0.999189    
12 65 67 66 12 34 1.924572    988 1.924242 0.999829    
12 68 70 69 12 35 1.905138    978 1.905797 1.000346    
12 71 73 72 12 36 1.885055    966 1.881944 0.998350    
12 74 76 75 12 37 1.880028    964 1.880000 0.999985    
12 77 79 78 12 38 1.861799    954 1.858974 0.998483    
12 80 82 81 12 39 1.847165    947 1.845679 0.999196    
12 83 85 84 12 40 1.839524    943 1.839286 0.999871    
12 86 88 87 12 41 1.825643    937 1.827586 1.001064    
12 89 91 90 12 42 1.819097    932 1.816667 0.998664    
12 92 94 93 12 43 1.802450    924 1.801075 0.999237    
12 95 97 96 12 44 1.786137    916 1.786458 1.000180    
12 98 100 99 12 45 1.779871    912 1.777778 0.998824    
12 101 103 102 12 46 1.773141    910 1.774510 1.000772    
12 104 109 107 12 47 1.762073    903 1.761682 0.999778    
12 110 115 113 12 48 1.756383    901 1.756637 1.000145    
12 116 121 119 12 49 1.740226    892 1.739496 0.999580    
12 122 127 125 12 50 1.727398    886 1.728000 1.000348    
12 128 133 131 12 51 1.712260    879 1.713740 1.000865    
12 134 139 137 12 52 1.703262    874 1.704380 1.000656    
12 140 145 143 12 53 1.689318    866 1.688811 0.999700    
12 146 151 149 12 54 1.678635    860 1.677852 0.999534    
12 152 157 155 12 55 1.670895    857 1.670968 1.000043    
12 158 163 161 12 56 1.662332    852 1.661491 0.999494    
12 164 169 167 12 57 1.652997    847 1.652695 0.999817    
12 170 175 173 12 58 1.652223    847 1.653179 1.000579    
12 176 181 179 12 59 1.644979    843 1.645251 1.000166    
12 182 187 185 12 60 1.640980    841 1.640541 0.999732    
12 188 193 191 12 61 1.636992    839 1.636126 0.999471    
12 194 254 224 12 62 1.614478    827 1.613839 0.999605    
12 255 255 255 12 63 1.596125    818 1.596078 0.999971    
13 0 0 0 13 0 1.000000    512 1.000000 1.000000       # ieta [14], pt 0
13 15 15 15 13 1 2.921437    30719 2.933333 1.004072    
13 16 16 16 13 2 2.857340    29695 2.843750 0.995244    
13 17 17 17 13 3 2.833285    30719 2.823529 0.996557    
13 18 18 18 13 4 2.773574    30719 2.777778 1.001516    
13 19 19 19 13 5 2.761063    31743 2.763158 1.000759    
13 20 20 20 13 6 2.722674    31743 2.725000 1.000854    
13 21 21 21 13 7 2.669192    30719 2.666667 0.999054    
13 22 22 22 13 8 2.661611    31743 2.659091 0.999053    
13 23 23 23 13 9 2.623412    31743 2.630435 1.002677    
13 24 24 24 13 10 2.590742    30719 2.583333 0.997140    
13 25 25 25 13 11 2.549380    29695 2.540000 0.996321    
13 26 26 26 13 12 2.535793    30719 2.538462 1.001052    
13 27 27 27 13 13 2.493258    29695 2.500000 1.002704    
13 28 28 28 13 14 2.459139    28671 2.464286 1.002093    
13 29 29 29 13 15 2.431235    27647 2.431034 0.999918    
13 30 30 30 13 16 2.379424    25599 2.383333 1.001643    
13 31 31 31 13 17 2.375828    25599 2.370968 0.997954    
13 32 33 33 13 18 2.339266    24575 2.333333 0.997464    
13 34 35 35 13 19 2.307708    24575 2.314286 1.002850    
13 36 37 37 13 20 2.258791    21503 2.256757 0.999099    
13 38 39 39 13 21 2.240133    21503 2.243590 1.001543    
13 40 41 41 13 22 2.216496    20479 2.219512 1.001361    
13 42 43 43 13 23 2.169373    17407 2.174419 1.002326    
13 44 45 45 13 24 2.146601    15359 2.144444 0.998995    
13 46 47 47 13 25 2.129937    14335 2.127660 0.998931    
13 48 49 49 13 26 2.113380    13311 2.112245 0.999463    
13 50 51 51 13 27 2.094543    12287 2.098039 1.001669    
13 52 53 53 13 28 2.069156    9215 2.066038 0.998493    
13 54 55 55 13 29 2.043264    7167 2.045455 1.001072    
13 56 57 57 13 30 2.031135    6143 2.035088 1.001946    
13 58 59 59 13 31 2.024676    5119 2.025424 1.000369    
13 60 61 61 13 32 1.996576    2046 2.000000 1.001715    
13 62 64 63 13 33 1.978167    1014 1.976190 0.999001    
13 65 67 66 13 34 1.968036    1011 1.969697 1.000844    
13 68 70 69 13 35 1.949982    1000 1.949275 0.999638    
13 71 73 72 13 36 1.929400    990 1.930556 1.000599    
13 74 76 75 13 37 1.924202    988 1.926667 1.001281    
13 77 79 78 13 38 1.905544    977 1.903846 0.999109    
13 80 82 81 13 39 1.890566    969 1.888889 0.999113    
13 83 85 84 13 40 1.882746    965 1.880952 0.999047    
13 86 88 87 13 41 1.867127    958 1.867816 1.000369    
13 89 91 90 13 42 1.860431    954 1.861111 1.000365    
13 92 94 93 13 43 1.843345    946 1.844086 1.000402    
13 95 97 96 13 44 1.826537    937 1.828125 1.000869    
13 98 100 99 13 45 1.820129    932 1.818182 0.998930    
13 101 103 102 13 46 1.813247    930 1.813725 1.000264    
13 104 109 107 13 47 1.801928    925 1.803738 1.001004    
13 110 115 113 13 48 1.796110    921 1.796460 1.000195    
13 116 121 119 13 49 1.778929    911 1.777311 0.999090    
13 122 127 125 13 50 1.766617    907 1.768000 1.000783    
13 128 133 131 13 51 1.751841    898 1.751908 1.000039    
13 134 139 137 13 52 1.742636    893 1.740876 0.998990    
13 140 145 143 13 53 1.728703    886 1.727273 0.999173    
13 146 151 149 13 54 1.718232    881 1.718121 0.999935    
13 152 157 155 13 55 1.709530    877 1.709677 1.000086    
13 158 163 161 13 56 1.700033    871 1.698758 0.999250    
13 164 169 167 13 57 1.691291    867 1.691617 1.000193    
13 170 175 173 13 58 1.690499    867 1.690751 1.000150    
13 176 181 179 13 59 1.682168    862 1.681564 0.999641    
13 182 187 185 13 60 1.677894    860 1.678378 1.000289    
13 188 193 191 13 61 1.674519    859 1.675393 1.000521    
13 194 254 224 13 62 1.647682    844 1.647321 0.999781    
13 255 255 255 13 63 1.623388    832 1.623529 1.000087    
14 0 0 0 14 0 1.000000    512 1.000000 1.000000       # ieta [15], pt 0
14 15 15 15 14 1 2.915830    29695 2.900000 0.994571    
14 16 16 16 14 2 2.851855    29695 2.843750 0.997158    
14 17 17 17 14 3 2.827847    30719 2.823529 0.998473    
14 18 18 18 14 4 2.770768    30719 2.777778 1.002530    
14 19 19 19 14 5 2.758270    31743 2.763158 1.001772    
14 20 20 20 14 6 2.719920    31743 2.725000 1.001868    
14 21 21 21 14 7 2.666492    30719 2.666667 1.000066    
14 22 22 22 14 8 2.658919    31743 2.659091 1.000065    
14 23 23 23 14 9 2.620758    31743 2.630435 1.003692    
14 24 24 24 14 10 2.588121    30719 2.583333 0.998150    
14 25 25 25 14 11 2.546801    29695 2.540000 0.997330    
14 26 26 26 14 12 2.533228    30719 2.538462 1.002066    
14 27 27 27 14 13 2.490736    28671 2.481481 0.996284    
14 28 28 28 14 14 2.456652    28671 2.464286 1.003107    
14 29 29 29 14 15 2.428776    27647 2.431034 1.000930    
14 30 30 30 14 16 2.377017    25599 2.383333 1.002657    
14 31 31 31 14 17 2.373425    25599 2.370968 0.998965    
14 32 33 33 14 18 2.339306    24575 2.333333 0.997447    
14 34 35 35 14 19 2.314554    24575 2.314286 0.999884    
14 36 37 37 14 20 2.272780    22527 2.270270 0.998896    
14 38 39 39 14 21 2.259065    22527 2.256410 0.998825    
14 40 41 41 14 22 2.235228    21503 2.231707 0.998425    
14 42 43 43 14 23 2.188025    18431 2.186047 0.999096    
14 44 45 45 14 24 2.165372    17407 2.166667 1.000598    
14 46 47 47 14 25 2.148562    16383 2.148936 1.000174    
14 48 49 49 14 26 2.131366    15359 2.132653 1.000604    
14 50 51 51 14 27 2.112369    13311 2.107843 0.997858    
14 52 53 53 14 28 2.086765    11263 2.084906 0.999109    
14 54 55 55 14 29 2.060652    9215 2.063636 1.001448    
14 56 57 57 14 30 2.048421    8191 2.052632 1.002056    
14 58 59 59 14 31 2.041906    7167 2.042373 1.000228    
14 60 61 61 14 32 2.000399    2047 2.000000 0.999801    
14 62 64 63 14 33 1.986276    1018 1.984127 0.998918    
14 65 67 66 14 34 1.977489    1015 1.977273 0.999890    
14 68 70 69 14 35 1.959349    1004 1.956522 0.998557    
14 71 73 72 14 36 1.938668    994 1.937500 0.999398    
14 74 76 75 14 37 1.933445    992 1.933333 0.999942    
14 77 79 78 14 38 1.914698    983 1.916667 1.001028    
14 80 82 81 14 39 1.899648    975 1.901235 1.000835    
14 83 85 84 14 40 1.891790    971 1.892857 1.000564    
14 86 88 87 14 41 1.876095    961 1.873563 0.998650    
14 89 91 90 14 42 1.869368    958 1.866667 0.998555    
14 92 94 93 14 43 1.854536    951 1.854839 1.000163    
14 95 97 96 14 44 1.840884    943 1.838542 0.998728    
14 98 100 99 14 45 1.831580    940 1.833333 1.000958    
14 101 103 102 14 46 1.824654    935 1.823529 0.999384    
14 104 109 107 14 47 1.813264    930 1.813084 0.999901    
14 110 115 113 14 48 1.806180    926 1.805310 0.999518    
14 116 121 119 14 49 1.788903    918 1.789916 1.000566    
14 122 127 125 14 50 1.775826    911 1.776000 1.000098    
14 128 133 131 14 51 1.759582    902 1.759542 0.999977    
14 134 139 137 14 52 1.750336    898 1.751825 1.000850    
14 140 145 143 14 53 1.736342    891 1.737762 1.000818    
14 146 151 149 14 54 1.725825    884 1.724832 0.999425    
14 152 157 155 14 55 1.717084    880 1.716129 0.999444    
14 158 163 161 14 56 1.707546    876 1.708075 1.000310    
14 164 169 167 14 57 1.698765    870 1.697605 0.999317    
14 170 175 173 14 58 1.697969    870 1.696532 0.999154    
14 176 181 179 14 59 1.690124    866 1.689944 0.999893    
14 182 187 185 14 60 1.686355    864 1.686486 1.000078    
14 188 193 191 14 61 1.682804    863 1.683246 1.000263    
14 194 254 224 14 62 1.655302    849 1.656250 1.000573    
14 255 255 255 14 63 1.630657    836 1.631373 1.000439    
15 0 0 0 15 0 1.000000    512 1.000000 1.000000       # ieta [16], pt 0
15 15 15 15 15 1 2.891611    29695 2.900000 1.002901    
15 16 16 16 15 2 2.843595    29695 2.843750 1.000054    
15 17 17 17 15 3 2.823640    30719 2.823529 0.999961    
15 18 18 18 15 4 2.770195    30719 2.777778 1.002737    
15 19 19 19 15 5 2.757699    31743 2.763158 1.001979    
15 20 20 20 15 6 2.718924    31743 2.725000 1.002235    
15 21 21 21 15 7 2.673813    30719 2.666667 0.997327    
15 22 22 22 15 8 2.666218    31743 2.659091 0.997327    
15 23 23 23 15 9 2.627953    31743 2.630435 1.000944    
15 24 24 24 15 10 2.595226    31743 2.604167 1.003445    
15 25 25 25 15 11 2.553793    30719 2.560000 1.002431    
15 26 26 26 15 12 2.540182    30719 2.538462 0.999323    
15 27 27 27 15 13 2.497574    29695 2.500000 1.000971    
15 28 28 28 15 14 2.463396    28671 2.464286 1.000361    
15 29 29 29 15 15 2.435443    27647 2.431034 0.998190    
15 30 30 30 15 16 2.383543    25599 2.383333 0.999912    
15 31 31 31 15 17 2.379940    26623 2.387097 1.003007    
15 32 33 33 15 18 2.346241    25599 2.348485 1.000956    
15 34 35 35 15 19 2.321416    24575 2.314286 0.996928    
15 36 37 37 15 20 2.285772    23551 2.283784 0.999130    
15 38 39 39 15 21 2.267986    23551 2.269231 1.000549    
15 40 41 41 15 22 2.244116    22527 2.243902 0.999905    
15 42 43 43 15 23 2.197356    19455 2.197674 1.000145    
15 44 45 45 15 24 2.175170    18431 2.177778 1.001199    
15 46 47 47 15 25 2.158284    17407 2.159574 1.000598    
15 48 49 49 15 26 2.141010    16383 2.142857 1.000863    
15 50 51 51 15 27 2.121927    14335 2.117647 0.997983    
15 52 53 53 15 28 2.096208    12287 2.094340 0.999109    
15 54 55 55 15 29 2.069977    10239 2.072727 1.001329    
15 56 57 57 15 30 2.057690    9215 2.061404 1.001805    
15 58 59 59 15 31 2.051146    8191 2.050847 0.999854    
15 60 61 61 15 32 2.009450    3071 2.008197 0.999376    
15 62 64 63 15 33 1.995263    1022 1.992063 0.998396    
15 65 67 66 15 34 1.987705    1019 1.984848 0.998563    
15 68 70 69 15 35 1.970099    1011 1.971014 1.000465    
15 71 73 72 15 36 1.949304    1001 1.951389 1.001069    
15 74 76 75 15 37 1.944053    999 1.946667 1.001344    
15 77 79 78 15 38 1.925203    986 1.923077 0.998895    
15 80 82 81 15 39 1.910071    978 1.907407 0.998606    
15 83 85 84 15 40 1.902170    977 1.904762 1.001363    
15 86 88 87 15 41 1.886920    967 1.885057 0.999013    
15 89 91 90 15 42 1.880153    963 1.877778 0.998737    
15 92 94 93 15 43 1.863424    957 1.865591 1.001163    
15 95 97 96 15 44 1.848773    948 1.848958 1.000100    
15 98 100 99 15 45 1.846665    948 1.848485 1.000985    
15 101 103 102 15 46 1.839683    943 1.838235 0.999213    
15 104 109 107 15 47 1.827936    937 1.827103 0.999544    
15 110 115 113 15 48 1.815813    930 1.814159 0.999089    
15 116 121 119 15 49 1.798444    922 1.798319 0.999931    
15 122 127 125 15 50 1.785297    915 1.784000 0.999273    
15 128 133 131 15 51 1.768967    906 1.767176 0.998987    
15 134 139 137 15 52 1.758593    902 1.759124 1.000302    
15 140 145 143 15 53 1.739170    891 1.737762 0.999191    
15 146 151 149 15 54 1.728478    886 1.728188 0.999832    
15 152 157 155 15 55 1.718651    881 1.719355 1.000410    
15 158 163 161 15 56 1.708726    876 1.708075 0.999619    
15 164 169 167 15 57 1.699939    872 1.700599 1.000388    
15 170 175 173 15 58 1.699143    871 1.699422 1.000164    
15 176 181 179 15 59 1.691292    866 1.689944 0.999203    
15 182 187 185 15 60 1.687521    864 1.686486 0.999387    
15 188 193 191 15 61 1.683967    863 1.683246 0.999572    
15 194 254 224 15 62 1.656446    849 1.656250 0.999882    
15 255 255 255 15 63 1.631783    836 1.631373 0.999748    
16 0 0 0 16 0 1.000000    512 1.000000 1.000000       # ieta [17], pt 0
16 15 15 15 16 1 2.890476    29695 2.900000 1.003295    
16 16 16 16 16 2 2.842479    29695 2.843750 1.000447    
16 17 17 17 16 3 2.822532    30719 2.823529 1.000353    
16 18 18 18 16 4 2.769108    30719 2.777778 1.003131    
16 19 19 19 16 5 2.756617    31743 2.763158 1.002373    
16 20 20 20 16 6 2.717857    31743 2.725000 1.002628    
16 21 21 21 16 7 2.672763    30719 2.666667 0.997719    
16 22 22 22 16 8 2.665172    31743 2.659091 0.997718    
16 23 23 23 16 9 2.626922    31743 2.630435 1.001337    
16 24 24 24 16 10 2.594208    31743 2.604167 1.003839    
16 25 25 25 16 11 2.552791    30719 2.560000 1.002824    
16 26 26 26 16 12 2.539185    30719 2.538462 0.999715    
16 27 27 27 16 13 2.496594    29695 2.500000 1.001364    
16 28 28 28 16 14 2.462430    28671 2.464286 1.000754    
16 29 29 29 16 15 2.434487    27647 2.431034 0.998582    
16 30 30 30 16 16 2.382607    25599 2.383333 1.000305    
16 31 31 31 16 17 2.379006    25599 2.370968 0.996621    
16 32 33 33 16 18 2.344379    25599 2.348485 1.001751    
16 34 35 35 16 19 2.319166    24575 2.314286 0.997896    
16 36 37 37 16 20 2.251209    21503 2.256757 1.002464    
16 38 39 39 16 21 2.266314    23551 2.269231 1.001287    
16 40 41 41 16 22 2.242462    22527 2.243902 1.000642    
16 42 43 43 16 23 2.195736    19455 2.197674 1.000883    
16 44 45 45 16 24 2.173567    18431 2.177778 1.001937    
16 46 47 47 16 25 2.156693    17407 2.159574 1.001336    
16 48 49 49 16 26 2.139432    16383 2.142857 1.001601    
16 50 51 51 16 27 2.120363    14335 2.117647 0.998719    
16 52 53 53 16 28 2.094663    12287 2.094340 0.999846    
16 54 55 55 16 29 2.068451    10239 2.072727 1.002067    
16 56 57 57 16 30 2.056173    8191 2.052632 0.998278    
16 58 59 59 16 31 2.049634    8191 2.050847 1.000592    
16 60 61 61 16 32 2.007969    3071 2.008197 1.000113    
16 62 64 63 16 33 1.994276    1022 1.992063 0.998891    
16 65 67 66 16 34 1.985009    1019 1.984848 0.999919    
16 68 70 69 16 35 1.966578    1008 1.963768 0.998571    
16 71 73 72 16 36 1.945820    998 1.944444 0.999293    
16 74 76 75 16 37 1.940578    995 1.940000 0.999702    
16 77 79 78 16 38 1.921708    986 1.923077 1.000712    
16 80 82 81 16 39 1.906497    978 1.907407 1.000478    
16 83 85 84 16 40 1.898610    974 1.898810 1.000105    
16 86 88 87 16 41 1.883004    967 1.885057 1.001090    
16 89 91 90 16 42 1.875804    963 1.877778 1.001052    
16 92 94 93 16 43 1.857185    951 1.854839 0.998737    
16 95 97 96 16 44 1.840901    943 1.838542 0.998718    
16 98 100 99 16 45 1.834443    940 1.833333 0.999395    
16 101 103 102 16 46 1.827507    938 1.828431 1.000506    
16 104 109 107 16 47 1.815837    932 1.817757 1.001057    
16 110 115 113 16 48 1.809316    928 1.809735 1.000231    
16 116 121 119 16 49 1.791488    918 1.789916 0.999123    
16 122 127 125 16 50 1.778280    913 1.780000 1.000967    
16 128 133 131 16 51 1.762014    904 1.763359 1.000763    
16 134 139 137 16 52 1.751681    898 1.751825 1.000082    
16 140 145 143 16 53 1.732334    887 1.730769 0.999096    
16 146 151 149 16 54 1.721684    883 1.721477 0.999879    
16 152 157 155 16 55 1.711896    878 1.712903 1.000588    
16 158 163 161 16 56 1.702010    872 1.701863 0.999914    
16 164 169 167 16 57 1.692867    867 1.691617 0.999261    
16 170 175 173 16 58 1.691684    867 1.690751 0.999449    
16 176 181 179 16 59 1.683868    863 1.684358 1.000291    
16 182 187 185 16 60 1.680113    862 1.681081 1.000576    
16 188 193 191 16 61 1.676800    860 1.678010 1.000722    
16 194 254 224 16 62 1.648426    844 1.647321 0.999330    
16 255 255 255 16 63 1.622279    831 1.621569 0.999562    
17 0 0 0 17 0 1.000000    512 1.000000 1.000000       # ieta [18], pt 0
17 15 15 15 17 1 2.793327    26623 2.800000 1.002389    
17 16 16 16 17 2 2.721940    25599 2.718750 0.998828    
17 17 17 17 17 3 2.722457    27647 2.735294 1.004715    
17 18 18 18 17 4 2.678049    26623 2.666667 0.995750    
17 19 19 19 17 5 2.661787    27647 2.657895 0.998538    
17 20 20 20 17 6 2.616060    27647 2.625000 1.003417    
17 21 21 21 17 7 2.565100    26623 2.571429 1.002467    
17 22 22 22 17 8 2.560478    27647 2.568182 1.003009    
17 23 23 23 17 9 2.528533    26623 2.521739 0.997313    
17 24 24 24 17 10 2.498085    26623 2.500000 1.000767    
17 25 25 25 17 11 2.458202    25599 2.460000 1.000731    
17 26 26 26 17 12 2.444265    25599 2.442308 0.999199    
17 27 27 27 17 13 2.403266    24575 2.407407 1.001723    
17 28 28 28 17 14 2.369935    23551 2.375000 1.002137    
17 29 29 29 17 15 2.346288    22527 2.344828 0.999378    
17 30 30 30 17 16 2.303716    20479 2.300000 0.998387    
17 31 31 31 17 17 2.293405    20479 2.290323 0.998656    
17 32 33 33 17 18 2.256682    19455 2.257576 1.000396    
17 34 35 35 17 19 2.233966    18431 2.228571 0.997585    
17 36 37 37 17 20 2.177032    15359 2.175676 0.999377    
17 38 39 39 17 21 2.160178    14335 2.153846 0.997069    
17 40 41 41 17 22 2.139213    13311 2.134146 0.997632    
17 42 43 43 17 23 2.091855    10239 2.093023 1.000558    
17 44 45 45 17 24 2.070645    8191 2.066667 0.998079    
17 46 47 47 17 25 2.052220    7167 2.053191 1.000473    
17 48 49 49 17 26 2.033115    5119 2.030612 0.998769    
17 50 51 51 17 27 2.012691    3071 2.009804 0.998565    
17 52 53 53 17 28 1.986989    1022 1.990566 1.001800    
17 54 55 55 17 29 1.963581    1008 1.963636 1.000028    
17 56 57 57 17 30 1.948086    1000 1.947368 0.999632    
17 58 59 59 17 31 1.938679    996 1.940678 1.001031    
17 60 61 61 17 32 1.910114    980 1.909836 0.999854    
17 62 64 63 17 33 1.892560    970 1.888889 0.998060    
17 65 67 66 17 34 1.878147    964 1.878788 1.000341    
17 68 70 69 17 35 1.860663    956 1.862319 1.000890    
17 71 73 72 17 36 1.840520    944 1.840278 0.999869    
17 74 76 75 17 37 1.835135    941 1.833333 0.999018    
17 77 79 78 17 38 1.815938    931 1.814103 0.998989    
17 80 82 81 17 39 1.801563    925 1.802469 1.000503    
17 83 85 84 17 40 1.794111    919 1.791667 0.998637    
17 86 88 87 17 41 1.780081    914 1.781609 1.000858    
17 89 91 90 17 42 1.771311    909 1.772222 1.000514    
17 92 94 93 17 43 1.755872    902 1.758065 1.001249    
17 95 97 96 17 44 1.742444    895 1.744792 1.001347    
17 98 100 99 17 45 1.735015    891 1.737374 1.001359    
17 101 103 102 17 46 1.724122    885 1.725490 1.000793    
17 104 109 107 17 47 1.713367    880 1.714953 1.000926    
17 110 115 113 17 48 1.705636    874 1.703540 0.998771    
17 116 121 119 17 49 1.688513    866 1.689076 1.000333    
17 122 127 125 17 50 1.677772    860 1.676000 0.998944    
17 128 133 131 17 51 1.663905    853 1.664122 1.000130    
17 134 139 137 17 52 1.654939    848 1.653285 0.999001    
17 140 145 143 17 53 1.641341    841 1.639860 0.999098    
17 146 151 149 17 54 1.630865    836 1.630872 1.000005    
17 152 157 155 17 55 1.623176    832 1.622581 0.999633    
17 158 163 161 17 56 1.614589    828 1.614907 1.000197    
17 164 169 167 17 57 1.603679    823 1.604790 1.000693    
17 170 175 173 17 58 1.602459    821 1.601156 0.999187    
17 176 181 179 17 59 1.594589    818 1.594972 1.000240    
17 182 187 185 17 60 1.590171    815 1.589189 0.999382    
17 188 193 191 17 61 1.585949    813 1.586387 1.000276    
17 194 254 224 17 62 1.544035    791 1.544643 1.000394    
17 255 255 255 17 63 1.519516    779 1.519608 1.000061    
18 0 0 0 18 0 1.000000    512 1.000000 1.000000       # ieta [19], pt 0
18 15 15 15 18 1 2.718523    24575 2.733333 1.005448    
18 16 16 16 18 2 2.676175    24575 2.687500 1.004232    
18 17 17 17 18 3 2.682406    25599 2.676471 0.997787    
18 18 18 18 18 4 2.668375    26623 2.666667 0.999360    
18 19 19 19 18 5 2.653354    27647 2.657895 1.001711    
18 20 20 20 18 6 2.596737    26623 2.600000 1.001257    
18 21 21 21 18 7 2.546153    25599 2.547619 1.000576    
18 22 22 22 18 8 2.542519    26623 2.545455 1.001154    
18 23 23 23 18 9 2.508307    25599 2.500000 0.996688    
18 24 24 24 18 10 2.478880    25599 2.479167 1.000115    
18 25 25 25 18 11 2.439305    24575 2.440000 1.000285    
18 26 26 26 18 12 2.425475    24575 2.423077 0.999011    
18 27 27 27 18 13 2.384790    23551 2.388889 1.001719    
18 28 28 28 18 14 2.351716    22527 2.357143 1.002308    
18 29 29 29 18 15 2.335724    21503 2.327586 0.996516    
18 30 30 30 18 16 2.297354    20479 2.300000 1.001152    
18 31 31 31 18 17 2.287071    20479 2.290323 1.001422    
18 32 33 33 18 18 2.250755    19455 2.257576 1.003031    
18 34 35 35 18 19 2.228315    18431 2.228571 1.000115    
18 36 37 37 18 20 2.173501    15359 2.175676 1.001000    
18 38 39 39 18 21 2.156674    14335 2.153846 0.998689    
18 40 41 41 18 22 2.135744    13311 2.134146 0.999252    
18 42 43 43 18 23 2.090538    10239 2.093023 1.001189    
18 44 45 45 18 24 2.069520    8191 2.066667 0.998621    
18 46 47 47 18 25 2.051285    7167 2.053191 1.000930    
18 48 49 49 18 26 2.033018    5119 2.030612 0.998816    
18 50 51 51 18 27 2.012596    3071 2.009804 0.998613    
18 52 53 53 18 28 1.986894    1022 1.990566 1.001848    
18 54 55 55 18 29 1.963488    1008 1.963636 1.000075    
18 56 57 57 18 30 1.947993    1000 1.947368 0.999679    
18 58 59 59 18 31 1.938587    996 1.940678 1.001078    
18 60 61 61 18 32 1.910024    980 1.909836 0.999902    
18 62 64 63 18 33 1.892470    970 1.888889 0.998108    
18 65 67 66 18 34 1.878058    964 1.878788 1.000389    
18 68 70 69 18 35 1.860575    956 1.862319 1.000937    
18 71 73 72 18 36 1.840432    944 1.840278 0.999916    
18 74 76 75 18 37 1.835048    941 1.833333 0.999065    
18 77 79 78 18 38 1.815852    931 1.814103 0.999037    
18 80 82 81 18 39 1.801478    925 1.802469 1.000550    
18 83 85 84 18 40 1.794026    919 1.791667 0.998685    
18 86 88 87 18 41 1.779997    914 1.781609 1.000906    
18 89 91 90 18 42 1.771227    909 1.772222 1.000562    
18 92 94 93 18 43 1.755789    902 1.758065 1.001296    
18 95 97 96 18 44 1.742361    895 1.744792 1.001395    
18 98 100 99 18 45 1.734933    891 1.737374 1.001407    
18 101 103 102 18 46 1.724041    885 1.725490 1.000841    
18 104 109 107 18 47 1.713285    880 1.714953 1.000973    
18 110 115 113 18 48 1.705555    874 1.703540 0.998819    
18 116 121 119 18 49 1.688639    866 1.689076 1.000259    
18 122 127 125 18 50 1.678000    862 1.680000 1.001192    
18 128 133 131 18 51 1.664131    853 1.664122 0.999995    
18 134 139 137 18 52 1.655163    850 1.656934 1.001070    
18 140 145 143 18 53 1.641564    841 1.639860 0.998962    
18 146 151 149 18 54 1.631086    836 1.630872 0.999869    
18 152 157 155 18 55 1.623396    832 1.622581 0.999498    
18 158 163 161 18 56 1.614808    828 1.614907 1.000061    
18 164 169 167 18 57 1.603897    823 1.604790 1.000557    
18 170 175 173 18 58 1.602676    822 1.604046 1.000855    
18 176 181 179 18 59 1.594806    818 1.594972 1.000104    
18 182 187 185 18 60 1.590387    815 1.589189 0.999247    
18 188 193 191 18 61 1.586164    813 1.586387 1.000141    
18 194 254 224 18 62 1.544244    791 1.544643 1.000258    
18 255 255 255 18 63 1.519722    779 1.519608 0.999925    
19 0 0 0 19 0 1.000000    512 1.000000 1.000000       # ieta [20], pt 0
19 15 15 15 19 1 2.818966    27647 2.833333 1.005097    
19 16 16 16 19 2 2.732692    25599 2.718750 0.994898    
19 17 17 17 19 3 2.734341    27647 2.735294 1.000349    
19 18 18 18 19 4 2.686047    27647 2.694444 1.003126    
19 19 19 19 19 5 2.669985    27647 2.657895 0.995472    
19 20 20 20 19 6 2.607160    26623 2.600000 0.997254    
19 21 21 21 19 7 2.548809    25599 2.547619 0.999533    
19 22 22 22 19 8 2.539316    26623 2.545455 1.002417    
19 23 23 23 19 9 2.494687    25599 2.500000 1.002130    
19 24 24 24 19 10 2.465421    24575 2.458333 0.997125    
19 25 25 25 19 11 2.425858    23551 2.420000 0.997585    
19 26 26 26 19 12 2.412104    23551 2.403846 0.996576    
19 27 27 27 19 13 2.371429    22527 2.370370 0.999554    
19 28 28 28 19 14 2.338539    21503 2.339286 1.000319    
19 29 29 29 19 15 2.322637    21503 2.327586 1.002131    
19 30 30 30 19 16 2.286515    19455 2.283333 0.998608    
19 31 31 31 19 17 2.276281    19455 2.274194 0.999083    
19 32 33 33 19 18 2.240226    18431 2.242424 1.000981    
19 34 35 35 19 19 2.210053    17407 2.214286 1.001915    
19 36 37 37 19 20 2.162185    14335 2.162162 0.999990    
19 38 39 39 19 21 2.147302    13311 2.141026 0.997077    
19 40 41 41 19 22 2.123635    12287 2.121951 0.999207    
19 42 43 43 19 23 2.074085    8191 2.069767 0.997918    
19 44 45 45 19 24 2.056597    7167 2.055556 0.999493    
19 46 47 47 19 25 2.038642    6143 2.042553 1.001919    
19 48 49 49 19 26 2.017378    4095 2.020408 1.001502    
19 50 51 51 19 27 1.997113    2046 2.000000 1.001446    
19 52 53 53 19 28 1.971609    1012 1.971698 1.000045    
19 54 55 55 19 29 1.948317    999 1.945455 0.998531    
19 56 57 57 19 30 1.932877    991 1.929825 0.998421    
19 58 59 59 19 31 1.923544    987 1.923729 1.000096    
19 60 61 61 19 32 1.899719    976 1.901639 1.001011    
19 62 64 63 19 33 1.882259    966 1.880952 0.999306    
19 65 67 66 19 34 1.867925    960 1.871212 1.001760    
19 68 70 69 19 35 1.852680    952 1.855072 1.001291    
19 71 73 72 19 36 1.833373    941 1.833333 0.999978    
19 74 76 75 19 37 1.827052    937 1.826667 0.999789    
19 77 79 78 19 38 1.807939    927 1.807692 0.999864    
19 80 82 81 19 39 1.795903    921 1.796296 1.000219    
19 83 85 84 19 40 1.788474    916 1.785714 0.998457    
19 86 88 87 19 41 1.774488    911 1.775862 1.000774    
19 89 91 90 19 42 1.766707    906 1.766667 0.999977    
19 92 94 93 19 43 1.752346    899 1.752688 1.000195    
19 95 97 96 19 44 1.738402    892 1.739583 1.000680    
19 98 100 99 19 45 1.730990    888 1.732323 1.000770    
19 101 103 102 19 46 1.720123    882 1.720588 1.000270    
19 104 109 107 19 47 1.709552    877 1.710280 1.000426    
19 110 115 113 19 48 1.702862    874 1.703540 1.000398    
19 116 121 119 19 49 1.686287    864 1.684874 0.999162    
19 122 127 125 19 50 1.675594    860 1.676000 1.000242    
19 128 133 131 19 51 1.661398    852 1.660305 0.999343    
19 134 139 137 19 52 1.651749    848 1.653285 1.000930    
19 140 145 143 19 53 1.638178    841 1.639860 1.001027    
19 146 151 149 19 54 1.627722    835 1.627517 0.999874    
19 152 157 155 19 55 1.620082    830 1.619355 0.999551    
19 158 163 161 19 56 1.611580    826 1.611801 1.000137    
19 164 169 167 19 57 1.600456    821 1.601796 1.000837    
19 170 175 173 19 58 1.598150    819 1.598266 1.000072    
19 176 181 179 19 59 1.590179    815 1.589385 0.999501    
19 182 187 185 19 60 1.585298    813 1.586486 1.000750    
19 188 193 191 19 61 1.580994    810 1.581152 1.000100    
19 194 254 224 19 62 1.539509    789 1.540179 1.000435    
19 255 255 255 19 63 1.515902    777 1.515686 0.999857    
20 0 0 0 20 0 1.000000    512 1.000000 1.000000       # ieta [21], pt 0
20 15 15 15 20 1 2.826861    27647 2.833333 1.002290    
20 16 16 16 20 2 2.737763    26623 2.750000 1.004470    
20 17 17 17 20 3 2.727709    27647 2.735294 1.002781    
20 18 18 18 20 4 2.679532    26623 2.666667 0.995199    
20 19 19 19 20 5 2.661193    27647 2.657895 0.998761    
20 20 20 20 20 6 2.598574    26623 2.600000 1.000549    
20 21 21 21 20 7 2.540670    25599 2.547619 1.002735    
20 22 22 22 20 8 2.530175    25599 2.522727 0.997056    
20 23 23 23 20 9 2.488512    24575 2.478261 0.995881    
20 24 24 24 20 10 2.459318    24575 2.458333 0.999599    
20 25 25 25 20 11 2.419854    23551 2.420000 1.000060    
20 26 26 26 20 12 2.406134    23551 2.403846 0.999049    
20 27 27 27 20 13 2.365559    22527 2.370370 1.002034    
20 28 28 28 20 14 2.336531    21503 2.339286 1.001179    
20 29 29 29 20 15 2.314155    20479 2.310345 0.998354    
20 30 30 30 20 16 2.275025    19455 2.283333 1.003652    
20 31 31 31 20 17 2.260691    18431 2.258065 0.998838    
20 32 33 33 20 18 2.224777    17407 2.227273 1.001122    
20 34 35 35 20 19 2.193138    16383 2.200000 1.003129    
20 36 37 37 20 20 2.142579    13311 2.148649 1.002833    
20 38 39 39 20 21 2.129335    12287 2.128205 0.999469    
20 40 41 41 20 22 2.104656    11263 2.109756 1.002423    
20 42 43 43 20 23 2.060107    7167 2.058140 0.999045    
20 44 45 45 20 24 2.045556    6143 2.044444 0.999457    
20 46 47 47 20 25 2.027697    5119 2.031915 1.002080    
20 48 49 49 20 26 2.006547    3071 2.010204 1.001822    
20 50 51 51 20 27 1.989240    1021 1.990196 1.000481    
20 52 53 53 20 28 1.963837    1007 1.962264 0.999199    
20 54 55 55 20 29 1.940637    995 1.936364 0.997798    
20 56 57 57 20 30 1.926369    991 1.929825 1.001794    
20 58 59 59 20 31 1.918185    983 1.915254 0.998472    
20 60 61 61 20 32 1.894425    972 1.893443 0.999481    
20 62 64 63 20 33 1.876680    962 1.873016 0.998048    
20 65 67 66 20 34 1.862745    957 1.863636 1.000479    
20 68 70 69 20 35 1.846028    948 1.847826 1.000974    
20 71 73 72 20 36 1.824989    937 1.826389 1.000767    
20 74 76 75 20 37 1.817318    934 1.820000 1.001476    
20 77 79 78 20 38 1.796834    921 1.794872 0.998908    
20 80 82 81 20 39 1.784872    915 1.783951 0.999484    
20 83 85 84 20 40 1.776479    910 1.773810 0.998497    
20 86 88 87 20 41 1.757556    902 1.758621 1.000606    
20 89 91 90 20 42 1.749337    897 1.750000 1.000379    
20 92 94 93 20 43 1.734097    891 1.736559 1.001420    
20 95 97 96 20 44 1.720298    881 1.718750 0.999100    
20 98 100 99 20 45 1.712964    878 1.712121 0.999508    
20 101 103 102 20 46 1.702210    872 1.700980 0.999278    
20 104 109 107 20 47 1.688713    865 1.686916 0.998936    
20 110 115 113 20 48 1.681041    862 1.681416 1.000223    
20 116 121 119 20 49 1.664187    853 1.663866 0.999807    
20 122 127 125 20 50 1.653071    847 1.652000 0.999352    
20 128 133 131 20 51 1.637119    840 1.637405 1.000174    
20 134 139 137 20 52 1.622317    833 1.624088 1.001091    
20 140 145 143 20 53 1.602330    821 1.601399 0.999419    
20 146 151 149 20 54 1.587079    814 1.587248 1.000107    
20 152 157 155 20 55 1.577481    809 1.577419 0.999961    
20 158 163 161 20 56 1.569202    804 1.568323 0.999440    
20 164 169 167 20 57 1.558371    798 1.556886 0.999047    
20 170 175 173 20 58 1.556125    797 1.554913 0.999221    
20 176 181 179 20 59 1.549041    795 1.550279 1.000799    
20 182 187 185 20 60 1.544202    791 1.543243 0.999379    
20 188 193 191 20 61 1.539857    789 1.539267 0.999617    
20 194 254 224 20 62 1.499451    769 1.500000 1.000366    
20 255 255 255 20 63 1.476459    756 1.476471 1.000008    
21 0 0 0 21 0 1.000000    512 1.000000 1.000000       # ieta [22], pt 0
21 15 15 15 21 1 2.808990    26623 2.800000 0.996800    
21 16 16 16 21 2 2.733491    25599 2.718750 0.994607    
21 17 17 17 21 3 2.723452    27647 2.735294 1.004348    
21 18 18 18 21 4 2.664093    26623 2.666667 1.000966    
21 19 19 19 21 5 2.631968    26623 2.631579 0.999852    
21 20 20 20 21 6 2.556003    24575 2.550000 0.997652    
21 21 21 21 21 7 2.496957    23551 2.500000 1.001219    
21 22 22 22 21 8 2.486643    23551 2.477273 0.996232    
21 23 23 23 21 9 2.440524    22527 2.434783 0.997647    
21 24 24 24 21 10 2.416937    22527 2.416667 0.999888    
21 25 25 25 21 11 2.378153    21503 2.380000 1.000777    
21 26 26 26 21 12 2.364669    21503 2.365385 1.000303    
21 27 27 27 21 13 2.328637    20479 2.333333 1.002017    
21 28 28 28 21 14 2.314703    20479 2.321429 1.002906    
21 29 29 29 21 15 2.294941    19455 2.293103 0.999199    
21 30 30 30 21 16 2.255256    17407 2.250000 0.997669    
21 31 31 31 21 17 2.241047    17407 2.241935 1.000396    
21 32 33 33 21 18 2.205445    16383 2.212121 1.003027    
21 34 35 35 21 19 2.171922    14335 2.171429 0.999773    
21 36 37 37 21 20 2.121780    11263 2.121622 0.999925    
21 38 39 39 21 21 2.109641    11263 2.115385 1.002722    
21 40 41 41 21 22 2.085055    9215 2.085366 1.000149    
21 42 43 43 21 23 2.042213    6143 2.046512 1.002105    
21 44 45 45 21 24 2.019385    4095 2.022222 1.001405    
21 46 47 47 21 25 1.996649    2046 2.000000 1.001678    
21 48 49 49 21 26 1.973625    1012 1.969388 0.997853    
21 50 51 51 21 27 1.958239    1006 1.960784 1.001300    
21 52 53 53 21 28 1.933232    993 1.933962 1.000378    
21 54 55 55 21 29 1.909932    980 1.909091 0.999560    
21 56 57 57 21 30 1.895753    973 1.894737 0.999464    
21 58 59 59 21 31 1.886631    970 1.889831 1.001696    
21 60 61 61 21 32 1.859021    955 1.860656 1.000879    
21 62 64 63 21 33 1.840481    945 1.841270 1.000429    
21 65 67 66 21 34 1.826559    937 1.825758 0.999561    
21 68 70 69 21 35 1.810352    930 1.811594 1.000686    
21 71 73 72 21 36 1.793761    919 1.791667 0.998833    
21 74 76 75 21 37 1.786780    917 1.786667 0.999936    
21 77 79 78 21 38 1.772257    908 1.769231 0.998293    
21 80 82 81 21 39 1.762266    903 1.759259 0.998294    
21 83 85 84 21 40 1.753980    901 1.755952 1.001125    
21 86 88 87 21 41 1.734851    890 1.735632 1.000450    
21 89 91 90 21 42 1.725970    886 1.727778 1.001048    
21 92 94 93 21 43 1.709715    877 1.709677 0.999978    
21 95 97 96 21 44 1.696110    871 1.697917 1.001065    
21 98 100 99 21 45 1.691205    868 1.691919 1.000422    
21 101 103 102 21 46 1.686311    865 1.686275 0.999978    
21 104 109 107 21 47 1.672898    858 1.672897 0.999999    
21 110 115 113 21 48 1.665298    853 1.663717 0.999051    
21 116 121 119 21 49 1.647718    845 1.647059 0.999600    
21 122 127 125 21 50 1.636268    839 1.636000 0.999836    
21 128 133 131 21 51 1.620696    832 1.622137 1.000890    
21 134 139 137 21 52 1.606259    824 1.605839 0.999739    
21 140 145 143 21 53 1.586471    814 1.587413 1.000594    
21 146 151 149 21 54 1.571370    805 1.570470 0.999427    
21 152 157 155 21 55 1.561867    801 1.561290 0.999631    
21 158 163 161 21 56 1.553670    796 1.552795 0.999437    
21 164 169 167 21 57 1.544219    792 1.544910 1.000448    
21 170 175 173 21 58 1.541994    791 1.543353 1.000881    
21 176 181 179 21 59 1.534975    788 1.536313 1.000872    
21 182 187 185 21 60 1.529661    784 1.529730 1.000045    
21 188 193 191 21 61 1.525099    782 1.526178 1.000708    
21 194 254 224 21 62 1.487440    762 1.486607 0.999440    
21 255 255 255 21 63 1.464885    750 1.464706 0.999878    
22 0 0 0 22 0 1.000000    512 1.000000 1.000000       # ieta [23], pt 0
22 15 15 15 22 1 2.772296    25599 2.766667 0.997969    
22 16 16 16 22 2 2.690197    24575 2.687500 0.998997    
22 17 17 17 22 3 2.676177    25599 2.676471 1.000110    
22 18 18 18 22 4 2.582703    23551 2.583333 1.000244    
22 19 19 19 22 5 2.551560    23551 2.552632 1.000420    
22 20 20 20 22 6 2.481816    21503 2.475000 0.997254    
22 21 21 21 22 7 2.451832    21503 2.452381 1.000224    
22 22 22 22 22 8 2.439455    21503 2.431818 0.996870    
22 23 23 23 22 9 2.397506    20479 2.391304 0.997413    
22 24 24 24 22 10 2.374335    20479 2.375000 1.000280    
22 25 25 25 22 11 2.340267    19455 2.340000 0.999886    
22 26 26 26 22 12 2.335513    19455 2.326923 0.996322    
22 27 27 27 22 13 2.324942    20479 2.333333 1.003609    
22 28 28 28 22 14 2.311030    19455 2.303571 0.996773    
22 29 29 29 22 15 2.284656    19455 2.293103 1.003697    
22 30 30 30 22 16 2.242629    17407 2.250000 1.003287    
22 31 31 31 22 17 2.228500    16383 2.225806 0.998791    
22 32 33 33 22 18 2.193596    15359 2.196970 1.001538    
22 34 35 35 22 19 2.159886    13311 2.157143 0.998730    
22 36 37 37 22 20 2.111556    10239 2.108108 0.998367    
22 38 39 39 22 21 2.100249    10239 2.102564 1.001102    
22 40 41 41 22 22 2.078764    8191 2.073171 0.997309    
22 42 43 43 22 23 2.039033    5119 2.034884 0.997965    
22 44 45 45 22 24 2.016240    3071 2.011111 0.997456    
22 46 47 47 22 25 1.993540    1022 1.989362 0.997904    
22 48 49 49 22 26 1.970551    1011 1.969388 0.999410    
22 50 51 51 22 27 1.955190    1002 1.950980 0.997847    
22 52 53 53 22 28 1.928824    989 1.924528 0.997773    
22 54 55 55 22 29 1.902458    976 1.900000 0.998708    
22 56 57 57 22 30 1.888334    968 1.885965 0.998745    
22 58 59 59 22 31 1.879247    966 1.881356 1.001122    
22 60 61 61 22 32 1.851746    951 1.852459 1.000385    
22 62 64 63 22 33 1.832530    941 1.833333 1.000438    
22 65 67 66 22 34 1.818138    933 1.818182 1.000024    
22 68 70 69 22 35 1.801697    926 1.804348 1.001471    
22 71 73 72 22 36 1.784476    916 1.784722 1.000138    
22 74 76 75 22 37 1.776114    910 1.773333 0.998434    
22 77 79 78 22 38 1.761677    904 1.762821 1.000649    
22 80 82 81 22 39 1.751746    899 1.753086 1.000765    
22 83 85 84 22 40 1.742310    894 1.744048 1.000997    
22 86 88 87 22 41 1.724248    884 1.724138 0.999936    
22 89 91 90 22 42 1.717298    880 1.716667 0.999632    
22 92 94 93 22 43 1.701125    871 1.698925 0.998707    
22 95 97 96 22 44 1.687588    865 1.687500 0.999948    
22 98 100 99 22 45 1.682708    863 1.681818 0.999471    
22 101 103 102 22 46 1.676690    860 1.676471 0.999869    
22 104 109 107 22 47 1.663353    853 1.663551 1.000119    
22 110 115 113 22 48 1.655796    849 1.654867 0.999439    
22 116 121 119 22 49 1.638317    840 1.638655 1.000207    
22 122 127 125 22 50 1.626932    835 1.628000 1.000657    
22 128 133 131 22 51 1.611449    826 1.610687 0.999527    
22 134 139 137 22 52 1.597095    820 1.598540 1.000905    
22 140 145 143 22 53 1.577419    809 1.576923 0.999686    
22 146 151 149 22 54 1.562035    800 1.560403 0.998955    
22 152 157 155 22 55 1.552486    796 1.551613 0.999438    
22 158 163 161 22 56 1.544870    791 1.543478 0.999099    
22 164 169 167 22 57 1.535473    787 1.535928 1.000296    
22 170 175 173 22 58 1.533260    787 1.534682 1.000927    
22 176 181 179 22 59 1.526281    782 1.525140 0.999252    
22 182 187 185 22 60 1.520997    780 1.521622 1.000411    
22 188 193 191 22 61 1.516533    777 1.515707 0.999456    
22 194 254 224 22 62 1.487012    762 1.486607 0.999727    
22 255 255 255 22 63 1.465036    750 1.464706 0.999775    
23 0 0 0 23 0 1.000000    512 1.000000 1.000000       # ieta [24], pt 0
23 15 15 15 23 1 2.663220    22527 2.666667 1.001294    
23 16 16 16 23 2 2.585569    21503 2.593750 1.003164    
23 17 17 17 23 3 2.579147    22527 2.588235 1.003524    
23 18 18 18 23 4 2.543640    22527 2.555556 1.004684    
23 19 19 19 23 5 2.535619    22527 2.526316 0.996331    
23 20 20 20 23 6 2.452077    20479 2.450000 0.999153    
23 21 21 21 23 7 2.418119    20479 2.428571 1.004322    
23 22 22 22 23 8 2.390888    19455 2.386364 0.998108    
23 23 23 23 23 9 2.359619    19455 2.369565 1.004215    
23 24 24 24 23 10 2.312604    17407 2.312500 0.999955    
23 25 25 25 23 11 2.272419    16383 2.280000 1.003336    
23 26 26 26 23 12 2.267803    16383 2.269231 1.000630    
23 27 27 27 23 13 2.255549    16383 2.259259 1.001645    
23 28 28 28 23 14 2.250655    16383 2.250000 0.999709    
23 29 29 29 23 15 2.221731    15359 2.224138 1.001083    
23 30 30 30 23 16 2.180207    13311 2.183333 1.001434    
23 31 31 31 23 17 2.165907    12287 2.161290 0.997868    
23 32 33 33 23 18 2.124739    10239 2.121212 0.998340    
23 34 35 35 23 19 2.097550    9215 2.100000 1.001168    
23 36 37 37 23 20 2.071692    7167 2.067568 0.998009    
23 38 39 39 23 21 2.046863    6143 2.051282 1.002159    
23 40 41 41 23 22 2.026739    4095 2.024390 0.998841    
23 42 43 43 23 23 1.990078    1021 1.988372 0.999143    
23 44 45 45 23 24 1.967832    1010 1.966667 0.999408    
23 46 47 47 23 25 1.948414    1000 1.946809 0.999176    
23 48 49 49 23 26 1.932789    991 1.928571 0.997818    
23 50 51 51 23 27 1.918040    986 1.921569 1.001840    
23 52 53 53 23 28 1.892175    973 1.896226 1.002141    
23 54 55 55 23 29 1.867625    957 1.863636 0.997864    
23 56 57 57 23 30 1.856764    955 1.859649 1.001554    
23 58 59 59 23 31 1.849527    948 1.847458 0.998881    
23 60 61 61 23 32 1.830487    939 1.827869 0.998570    
23 62 64 63 23 33 1.814482    933 1.817460 1.001642    
23 65 67 66 23 34 1.801472    926 1.803030 1.000865    
23 68 70 69 23 35 1.786361    919 1.789855 1.001956    
23 71 73 72 23 36 1.769667    909 1.770833 1.000659    
23 74 76 75 23 37 1.762546    903 1.760000 0.998556    
23 77 79 78 23 38 1.748735    898 1.750000 1.000723    
23 80 82 81 23 39 1.739499    893 1.740741 1.000714    
23 83 85 84 23 40 1.729940    888 1.732143 1.001273    
23 86 88 87 23 41 1.712754    878 1.712644 0.999935    
23 89 91 90 23 42 1.708230    875 1.705556 0.998434    
23 92 94 93 23 43 1.692228    869 1.693548 1.000780    
23 95 97 96 23 44 1.678935    860 1.677083 0.998897    
23 98 100 99 23 45 1.674080    858 1.671717 0.998589    
23 101 103 102 23 46 1.668092    855 1.666667 0.999146    
23 104 109 107 23 47 1.651542    846 1.649533 0.998784    
23 110 115 113 23 48 1.644738    844 1.646018 1.000778    
23 116 121 119 23 49 1.626683    834 1.626050 0.999611    
23 122 127 125 23 50 1.615379    829 1.616000 1.000384    
23 128 133 131 23 51 1.600006    820 1.599237 0.999519    
23 134 139 137 23 52 1.585754    812 1.583942 0.998857    
23 140 145 143 23 53 1.566218    803 1.566434 1.000138    
23 146 151 149 23 54 1.549860    795 1.550336 1.000307    
23 152 157 155 23 55 1.539876    789 1.538710 0.999242    
23 158 163 161 23 56 1.532193    785 1.531056 0.999258    
23 164 169 167 23 57 1.522828    781 1.523952 1.000738    
23 170 175 173 23 58 1.520850    779 1.520231 0.999593    
23 176 181 179 23 59 1.513927    776 1.513966 1.000026    
23 182 187 185 23 60 1.508685    773 1.508108 0.999617    
23 188 193 191 23 61 1.504257    772 1.505236 1.000651    
23 194 254 224 23 62 1.478606    757 1.477679 0.999373    
23 255 255 255 23 63 1.458440    747 1.458824 1.000263    
24 0 0 0 24 0 1.000000    512 1.000000 1.000000       # ieta [25], pt 0
24 15 15 15 24 1 2.592482    20479 2.600000 1.002900    
24 16 16 16 24 2 2.512881    18431 2.500000 0.994874    
24 17 17 17 24 3 2.502069    19455 2.500000 0.999173    
24 18 18 18 24 4 2.464612    19455 2.472222 1.003088    
24 19 19 19 24 5 2.463260    20479 2.473684 1.004232    
24 20 20 20 24 6 2.421446    19455 2.425000 1.001468    
24 21 21 21 24 7 2.385433    18431 2.380952 0.998122    
24 22 22 22 24 8 2.357050    18431 2.363636 1.002794    
24 23 23 23 24 9 2.326224    17407 2.326087 0.999941    
24 24 24 24 24 10 2.276985    15359 2.270833 0.997298    
24 25 25 25 24 11 2.237419    14335 2.240000 1.001154    
24 26 26 26 24 12 2.232738    14335 2.230769 0.999118    
24 27 27 27 24 13 2.220674    14335 2.222222 1.000697    
24 28 28 28 24 14 2.215856    14335 2.214286 0.999292    
24 29 29 29 24 15 2.187379    13311 2.189655 1.001041    
24 30 30 30 24 16 2.150511    11263 2.150000 0.999762    
24 31 31 31 24 17 2.139508    11263 2.145161 1.002642    
24 32 33 33 24 18 2.101494    9215 2.106061 1.002173    
24 34 35 35 24 19 2.079777    8191 2.085714 1.002855    
24 36 37 37 24 20 2.060139    6143 2.054054 0.997046    
24 38 39 39 24 21 2.034626    5119 2.038462 1.001885    
24 40 41 41 24 22 2.014623    3071 2.012195 0.998795    
24 42 43 43 24 23 1.979456    1016 1.976744 0.998630    
24 44 45 45 24 24 1.958817    1004 1.955556 0.998335    
24 46 47 47 24 25 1.940977    995 1.936170 0.997524    
24 48 49 49 24 26 1.926359    990 1.928571 1.001149    
24 50 51 51 24 27 1.911658    981 1.911765 1.000056    
24 52 53 53 24 28 1.886171    969 1.886792 1.000329    
24 54 55 55 24 29 1.861699    957 1.863636 1.001041    
24 56 57 57 24 30 1.851503    950 1.850877 0.999662    
24 58 59 59 24 31 1.844287    948 1.847458 1.001719    
24 60 61 61 24 32 1.825301    938 1.827869 1.001407    
24 62 64 63 24 33 1.809341    929 1.809524 1.000101    
24 65 67 66 24 34 1.796281    922 1.795455 0.999540    
24 68 70 69 24 35 1.781099    915 1.782609 1.000848    
24 71 73 72 24 36 1.764531    905 1.763889 0.999636    
24 74 76 75 24 37 1.757583    903 1.760000 1.001375    
24 77 79 78 24 38 1.743811    894 1.743590 0.999873    
24 80 82 81 24 39 1.734602    890 1.734568 0.999981    
24 83 85 84 24 40 1.725069    885 1.726190 1.000650    
24 86 88 87 24 41 1.707932    875 1.706897 0.999394    
24 89 91 90 24 42 1.703420    875 1.705556 1.001253    
24 92 94 93 24 43 1.687929    866 1.688172 1.000144    
24 95 97 96 24 44 1.674670    860 1.677083 1.001441    
24 98 100 99 24 45 1.669827    857 1.671717 1.001132    
24 101 103 102 24 46 1.663854    852 1.661765 0.998744    
24 104 109 107 24 47 1.647346    846 1.649533 1.001327    
24 110 115 113 24 48 1.640560    842 1.641593 1.000630    
24 116 121 119 24 49 1.622551    832 1.621849 0.999567    
24 122 127 125 24 50 1.611372    827 1.612000 1.000390    
24 128 133 131 24 51 1.595762    818 1.595420 0.999785    
24 134 139 137 24 52 1.581548    810 1.580292 0.999206    
24 140 145 143 24 53 1.562064    802 1.562937 1.000559    
24 146 151 149 24 54 1.543566    792 1.543624 1.000038    
24 152 157 155 24 55 1.535223    787 1.535484 1.000170    
24 158 163 161 24 56 1.527896    783 1.527950 1.000035    
24 164 169 167 24 57 1.518558    778 1.517964 0.999609    
24 170 175 173 24 58 1.516585    778 1.517341 1.000499    
24 176 181 179 24 59 1.509681    773 1.508380 0.999138    
24 182 187 185 24 60 1.504455    772 1.505405 1.000632    
24 188 193 191 24 61 1.500039    769 1.500000 0.999974    
24 194 254 224 24 62 1.474800    756 1.475446 1.000438    
24 255 255 255 24 63 1.455116    745 1.454902 0.999853    
25 0 0 0 25 0 1.000000    512 1.000000 1.000000       # ieta [26], pt 0
25 15 15 15 25 1 2.517989    18431 2.533333 1.006094    
25 16 16 16 25 2 2.458005    17407 2.468750 1.004371    
25 17 17 17 25 3 2.454300    17407 2.441176 0.994653    
25 18 18 18 25 4 2.413923    17407 2.416667 1.001137    
25 19 19 19 25 5 2.418972    18431 2.421053 1.000860    
25 20 20 20 25 6 2.376937    17407 2.375000 0.999185    
25 21 21 21 25 7 2.343846    16383 2.333333 0.995515    
25 22 22 22 25 8 2.321135    16383 2.318182 0.998728    
25 23 23 23 25 9 2.296337    16383 2.304348 1.003489    
25 24 24 24 25 10 2.248565    14335 2.250000 1.000638    
25 25 25 25 25 11 2.213197    13311 2.220000 1.003074    
25 26 26 26 25 12 2.208853    13311 2.211538 1.001216    
25 27 27 27 25 13 2.198916    13311 2.203704 1.002177    
25 28 28 28 25 14 2.194808    13311 2.196429 1.000738    
25 29 29 29 25 15 2.166601    12287 2.172414 1.002683    
25 30 30 30 25 16 2.135776    10239 2.133333 0.998856    
25 31 31 31 25 17 2.126218    10239 2.129032 1.001324    
25 32 33 33 25 18 2.092204    8191 2.090909 0.999381    
25 34 35 35 25 19 2.076792    7167 2.071429 0.997418    
25 36 37 37 25 20 2.050778    6143 2.054054 1.001598    
25 38 39 39 25 21 2.041837    5119 2.038462 0.998347    
25 40 41 41 25 22 2.021763    4095 2.024390 1.001299    
25 42 43 43 25 23 1.986471    1021 1.988372 1.000957    
25 44 45 45 25 24 1.965759    1010 1.966667 1.000462    
25 46 47 47 25 25 1.947856    1000 1.946809 0.999462    
25 48 49 49 25 26 1.933186    991 1.928571 0.997613    
25 50 51 51 25 27 1.918434    986 1.921569 1.001634    
25 52 53 53 25 28 1.892856    973 1.896226 1.001781    
25 54 55 55 25 29 1.868297    961 1.872727 1.002371    
25 56 57 57 25 30 1.857109    955 1.859649 1.001368    
25 58 59 59 25 31 1.849870    949 1.847458 0.998696    
25 60 61 61 25 32 1.830827    939 1.827869 0.998384    
25 62 64 63 25 33 1.814818    933 1.817460 1.001456    
25 65 67 66 25 34 1.801719    926 1.803030 1.000728    
25 68 70 69 25 35 1.786491    919 1.789855 1.001883    
25 71 73 72 25 36 1.769873    909 1.770833 1.000542    
25 74 76 75 25 37 1.762904    903 1.760000 0.998353    
25 77 79 78 25 38 1.749091    898 1.750000 1.000520    
25 80 82 81 25 39 1.739853    893 1.740741 1.000510    
25 83 85 84 25 40 1.730292    888 1.732143 1.001070    
25 86 88 87 25 41 1.713103    878 1.712644 0.999732    
25 89 91 90 25 42 1.708577    878 1.711111 1.001483    
25 92 94 93 25 43 1.692369    869 1.693548 1.000697    
25 95 97 96 25 44 1.679075    860 1.677083 0.998814    
25 98 100 99 25 45 1.674219    858 1.671717 0.998506    
25 101 103 102 25 46 1.668231    855 1.666667 0.999062    
25 104 109 107 25 47 1.651680    846 1.649533 0.998700    
25 110 115 113 25 48 1.644852    844 1.646018 1.000709    
25 116 121 119 25 49 1.626681    834 1.626050 0.999612    
25 122 127 125 25 50 1.615473    829 1.616000 1.000326    
25 128 133 131 25 51 1.599824    820 1.599237 0.999633    
25 134 139 137 25 52 1.585574    812 1.583942 0.998970    
25 140 145 143 25 53 1.566040    803 1.566434 1.000251    
25 146 151 149 25 54 1.548533    793 1.546980 0.998997    
25 152 157 155 25 55 1.539033    789 1.538710 0.999790    
25 158 163 161 25 56 1.531196    785 1.531056 0.999909    
25 164 169 167 25 57 1.521837    780 1.520958 0.999422    
25 170 175 173 25 58 1.519860    779 1.520231 1.000244    
25 176 181 179 25 59 1.512941    776 1.513966 1.000678    
25 182 187 185 25 60 1.507703    773 1.508108 1.000268    
25 188 193 191 25 61 1.503278    770 1.502618 0.999561    
25 194 254 224 25 62 1.477985    757 1.477679 0.999793    
25 255 255 255 25 63 1.458258    747 1.458824 1.000388    
26 0 0 0 26 0 1.000000    512 1.000000 1.000000       # ieta [27], pt 0
26 15 15 15 26 1 3.126916    36863 3.133333 1.002052    
26 16 16 16 26 2 3.127861    38911 3.125000 0.999085    
26 17 17 17 26 3 3.127078    40959 3.117647 0.996984    
26 18 18 18 26 4 2.992230    38911 3.000000 1.002597    
26 19 19 19 26 5 2.982518    39935 2.973684 0.997038    
26 20 20 20 26 6 2.827723    35839 2.825000 0.999037    
26 21 21 21 26 7 2.753329    34815 2.761905 1.003115    
26 22 22 22 26 8 2.700321    33791 2.704545 1.001564    
26 23 23 23 26 9 2.687233    34815 2.695652 1.003133    
26 24 24 24 26 10 2.681857    35839 2.687500 1.002104    
26 25 25 25 26 11 2.619897    33791 2.620000 1.000039    
26 26 26 26 26 12 2.590817    33791 2.596154 1.002060    
26 27 27 27 26 13 2.504585    29695 2.500000 0.998169    
26 28 28 28 26 14 2.449235    27647 2.446429 0.998854    
26 29 29 29 26 15 2.417451    26623 2.413793 0.998487    
26 30 30 30 26 16 2.386767    25599 2.383333 0.998561    
26 31 31 31 26 17 2.366482    25599 2.370968 1.001896    
26 32 33 33 26 18 2.330651    24575 2.333333 1.001151    
26 34 35 35 26 19 2.302035    23551 2.300000 0.999116    
26 36 37 37 26 20 2.248818    20479 2.243243 0.997521    
26 38 39 39 26 21 2.246157    21503 2.243590 0.998857    
26 40 41 41 26 22 2.228119    21503 2.231707 1.001610    
26 42 43 43 26 23 2.180892    18431 2.186047 1.002364    
26 44 45 45 26 24 2.160042    16383 2.155556 0.997923    
26 46 47 47 26 25 2.129441    14335 2.127660 0.999164    
26 48 49 49 26 26 2.096494    11263 2.091837 0.997778    
26 50 51 51 26 27 2.078505    10239 2.078431 0.999964    
26 52 53 53 26 28 2.046974    7167 2.047170 1.000096    
26 54 55 55 26 29 2.025398    5119 2.027273 1.000926    
26 56 57 57 26 30 2.012182    3071 2.008772 0.998305    
26 58 59 59 26 31 2.006028    3071 2.008475 1.001219    
26 60 61 61 26 32 1.981417    1018 1.983607 1.001105    
26 62 64 63 26 33 1.963834    1006 1.960317 0.998209    
26 65 67 66 26 34 1.953063    1003 1.954545 1.000759    
26 68 70 69 26 35 1.944308    997 1.942029 0.998828    
26 71 73 72 26 36 1.926104    987 1.923611 0.998706    
26 74 76 75 26 37 1.920598    985 1.920000 0.999688    
26 77 79 78 26 38 1.901639    977 1.903846 1.001161    
26 80 82 81 26 39 1.884896    966 1.882716 0.998844    
26 83 85 84 26 40 1.877138    962 1.875000 0.998861    
26 86 88 87 26 41 1.860927    955 1.862069 1.000614    
26 89 91 90 26 42 1.856774    952 1.855556 0.999344    
26 92 94 93 26 43 1.843058    946 1.844086 1.000558    
26 95 97 96 26 44 1.824589    935 1.822917 0.999083    
26 98 100 99 26 45 1.813120    930 1.813131 1.000006    
26 101 103 102 26 46 1.790881    918 1.789216 0.999070    
26 104 109 107 26 47 1.764790    906 1.766355 1.000887    
26 110 115 113 26 48 1.753651    899 1.752212 0.999180    
26 116 121 119 26 49 1.731401    888 1.731092 0.999822    
26 122 127 125 26 50 1.719471    882 1.720000 1.000307    
26 128 133 131 26 51 1.702815    873 1.702290 0.999692    
26 134 139 137 26 52 1.687647    865 1.686131 0.999102    
26 140 145 143 26 53 1.663503    853 1.664336 1.000500    
26 146 151 149 26 54 1.643434    843 1.644295 1.000524    
26 152 157 155 26 55 1.631876    837 1.632258 1.000234    
26 158 163 161 26 56 1.623227    833 1.624224 1.000614    
26 164 169 167 26 57 1.609944    826 1.610778 1.000518    
26 170 175 173 26 58 1.607311    824 1.606936 0.999767    
26 176 181 179 26 59 1.603638    822 1.603352 0.999822    
26 182 187 185 26 60 1.591849    816 1.591892 1.000027    
26 188 193 191 26 61 1.587034    813 1.586387 0.999593    
26 194 254 224 26 62 1.557221    798 1.558036 1.000523    
26 255 255 255 26 63 1.535032    787 1.535294 1.000171    
27 0 0 0 27 0 1.000000    512 1.000000 1.000000       # ieta [28], pt 0
27 15 15 15 27 1 3.355873    44031 3.366667 1.003216    
27 16 16 16 27 2 3.227966    41983 3.218750 0.997145    
27 17 17 17 27 3 3.186623    43007 3.176471 0.996814    
27 18 18 18 27 4 3.072272    41983 3.083333 1.003600    
27 19 19 19 27 5 3.071629    44031 3.078947 1.002383    
27 20 20 20 27 6 2.937074    39935 2.925000 0.995889    
27 21 21 21 27 7 2.839099    37887 2.833333 0.997969    
27 22 22 22 27 8 2.799794    37887 2.795455 0.998450    
27 23 23 23 27 9 2.789434    38911 2.782609 0.997553    
27 24 24 24 27 10 2.804532    41983 2.812500 1.002841    
27 25 25 25 27 11 2.726456    38911 2.720000 0.997632    
27 26 26 26 27 12 2.696193    38911 2.692308 0.998559    
27 27 27 27 27 13 2.603752    35839 2.611111 1.002826    
27 28 28 28 27 14 2.556979    33791 2.553571 0.998667    
27 29 29 29 27 15 2.557275    34815 2.551724 0.997829    
27 30 30 30 27 16 2.542637    35839 2.550000 1.002896    
27 31 31 31 27 17 2.525518    35839 2.532258 1.002669    
27 32 33 33 27 18 2.477078    33791 2.469697 0.997020    
27 34 35 35 27 19 2.435299    32767 2.428571 0.997238    
27 36 37 37 27 20 2.364586    29695 2.364865 1.000118    
27 38 39 39 27 21 2.344533    29695 2.346154 1.000691    
27 40 41 41 27 22 2.308081    27647 2.304878 0.998612    
27 42 43 43 27 23 2.256665    24575 2.255814 0.999623    
27 44 45 45 27 24 2.248184    24575 2.244444 0.998337    
27 46 47 47 27 25 2.235136    24575 2.234043 0.999511    
27 48 49 49 27 26 2.201276    22527 2.204082 1.001275    
27 50 51 51 27 27 2.182806    21503 2.186275 1.001589    
27 52 53 53 27 28 2.158152    19455 2.160377 1.001031    
27 54 55 55 27 29 2.134627    17407 2.136364 1.000813    
27 56 57 57 27 30 2.114948    15359 2.114035 0.999568    
27 58 59 59 27 31 2.104105    14335 2.101695 0.998854    
27 60 61 61 27 32 2.073503    11263 2.073770 1.000129    
27 62 64 63 27 33 2.062556    10239 2.063492 1.000454    
27 65 67 66 27 34 2.044659    8191 2.045455 1.000389    
27 68 70 69 27 35 2.031813    6143 2.028986 0.998609    
27 71 73 72 27 36 2.009944    3071 2.006944 0.998508    
27 74 76 75 27 37 2.001123    2047 2.000000 0.999439    
27 77 79 78 27 38 1.968318    1009 1.967949 0.999812    
27 80 82 81 27 39 1.947047    997 1.944444 0.998663    
27 83 85 84 27 40 1.939033    995 1.940476 1.000744    
27 86 88 87 27 41 1.921767    984 1.919540 0.998841    
27 89 91 90 27 42 1.920189    986 1.922222 1.001059    
27 92 94 93 27 43 1.914735    981 1.913978 0.999605    
27 95 97 96 27 44 1.900212    975 1.901042 1.000437    
27 98 100 99 27 45 1.886199    966 1.883838 0.998748    
27 101 103 102 27 46 1.858720    953 1.857843 0.999528    
27 104 109 107 27 47 1.833913    939 1.831776 0.998835    
27 110 115 113 27 48 1.822833    935 1.823009 1.000097    
27 116 121 119 27 49 1.799321    922 1.798319 0.999443    
27 122 127 125 27 50 1.787223    917 1.788000 1.000435    
27 128 133 131 27 51 1.769911    908 1.770992 1.000611    
27 134 139 137 27 52 1.754145    900 1.755474 1.000758    
27 140 145 143 27 53 1.727615    886 1.727273 0.999802    
27 146 151 149 27 54 1.703910    874 1.704698 1.000463    
27 152 157 155 27 55 1.690726    867 1.690323 0.999762    
27 158 163 161 27 56 1.679366    861 1.680124 1.000451    
27 164 169 167 27 57 1.665393    853 1.664671 0.999566    
27 170 175 173 27 58 1.662439    852 1.661850 0.999646    
27 176 181 179 27 59 1.659670    850 1.659218 0.999728    
27 182 187 185 27 60 1.647669    845 1.648649 1.000595    
27 188 193 191 27 61 1.641963    841 1.641361 0.999633    
27 194 254 224 27 62 1.592885    817 1.593750 1.000543    
27 255 255 255 27 63 1.565180    802 1.564706 0.999697    
28 0 0 0 28 0 1.000000    512 1.000000 1.000000       # ieta [29], pt 0
28 15 15 15 28 1 2.677520    22527 2.666667 0.995946    
28 16 16 16 28 2 2.480915    17407 2.468750 0.995097    
28 17 17 17 28 3 2.387218    15359 2.382353 0.997962    
28 18 18 18 28 4 2.298083    13311 2.305556 1.003252    
28 19 19 19 28 5 2.229581    11263 2.236842 1.003257    
28 20 20 20 28 6 2.153966    8191 2.150000 0.998159    
28 21 21 21 28 7 2.062234    5119 2.071429 1.004459    
28 22 22 22 28 8 1.988515    1021 1.977273 0.994347    
28 23 23 23 28 9 1.970531    1018 1.978261 1.003923    
28 24 24 24 28 10 1.946720    999 1.937500 0.995264    
28 25 25 25 28 11 1.936528    999 1.940000 1.001793    
28 26 26 26 28 12 1.946278    1000 1.942308 0.997960    
28 27 27 27 28 13 1.897325    974 1.888889 0.995554    
28 28 28 28 28 14 1.851902    955 1.857143 1.002830    
28 29 29 29 28 15 1.844780    949 1.844828 1.000026    
28 30 30 30 28 16 1.828187    943 1.833333 1.002815    
28 31 31 31 28 17 1.804911    929 1.806452 1.000854    
28 32 33 33 28 18 1.780727    920 1.787879 1.004016    
28 34 35 35 28 19 1.754262    903 1.757143 1.001642    
28 36 37 37 28 20 1.730744    889 1.729730 0.999414    
28 38 39 39 28 21 1.718086    883 1.717949 0.999920    
28 40 41 41 28 22 1.707970    878 1.707317 0.999618    
28 42 43 43 28 23 1.693021    873 1.697674 1.002748    
28 44 45 45 28 24 1.677311    862 1.677778 1.000278    
28 46 47 47 28 25 1.665902    858 1.670213 1.002588    
28 48 49 49 28 26 1.652846    849 1.653061 1.000130    
28 50 51 51 28 27 1.637987    841 1.637255 0.999553    
28 52 53 53 28 28 1.637189    843 1.641509 1.002639    
28 54 55 55 28 29 1.633526    840 1.636364 1.001737    
28 56 57 57 28 30 1.631758    838 1.631579 0.999890    
28 58 59 59 28 31 1.623042    836 1.627119 1.002511    
28 60 61 61 28 32 1.600966    821 1.598361 0.998372    
28 62 64 63 28 33 1.577082    811 1.579365 1.001448    
28 65 67 66 28 34 1.548860    794 1.545455 0.997802    
28 68 70 69 28 35 1.538495    789 1.536232 0.998529    
28 71 73 72 28 36 1.531242    784 1.527778 0.997737    
28 74 76 75 28 37 1.527679    784 1.526667 0.999337    
28 77 79 78 28 38 1.526905    783 1.525641 0.999172    
28 80 82 81 28 39 1.524033    782 1.524691 1.000432    
28 83 85 84 28 40 1.518352    779 1.517857 0.999674    
28 86 88 87 28 41 1.515660    778 1.517241 1.001043    
28 89 91 90 28 42 1.515660    778 1.516667 1.000664    
28 92 94 93 28 43 1.507947    773 1.505376 0.998295    
28 95 97 96 28 44 1.486471    762 1.484375 0.998590    
28 98 100 99 28 45 1.470129    754 1.469697 0.999706    
28 101 103 102 28 46 1.469311    754 1.470588 1.000869    
28 104 109 107 28 47 1.442649    741 1.443925 1.000884    
28 110 115 113 28 48 1.432604    736 1.433628 1.000715    
28 116 121 119 28 49 1.429590    733 1.428571 0.999287    
28 122 127 125 28 50 1.417815    726 1.416000 0.998720    
28 128 133 131 28 51 1.410709    725 1.412214 1.001067    
28 134 139 137 28 52 1.406181    721 1.405109 0.999238    
28 140 145 143 28 53 1.401012    719 1.402098 1.000775    
28 146 151 149 28 54 1.399052    718 1.399329 1.000198    
28 152 157 155 28 55 1.392588    715 1.393548 1.000690    
28 158 163 161 28 56 1.372134    704 1.372671 1.000391    
28 164 169 167 28 57 1.361202    699 1.362275 1.000789    
28 170 175 173 28 58 1.348266    692 1.349711 1.001071    
28 176 181 179 28 59 1.346223    690 1.346369 1.000108    
28 182 187 185 28 60 1.343583    689 1.343243 0.999747    
28 188 193 191 28 61 1.340611    687 1.340314 0.999778    
28 194 254 224 28 62 1.329728    682 1.330357 1.000473    
28 255 255 255 28 63 1.317726    675 1.317647 0.999940    
29 0 0 0 29 0 1.000000    512 1.000000 1.000000       # ieta [30], pt 0
29 15 15 15 29 1 2.724983    24575 2.733333 1.003064    
29 16 16 16 29 2 2.516662    19455 2.531250 1.005797    
29 17 17 17 29 3 2.410848    16383 2.411765 1.000380    
29 18 18 18 29 4 2.302195    13311 2.305556 1.001460    
29 19 19 19 29 5 2.225778    11263 2.236842 1.004971    
29 20 20 20 29 6 2.140422    8191 2.150000 1.004475    
29 21 21 21 29 7 2.035158    3071 2.023810 0.994424    
29 22 22 22 29 8 1.953149    1007 1.954545 1.000715    
29 23 23 23 29 9 1.914535    985 1.913043 0.999221    
29 24 24 24 29 10 1.871336    965 1.875000 1.001958    
29 25 25 25 29 11 1.828321    939 1.820000 0.995449    
29 26 26 26 29 12 1.818213    941 1.826923 1.004791    
29 27 27 27 29 13 1.771981    915 1.777778 1.003271    
29 28 28 28 29 14 1.714297    882 1.714286 0.999993    
29 29 29 29 29 15 1.695274    870 1.689655 0.996686    
29 30 30 30 29 16 1.660544    858 1.666667 1.003687    
29 31 31 31 29 17 1.635894    840 1.629032 0.995805    
29 32 33 33 29 18 1.606551    827 1.606061 0.999695    
29 34 35 35 29 19 1.564746    808 1.571429 1.004270    
29 36 37 37 29 20 1.528111    785 1.527027 0.999291    
29 38 39 39 29 21 1.515688    779 1.512821 0.998108    
29 40 41 41 29 22 1.506602    778 1.512195 1.003712    
29 42 43 43 29 23 1.491201    765 1.488372 0.998103    
29 44 45 45 29 24 1.465480    754 1.466667 1.000810    
29 46 47 47 29 25 1.440843    739 1.436170 0.996757    
29 48 49 49 29 26 1.434092    739 1.438776 1.003266    
29 50 51 51 29 27 1.425714    731 1.421569 0.997092    
29 52 53 53 29 28 1.423763    732 1.424528 1.000537    
29 54 55 55 29 29 1.416433    729 1.418182 1.001235    
29 56 57 57 29 30 1.398536    717 1.394737 0.997283    
29 58 59 59 29 31 1.387604    714 1.389831 1.001605    
29 60 61 61 29 32 1.386038    712 1.385246 0.999428    
29 62 64 63 29 33 1.375223    706 1.373016 0.998395    
29 65 67 66 29 34 1.362588    701 1.363636 1.000770    
29 68 70 69 29 35 1.360161    700 1.362319 1.001586    
29 71 73 72 29 36 1.342090    688 1.340278 0.998650    
29 74 76 75 29 37 1.324849    681 1.326667 1.001372    
29 77 79 78 29 38 1.324849    681 1.326923 1.001566    
29 80 82 81 29 39 1.317812    675 1.314815 0.997726    
29 83 85 84 29 40 1.309600    672 1.309524 0.999942    
29 86 88 87 29 41 1.307071    670 1.304598 0.998108    
29 89 91 90 29 42 1.300307    667 1.300000 0.999764    
29 92 94 93 29 43 1.292900    662 1.290323 0.998007    
29 95 97 96 29 44 1.279829    657 1.281250 1.001110    
29 98 100 99 29 45 1.275158    653 1.272727 0.998093    
29 101 103 102 29 46 1.274762    654 1.274510 0.999802    
29 104 109 107 29 47 1.251868    643 1.252336 1.000374    
29 110 115 113 29 48 1.239969    636 1.238938 0.999169    
29 116 121 119 29 49 1.237238    634 1.235294 0.998429    
29 122 127 125 29 50 1.225996    628 1.224000 0.998372    
29 128 133 131 29 51 1.220379    627 1.221374 1.000815    
29 134 139 137 29 52 1.217548    625 1.218978 1.001175    
29 140 145 143 29 53 1.213861    622 1.213287 0.999527    
29 146 151 149 29 54 1.213237    623 1.214765 1.001259    
29 152 157 155 29 55 1.208087    621 1.209677 1.001317    
29 158 163 161 29 56 1.188053    610 1.189441 1.001168    
29 164 169 167 29 57 1.178239    605 1.179641 1.001190    
29 170 175 173 29 58 1.165034    597 1.164740 0.999748    
29 176 181 179 29 59 1.164160    597 1.164804 1.000553    
29 182 187 185 29 60 1.161735    596 1.162162 1.000368    
29 188 193 191 29 61 1.158763    595 1.159686 1.000797    
29 194 254 224 29 62 1.151815    590 1.151786 0.999975    
29 255 255 255 29 63 1.141354    585 1.141176 0.999844    
30 0 0 0 30 0 1.000000    512 1.000000 1.000000       # ieta [31], pt 0
30 15 15 15 30 1 2.683953    23551 2.700000 1.005979    
30 16 16 16 30 2 2.475935    17407 2.468750 0.997098    
30 17 17 17 30 3 2.364392    14335 2.352941 0.995157    
30 18 18 18 30 4 2.230200    10239 2.222222 0.996423    
30 19 19 19 30 5 2.144773    8191 2.157895 1.006118    
30 20 20 20 30 6 2.064068    5119 2.075000 1.005296    
30 21 21 21 30 7 1.947633    1006 1.952381 1.002438    
30 22 22 22 30 8 1.890579    972 1.886364 0.997771    
30 23 23 23 30 9 1.846986    952 1.847826 1.000455    
30 24 24 24 30 10 1.788853    923 1.791667 1.001573    
30 25 25 25 30 11 1.740833    896 1.740000 0.999521    
30 26 26 26 30 12 1.731493    891 1.730769 0.999582    
30 27 27 27 30 13 1.684017    868 1.685185 1.000694    
30 28 28 28 30 14 1.629418    838 1.625000 0.997289    
30 29 29 29 30 15 1.618033    834 1.620690 1.001642    
30 30 30 30 30 16 1.591083    817 1.583333 0.995129    
30 31 31 31 30 17 1.563909    806 1.564516 1.000388    
30 32 33 33 30 18 1.529725    788 1.530303 1.000378    
30 34 35 35 30 19 1.490023    765 1.485714 0.997108    
30 36 37 37 30 20 1.449340    745 1.445946 0.997658    
30 38 39 39 30 21 1.435528    739 1.435897 1.000257    
30 40 41 41 30 22 1.424095    734 1.426829 1.001920    
30 42 43 43 30 23 1.408572    724 1.406977 0.998867    
30 44 45 45 30 24 1.390386    714 1.388889 0.998924    
30 46 47 47 30 25 1.374529    706 1.372340 0.998408    
30 48 49 49 30 26 1.369945    703 1.367347 0.998104    
30 50 51 51 30 27 1.369090    705 1.372549 1.002527    
30 52 53 53 30 28 1.364138    703 1.367925 1.002776    
30 54 55 55 30 29 1.360084    701 1.363636 1.002612    
30 56 57 57 30 30 1.343080    690 1.342105 0.999274    
30 58 59 59 30 31 1.335548    688 1.338983 1.002572    
30 60 61 61 30 32 1.330893    683 1.327869 0.997727    
30 62 64 63 30 33 1.325705    681 1.325397 0.999767    
30 65 67 66 30 34 1.314504    677 1.318182 1.002798    
30 68 70 69 30 35 1.307075    670 1.304348 0.997914    
30 71 73 72 30 36 1.293885    663 1.291667 0.998286    
30 74 76 75 30 37 1.286874    661 1.286667 0.999839    
30 77 79 78 30 38 1.286874    661 1.288462 1.001233    
30 80 82 81 30 39 1.279231    656 1.277778 0.998864    
30 83 85 84 30 40 1.275051    654 1.273810 0.999027    
30 86 88 87 30 41 1.275023    655 1.275862 1.000658    
30 89 91 90 30 42 1.264643    650 1.266667 1.001601    
30 92 94 93 30 43 1.260354    646 1.258065 0.998183    
30 95 97 96 30 44 1.253856    644 1.255208 1.001079    
30 98 100 99 30 45 1.252011    643 1.252525 1.000411    
30 101 103 102 30 46 1.251615    641 1.250000 0.998710    
30 104 109 107 30 47 1.232074    633 1.233645 1.001275    
30 110 115 113 30 48 1.221451    627 1.221239 0.999826    
30 116 121 119 30 49 1.219483    625 1.218487 0.999184    
30 122 127 125 30 50 1.212445    622 1.212000 0.999633    
30 128 133 131 30 51 1.207957    619 1.206107 0.998468    
30 134 139 137 30 52 1.204532    618 1.204380 0.999874    
30 140 145 143 30 53 1.200810    615 1.199301 0.998743    
30 146 151 149 30 54 1.200187    616 1.201342 1.000963    
30 152 157 155 30 55 1.196408    614 1.196774 1.000306    
30 158 163 161 30 56 1.183235    607 1.183230 0.999995    
30 164 169 167 30 57 1.173886    602 1.173653 0.999801    
30 170 175 173 30 58 1.162518    596 1.161850 0.999425    
30 176 181 179 30 59 1.161732    596 1.162011 1.000240    
30 182 187 185 30 60 1.159351    595 1.159459 1.000094    
30 188 193 191 30 61 1.156379    593 1.157068 1.000596    
30 194 254 224 30 62 1.149638    589 1.149554 0.999926    
30 255 255 255 30 63 1.139791    584 1.139216 0.999495    
31 0 0 0 31 0 1.000000    512 1.000000 1.000000       # ieta [32], pt 0
31 15 15 15 31 1 2.482620    16383 2.466667 0.993574    
31 16 16 16 31 2 2.262069    10239 2.250000 0.994665    
31 17 17 17 31 3 2.188942    8191 2.176471 0.994302    
31 18 18 18 31 4 2.077079    5119 2.083333 1.003011    
31 19 19 19 31 5 1.984000    1019 1.973684 0.994800    
31 20 20 20 31 6 1.903363    980 1.900000 0.998233    
31 21 21 21 31 7 1.824539    945 1.833333 1.004820    
31 22 22 22 31 8 1.772627    914 1.772727 1.000056    
31 23 23 23 31 9 1.733042    896 1.739130 1.003513    
31 24 24 24 31 10 1.682120    869 1.687500 1.003198    
31 25 25 25 31 11 1.639245    845 1.640000 1.000461    
31 26 26 26 31 12 1.598371    823 1.596154 0.998613    
31 27 27 27 31 13 1.551170    801 1.555556 1.002827    
31 28 28 28 31 14 1.527846    791 1.535714 1.005150    
31 29 29 29 31 15 1.498073    772 1.500000 1.001286    
31 30 30 30 31 16 1.475551    764 1.483333 1.005274    
31 31 31 31 31 17 1.450837    748 1.451613 1.000535    
31 32 33 33 31 18 1.425322    733 1.424242 0.999243    
31 34 35 35 31 19 1.392064    714 1.385714 0.995439    
31 36 37 37 31 20 1.362214    702 1.364865 1.001946    
31 38 39 39 31 21 1.337714    687 1.333333 0.996725    
31 40 41 41 31 22 1.316462    678 1.317073 1.000464    
31 42 43 43 31 23 1.301954    670 1.302326 1.000286    
31 44 45 45 31 24 1.295335    669 1.300000 1.003601    
31 46 47 47 31 25 1.282715    662 1.287234 1.003523    
31 48 49 49 31 26 1.272966    656 1.275510 1.001999    
31 50 51 51 31 27 1.272977    655 1.274510 1.001204    
31 52 53 53 31 28 1.266854    650 1.264151 0.997866    
31 54 55 55 31 29 1.265182    649 1.263636 0.998778    
31 56 57 57 31 30 1.257518    645 1.254386 0.997510    
31 58 59 59 31 31 1.253940    645 1.254237 1.000237    
31 60 61 61 31 32 1.249604    641 1.245902 0.997038    
31 62 64 63 31 33 1.246676    640 1.246032 0.999483    
31 65 67 66 31 34 1.235825    635 1.234848 0.999210    
31 68 70 69 31 35 1.224617    629 1.224638 1.000017    
31 71 73 72 31 36 1.216107    624 1.215278 0.999318    
31 74 76 75 31 37 1.212857    623 1.213333 1.000392    
31 77 79 78 31 38 1.212857    622 1.211538 0.998913    
31 80 82 81 31 39 1.204731    618 1.203704 0.999147    
31 83 85 84 31 40 1.200977    617 1.202381 1.001169    
31 86 88 87 31 41 1.200950    616 1.201149 1.000166    
31 89 91 90 31 42 1.189777    610 1.188889 0.999254    
31 92 94 93 31 43 1.185100    607 1.182796 0.998056    
31 95 97 96 31 44 1.182295    607 1.182292 0.999997    
31 98 100 99 31 45 1.182137    607 1.181818 0.999730    
31 101 103 102 31 46 1.181674    606 1.181373 0.999745    
31 104 109 107 31 47 1.163055    597 1.163551 1.000427    
31 110 115 113 31 48 1.152569    591 1.150442 0.998155    
31 116 121 119 31 49 1.150600    591 1.151261 1.000574    
31 122 127 125 31 50 1.149025    589 1.148000 0.999108    
31 128 133 131 31 51 1.147296    590 1.148855 1.001359    
31 134 139 137 31 52 1.143892    586 1.142336 0.998639    
31 140 145 143 31 53 1.140895    585 1.139860 0.999093    
31 146 151 149 31 54 1.140271    585 1.140940 1.000586    
31 152 157 155 31 55 1.136493    583 1.135484 0.999112    
31 158 163 161 31 56 1.123320    577 1.124224 1.000804    
31 164 169 167 31 57 1.115054    571 1.113772 0.998851    
31 170 175 173 31 58 1.104930    566 1.104046 0.999200    
31 176 181 179 31 59 1.104144    566 1.103352 0.999282    
31 182 187 185 31 60 1.101763    565 1.102703 1.000853    
31 188 193 191 31 61 1.098791    564 1.099476 1.000624    
31 194 254 224 31 62 1.092050    559 1.091518 0.999513    
31 255 255 255 31 63 1.082202    555 1.082353 1.000139    
32 0 0 0 32 0 1.000000    512 1.000000 1.000000       # ieta [33], pt 0
32 15 15 15 32 1 2.443062    15359 2.433333 0.996018    
32 16 16 16 32 2 2.248130    10239 2.250000 1.000832    
32 17 17 17 32 3 2.161165    7167 2.147059 0.993473    
32 18 18 18 32 4 2.052889    4095 2.055556 1.001299    
32 19 19 19 32 5 1.963631    1017 1.973684 1.005120    
32 20 20 20 32 6 1.876303    966 1.875000 0.999306    
32 21 21 21 32 7 1.798207    933 1.809524 1.006294    
32 22 22 22 32 8 1.736590    892 1.727273 0.994635    
32 23 23 23 32 9 1.696170    874 1.695652 0.999695    
32 24 24 24 32 10 1.643319    848 1.645833 1.001530    
32 25 25 25 32 11 1.600893    825 1.600000 0.999442    
32 26 26 26 32 12 1.560864    803 1.557692 0.997968    
32 27 27 27 32 13 1.497858    773 1.500000 1.001430    
32 28 28 28 32 14 1.470701    755 1.464286 0.995638    
32 29 29 29 32 15 1.440108    746 1.448276 1.005672    
32 30 30 30 32 16 1.414526    730 1.416667 1.001514    
32 31 31 31 32 17 1.388724    715 1.387097 0.998828    
32 32 33 33 32 18 1.357133    702 1.363636 1.004792    
32 34 35 35 32 19 1.318439    678 1.314286 0.996850    
32 36 37 37 32 20 1.287209    662 1.283784 0.997339    
32 38 39 39 32 21 1.270118    653 1.269231 0.999302    
32 40 41 41 32 22 1.249408    641 1.243902 0.995594    
32 42 43 43 32 23 1.235208    635 1.232558 0.997855    
32 44 45 45 32 24 1.228848    635 1.233333 1.003650    
32 46 47 47 32 25 1.213847    624 1.212766 0.999110    
32 48 49 49 32 26 1.201986    619 1.204082 1.001743    
32 50 51 51 32 27 1.196020    615 1.196078 1.000049    
32 52 53 53 32 28 1.190382    611 1.188679 0.998569    
32 54 55 55 32 29 1.190013    612 1.190909 1.000753    
32 56 57 57 32 30 1.184185    609 1.184211 1.000021    
32 58 59 59 32 31 1.181048    606 1.177966 0.997391    
32 60 61 61 32 32 1.176750    607 1.180328 1.003040    
32 62 64 63 32 33 1.173743    604 1.174603 1.000733    
32 65 67 66 32 34 1.164780    600 1.166667 1.001620    
32 68 70 69 32 35 1.153453    592 1.152174 0.998891    
32 71 73 72 32 36 1.150096    592 1.152778 1.002332    
32 74 76 75 32 37 1.149752    589 1.146667 0.997316    
32 77 79 78 32 38 1.149752    589 1.147436 0.997986    
32 80 82 81 32 39 1.147676    590 1.148148 1.000411    
32 83 85 84 32 40 1.145508    587 1.142857 0.997686    
32 86 88 87 32 41 1.145481    587 1.143678 0.998427    
32 89 91 90 32 42 1.118704    573 1.116667 0.998178    
32 92 94 93 32 43 1.112080    571 1.112903 1.000740    
32 95 97 96 32 44 1.107679    569 1.109375 1.001531    
32 98 100 99 32 45 1.107521    568 1.106061 0.998681    
32 101 103 102 32 46 1.107058    569 1.107843 1.000709    
32 104 109 107 32 47 1.101073    566 1.102804 1.001572    
32 110 115 113 32 48 1.099773    566 1.101770 1.001816    
32 116 121 119 32 49 1.098575    563 1.096639 0.998237    
32 122 127 125 32 50 1.098080    565 1.100000 1.001749    
32 128 133 131 32 51 1.096481    562 1.095420 0.999032    
32 134 139 137 32 52 1.092019    560 1.091241 0.999287    
32 140 145 143 32 53 1.089429    560 1.090909 1.001358    
32 146 151 149 32 54 1.088806    558 1.087248 0.998569    
32 152 157 155 32 55 1.087431    558 1.087097 0.999692    
32 158 163 161 32 56 1.085983    558 1.086957 1.000897    
32 164 169 167 32 57 1.081366    554 1.080838 0.999512    
32 170 175 173 32 58 1.076014    551 1.075145 0.999192    
32 176 181 179 32 59 1.075228    552 1.075419 1.000178    
32 182 187 185 32 60 1.072847    550 1.072973 1.000117    
32 188 193 191 32 61 1.069875    549 1.070681 1.000753    
32 194 254 224 32 62 1.063134    545 1.062500 0.999404    
32 255 255 255 32 63 1.053286    540 1.052941 0.999672    
33 0 0 0 33 0 1.000000    512 1.000000 1.000000       # ieta [34], pt 0
33 15 15 15 33 1 2.454221    16383 2.466667 1.005071    
33 16 16 16 33 2 2.254395    10239 2.250000 0.998050    
33 17 17 17 33 3 2.161165    7167 2.147059 0.993473    
33 18 18 18 33 4 2.052889    4095 2.055556 1.001299    
33 19 19 19 33 5 1.963631    1017 1.973684 1.005120    
33 20 20 20 33 6 1.876303    966 1.875000 0.999306    
33 21 21 21 33 7 1.798207    933 1.809524 1.006294    
33 22 22 22 33 8 1.736590    892 1.727273 0.994635    
33 23 23 23 33 9 1.696170    874 1.695652 0.999695    
33 24 24 24 33 10 1.643319    848 1.645833 1.001530    
33 25 25 25 33 11 1.600893    825 1.600000 0.999442    
33 26 26 26 33 12 1.560864    803 1.557692 0.997968    
33 27 27 27 33 13 1.497858    773 1.500000 1.001430    
33 28 28 28 33 14 1.470657    755 1.464286 0.995668    
33 29 29 29 33 15 1.439804    746 1.448276 1.005884    
33 30 30 30 33 16 1.413919    730 1.416667 1.001944    
33 31 31 31 33 17 1.388117    715 1.387097 0.999265    
33 32 33 33 33 18 1.356526    702 1.363636 1.005241    
33 34 35 35 33 19 1.317535    677 1.314286 0.997534    
33 36 37 37 33 20 1.286253    661 1.283784 0.998080    
33 38 39 39 33 21 1.268877    653 1.269231 1.000279    
33 40 41 41 33 22 1.247976    641 1.243902 0.996736    
33 42 43 43 33 23 1.233434    635 1.232558 0.999290    
33 44 45 45 33 24 1.226565    630 1.222222 0.996460    
33 46 47 47 33 25 1.211294    624 1.212766 1.001215    
33 48 49 49 33 26 1.199071    619 1.204082 1.004179    
33 50 51 51 33 27 1.193165    615 1.196078 1.002441    
33 52 53 53 33 28 1.187719    611 1.188679 1.000809    
33 54 55 55 33 29 1.187349    612 1.190909 1.002998    
33 56 57 57 33 30 1.181320    609 1.184211 1.002447    
33 58 59 59 33 31 1.178183    606 1.177966 0.999816    
33 60 61 61 33 32 1.173613    603 1.172131 0.998737    
33 62 64 63 33 33 1.170606    600 1.166667 0.996635    
33 65 67 66 33 34 1.161642    596 1.159091 0.997804    
33 68 70 69 33 35 1.150316    592 1.152174 1.001615    
33 71 73 72 33 36 1.146959    589 1.145833 0.999019    
33 74 76 75 33 37 1.146615    589 1.146667 1.000045    
33 77 79 78 33 38 1.146615    589 1.147436 1.000716    
33 80 82 81 33 39 1.144573    587 1.141975 0.997730    
33 83 85 84 33 40 1.142474    587 1.142857 1.000335    
33 86 88 87 33 41 1.142447    587 1.143678 1.001078    
33 89 91 90 33 42 1.111820    570 1.111111 0.999363    
33 92 94 93 33 43 1.102366    566 1.102151 0.999805    
33 95 97 96 33 44 1.094544    561 1.093750 0.999275    
33 98 100 99 33 45 1.094386    563 1.095960 1.001438    
33 101 103 102 33 46 1.093923    561 1.093137 0.999282    
33 104 109 107 33 47 1.088499    559 1.088785 1.000263    
33 110 115 113 33 48 1.087294    559 1.088496 1.001105    
33 116 121 119 33 49 1.086202    559 1.088235 1.001872    
33 122 127 125 33 50 1.085858    557 1.084000 0.998288    
33 128 133 131 33 51 1.084489    556 1.083969 0.999521    
33 134 139 137 33 52 1.080415    554 1.080292 0.999886    
33 140 145 143 33 53 1.078467    553 1.076923 0.998568    
33 146 151 149 33 54 1.077967    553 1.077181 0.999271    
33 152 157 155 33 55 1.076801    553 1.077419 1.000575    
33 158 163 161 33 56 1.075520    551 1.074534 0.999083    
33 164 169 167 33 57 1.073108    550 1.071856 0.998833    
33 170 175 173 33 58 1.070154    548 1.069364 0.999262    
33 176 181 179 33 59 1.069540    549 1.069832 1.000273    
33 182 187 185 33 60 1.067331    547 1.067568 1.000221    
33 188 193 191 33 61 1.064359    546 1.065445 1.001020    
33 194 254 224 33 62 1.058034    542 1.058036 1.000002    
33 255 255 255 33 63 1.048193    538 1.049020 1.000789    
34 0 0 0 34 0 1.000000    512 1.000000 1.000000       # ieta [35], pt 0
34 15 15 15 34 1 2.458390    16383 2.466667 1.003367    
34 16 16 16 34 2 2.256502    10239 2.250000 0.997119    
34 17 17 17 34 3 2.163272    8191 2.176471 1.006101    
34 18 18 18 34 4 2.054996    4095 2.055556 1.000272    
34 19 19 19 34 5 1.965738    1017 1.973684 1.004043    
34 20 20 20 34 6 1.877795    967 1.875000 0.998511    
34 21 21 21 34 7 1.799699    933 1.809524 1.005459    
34 22 22 22 34 8 1.738083    892 1.727273 0.993781    
34 23 23 23 34 9 1.697663    874 1.695652 0.998816    
34 24 24 24 34 10 1.644812    848 1.645833 1.000621    
34 25 25 25 34 11 1.602386    825 1.600000 0.998511    
34 26 26 26 34 12 1.562357    803 1.557692 0.997015    
34 27 27 27 34 13 1.499003    773 1.500000 1.000665    
34 28 28 28 34 14 1.470773    756 1.464286 0.995589    
34 29 29 29 34 15 1.439920    746 1.448276 1.005803    
34 30 30 30 34 16 1.414035    730 1.416667 1.001861    
34 31 31 31 34 17 1.387995    715 1.387097 0.999353    
34 32 33 33 34 18 1.356405    702 1.363636 1.005331    
34 34 35 35 34 19 1.317414    677 1.314286 0.997626    
34 36 37 37 34 20 1.286132    661 1.283784 0.998174    
34 38 39 39 34 21 1.268756    653 1.269231 1.000374    
34 40 41 41 34 22 1.247854    641 1.243902 0.996833    
34 42 43 43 34 23 1.233313    635 1.232558 0.999388    
34 44 45 45 34 24 1.226088    629 1.222222 0.996847    
34 46 47 47 34 25 1.210461    624 1.212766 1.001904    
34 48 49 49 34 26 1.198238    615 1.193878 0.996361    
34 50 51 51 34 27 1.191439    615 1.196078 1.003894    
34 52 53 53 34 28 1.185823    611 1.188679 1.002409    
34 54 55 55 34 29 1.185165    608 1.181818 0.997176    
34 56 57 57 34 30 1.179014    605 1.175439 0.996967    
34 58 59 59 34 31 1.175755    606 1.177966 1.001881    
34 60 61 61 34 32 1.171185    603 1.172131 1.000808    
34 62 64 63 34 33 1.167826    600 1.166667 0.999007    
34 65 67 66 34 34 1.156884    596 1.159091 1.001908    
34 68 70 69 34 35 1.143920    588 1.144928 1.000881    
34 71 73 72 34 36 1.140426    585 1.138889 0.998652    
34 74 76 75 34 37 1.140014    586 1.140000 0.999987    
34 77 79 78 34 38 1.140014    586 1.141026 1.000887    
34 80 82 81 34 39 1.137973    583 1.135802 0.998093    
34 83 85 84 34 40 1.135874    584 1.136905 1.000907    
34 86 88 87 34 41 1.135874    584 1.137931 1.001811    
34 89 91 90 34 42 1.105545    568 1.105556 1.000009    
34 92 94 93 34 43 1.096443    563 1.096774 1.000302    
34 95 97 96 34 44 1.088571    559 1.088542 0.999973    
34 98 100 99 34 45 1.088036    558 1.085859 0.997999    
34 101 103 102 34 46 1.087572    559 1.088235 1.000610    
34 104 109 107 34 47 1.082149    557 1.084112 1.001814    
34 110 115 113 34 48 1.080943    554 1.079646 0.998800    
34 116 121 119 34 49 1.079852    554 1.079832 0.999982    
34 122 127 125 34 50 1.079508    554 1.080000 1.000456    
34 128 133 131 34 51 1.078139    553 1.076336 0.998328    
34 134 139 137 34 52 1.074873    553 1.076642 1.001646    
34 140 145 143 34 53 1.073348    551 1.073427 1.000073    
34 146 151 149 34 54 1.072892    551 1.073826 1.000870    
34 152 157 155 34 55 1.071769    549 1.070968 0.999252    
34 158 163 161 34 56 1.070489    550 1.071429 1.000878    
34 164 169 167 34 57 1.068111    548 1.068862 1.000703    
34 170 175 173 34 58 1.065326    547 1.066474 1.001077    
34 176 181 179 34 59 1.064713    546 1.064246 0.999561    
34 182 187 185 34 60 1.063883    546 1.064865 1.000923    
34 188 193 191 34 61 1.061600    545 1.062827 1.001156    
34 194 254 224 34 62 1.055499    541 1.055804 1.000289    
34 255 255 255 34 63 1.045662    536 1.045098 0.999461    
35 0 0 0 35 0 1.000000    512 1.000000 1.000000       # ieta [36], pt 0
35 15 15 15 35 1 2.506605    17407 2.500000 0.997365    
35 16 16 16 35 2 2.279574    11263 2.281250 1.000735    
35 17 17 17 35 3 2.194875    9215 2.205882 1.005015    
35 18 18 18 35 4 2.075514    5119 2.083333 1.003767    
35 19 19 19 35 5 1.976879    1018 1.973684 0.998384    
35 20 20 20 35 6 1.888937    979 1.900000 1.005857    
35 21 21 21 35 7 1.806437    933 1.809524 1.001709    
35 22 22 22 35 8 1.746648    902 1.750000 1.001919    
35 23 23 23 35 9 1.702795    875 1.695652 0.995805    
35 24 24 24 35 10 1.650132    849 1.645833 0.997395    
35 25 25 25 35 11 1.608097    826 1.600000 0.994965    
35 26 26 26 35 12 1.567422    813 1.576923 1.006062    
35 27 27 27 35 13 1.506255    774 1.500000 0.995847    
35 28 28 28 35 14 1.477040    763 1.482143 1.003455    
35 29 29 29 35 15 1.446188    746 1.448276 1.001444    
35 30 30 30 35 16 1.420302    730 1.416667 0.997440    
35 31 31 31 35 17 1.393745    716 1.387097 0.995230    
35 32 33 33 35 18 1.362154    702 1.363636 1.001088    
35 34 35 35 35 19 1.322931    684 1.328571 1.004264    
35 36 37 37 35 20 1.290902    668 1.297297 1.004954    
35 38 39 39 35 21 1.272815    654 1.269231 0.997184    
35 40 41 41 35 22 1.251452    647 1.256098 1.003712    
35 42 43 43 35 23 1.235709    635 1.232558 0.997450    
35 44 45 45 35 24 1.226899    630 1.222222 0.996188    
35 46 47 47 35 25 1.210983    624 1.212766 1.001472    
35 48 49 49 35 26 1.198589    615 1.193878 0.996069    
35 50 51 51 35 27 1.191789    615 1.196078 1.003599    
35 52 53 53 35 28 1.185871    611 1.188679 1.002368    
35 54 55 55 35 29 1.182632    608 1.181818 0.999312    
35 56 57 57 35 30 1.178524    605 1.175439 0.997382    
35 58 59 59 35 31 1.174912    606 1.177966 1.002599    
35 60 61 61 35 32 1.169125    603 1.172131 1.002572    
35 62 64 63 35 33 1.165765    600 1.166667 1.000773    
35 65 67 66 35 34 1.154823    592 1.151515 0.997135    
35 68 70 69 35 35 1.141859    588 1.144928 1.002687    
35 71 73 72 35 36 1.138366    585 1.138889 1.000459    
35 74 76 75 35 37 1.137954    586 1.140000 1.001798    
35 77 79 78 35 38 1.137954    586 1.141026 1.002699    
35 80 82 81 35 39 1.135913    583 1.135802 0.999903    
35 83 85 84 35 40 1.133814    581 1.130952 0.997476    
35 86 88 87 35 41 1.133814    581 1.132184 0.998562    
35 89 91 90 35 42 1.104585    568 1.105556 1.000878    
35 92 94 93 35 43 1.095035    563 1.096774 1.001588    
35 95 97 96 35 44 1.086988    559 1.088542 1.001430    
35 98 100 99 35 45 1.086452    557 1.085859 0.999454    
35 101 103 102 35 46 1.085989    559 1.088235 1.002069    
35 104 109 107 35 47 1.080565    554 1.079439 0.998958    
35 110 115 113 35 48 1.079360    554 1.079646 1.000265    
35 116 121 119 35 49 1.078268    554 1.079832 1.001450    
35 122 127 125 35 50 1.077925    552 1.076000 0.998214    
35 128 133 131 35 51 1.077207    553 1.076336 0.999191    
35 134 139 137 35 52 1.074594    551 1.072993 0.998510    
35 140 145 143 35 53 1.073069    551 1.073427 1.000334    
35 146 151 149 35 54 1.072613    551 1.073826 1.001131    
35 152 157 155 35 55 1.071490    549 1.070968 0.999513    
35 158 163 161 35 56 1.070209    550 1.071429 1.001139    
35 164 169 167 35 57 1.067516    548 1.068862 1.001261    
35 170 175 173 35 58 1.064732    546 1.063584 0.998922    
35 176 181 179 35 59 1.064249    546 1.064246 0.999997    
35 182 187 185 35 60 1.063550    546 1.064865 1.001236    
35 188 193 191 35 61 1.061267    544 1.060209 0.999003    
35 194 254 224 35 62 1.055166    541 1.055804 1.000604    
35 255 255 255 35 63 1.045330    536 1.045098 0.999779    
36 0 0 0 36 0 1.000000    512 1.000000 1.000000       # ieta [37], pt 0
36 15 15 15 36 1 2.530036    18431 2.533333 1.001303    
36 16 16 16 36 2 2.297774    12287 2.312500 1.006409    
36 17 17 17 36 3 2.217931    9215 2.205882 0.994568    
36 18 18 18 36 4 2.092568    5119 2.083333 0.995587    
36 19 19 19 36 5 1.998572    2047 2.000000 1.000714    
36 20 20 20 36 6 1.911700    982 1.900000 0.993880    
36 21 21 21 36 7 1.829380    945 1.833333 1.002161    
36 22 22 22 36 8 1.771983    914 1.772727 1.000420    
36 23 23 23 36 9 1.720392    885 1.717391 0.998256    
36 24 24 24 36 10 1.670986    859 1.666667 0.997415    
36 25 25 25 36 11 1.628984    837 1.620000 0.994485    
36 26 26 26 36 12 1.588309    823 1.596154 1.004939    
36 27 27 27 36 13 1.536383    792 1.537037 1.000425    
36 28 28 28 36 14 1.511037    782 1.517857 1.004513    
36 29 29 29 36 15 1.479954    764 1.482759 1.001895    
36 30 30 30 36 16 1.454237    747 1.450000 0.997087    
36 31 31 31 36 17 1.428889    739 1.435484 1.004615    
36 32 33 33 36 18 1.397036    718 1.393939 0.997784    
36 34 35 35 36 19 1.351121    699 1.357143 1.004457    
36 36 37 37 36 20 1.310811    675 1.310811 1.000000    
36 38 39 39 36 21 1.288631    666 1.294872 1.004843    
36 40 41 41 36 22 1.265647    653 1.268293 1.002091    
36 42 43 43 36 23 1.249460    641 1.244186 0.995779    
36 44 45 45 36 24 1.240756    640 1.244444 1.002973    
36 46 47 47 36 25 1.224857    629 1.223404 0.998814    
36 48 49 49 36 26 1.212415    624 1.214286 1.001543    
36 50 51 51 36 27 1.207485    620 1.205882 0.998673    
36 52 53 53 36 28 1.199826    616 1.198113 0.998572    
36 54 55 55 36 29 1.187622    612 1.190909 1.002768    
36 56 57 57 36 30 1.184318    609 1.184211 0.999909    
36 58 59 59 36 31 1.180539    606 1.177966 0.997821    
36 60 61 61 36 32 1.174751    603 1.172131 0.997770    
36 62 64 63 36 33 1.171392    604 1.174603 1.002741    
36 65 67 66 36 34 1.160343    596 1.159091 0.998921    
36 68 70 69 36 35 1.147326    588 1.144928 0.997910    
36 71 73 72 36 36 1.143832    589 1.145833 1.001749    
36 74 76 75 36 37 1.143420    589 1.146667 1.002839    
36 77 79 78 36 38 1.143420    586 1.141026 0.997906    
36 80 82 81 36 39 1.141379    586 1.141975 1.000523    
36 83 85 84 36 40 1.139279    584 1.136905 0.997916    
36 86 88 87 36 41 1.139279    584 1.137931 0.998817    
36 89 91 90 36 42 1.115155    573 1.116667 1.001355    
36 92 94 93 36 43 1.105604    569 1.107527 1.001739    
36 95 97 96 36 44 1.098312    564 1.098958 1.000588    
36 98 100 99 36 45 1.098154    563 1.095960 0.998002    
36 101 103 102 36 46 1.097691    564 1.098039 1.000318    
36 104 109 107 36 47 1.092267    561 1.093458 1.001090    
36 110 115 113 36 48 1.091062    561 1.092920 1.001704    
36 116 121 119 36 49 1.089970    559 1.088235 0.998408    
36 122 127 125 36 50 1.089627    559 1.088000 0.998507    
36 128 133 131 36 51 1.089519    558 1.087786 0.998410    
36 134 139 137 36 52 1.087446    558 1.087591 1.000134    
36 140 145 143 36 53 1.085783    558 1.087413 1.001501    
36 146 151 149 36 54 1.085327    556 1.083893 0.998678    
36 152 157 155 36 55 1.084204    556 1.083871 0.999693    
36 158 163 161 36 56 1.082924    556 1.083851 1.000856    
36 164 169 167 36 57 1.080231    554 1.080838 1.000563    
36 170 175 173 36 58 1.077446    553 1.078035 1.000546    
36 176 181 179 36 59 1.076964    553 1.078212 1.001159    
36 182 187 185 36 60 1.076265    552 1.075676 0.999453    
36 188 193 191 36 61 1.073982    550 1.073298 0.999364    
36 194 254 224 36 62 1.067881    547 1.066964 0.999142    
36 255 255 255 36 63 1.058044    543 1.058824 1.000737    
37 0 0 0 37 0 1.000000    512 1.000000 1.000000       # ieta [38], pt 0
37 15 15 15 37 1 2.536267    18431 2.533333 0.998843    
37 16 16 16 37 2 2.311703    12287 2.312500 1.000345    
37 17 17 17 37 3 2.234903    10239 2.235294 1.000175    
37 18 18 18 37 4 2.115037    6143 2.111111 0.998144    
37 19 19 19 37 5 2.029984    3071 2.026316 0.998193    
37 20 20 20 37 6 1.958326    1007 1.950000 0.995748    
37 21 21 21 37 7 1.888092    971 1.880952 0.996219    
37 22 22 22 37 8 1.836128    949 1.840909 1.002604    
37 23 23 23 37 9 1.780108    918 1.782609 1.001405    
37 24 24 24 37 10 1.722102    891 1.729167 1.004102    
37 25 25 25 37 11 1.682308    866 1.680000 0.998628    
37 26 26 26 37 12 1.648843    852 1.653846 1.003034    
37 27 27 27 37 13 1.578961    812 1.574074 0.996905    
37 28 28 28 37 14 1.547826    800 1.553571 1.003712    
37 29 29 29 37 15 1.512817    781 1.517241 1.002924    
37 30 30 30 37 16 1.505207    773 1.500000 0.996541    
37 31 31 31 37 17 1.479372    764 1.483871 1.003041    
37 32 33 33 37 18 1.453820    749 1.454545 1.000499    
37 34 35 35 37 19 1.412953    728 1.414286 1.000943    
37 36 37 37 37 20 1.379711    709 1.378378 0.999034    
37 38 39 39 37 21 1.355569    699 1.358974 1.002512    
37 40 41 41 37 22 1.329162    684 1.329268 1.000080    
37 42 43 43 37 23 1.309028    676 1.313953 1.003762    
37 44 45 45 37 24 1.300472    669 1.300000 0.999637    
37 46 47 47 37 25 1.281052    657 1.276596 0.996521    
37 48 49 49 37 26 1.272767    656 1.275510 1.002155    
37 50 51 51 37 27 1.272581    655 1.274510 1.001516    
37 52 53 53 37 28 1.264459    650 1.264151 0.999756    
37 54 55 55 37 29 1.252256    645 1.254545 1.001828    
37 56 57 57 37 30 1.243160    640 1.245614 1.001974    
37 58 59 59 37 31 1.239381    636 1.237288 0.998311    
37 60 61 61 37 32 1.235738    636 1.237705 1.001592    
37 62 64 63 37 33 1.232661    632 1.230159 0.997970    
37 65 67 66 37 34 1.222138    627 1.219697 0.998003    
37 68 70 69 37 35 1.211627    622 1.210145 0.998777    
37 71 73 72 37 36 1.207485    621 1.208333 1.000703    
37 74 76 75 37 37 1.206818    620 1.206667 0.999874    
37 77 79 78 37 38 1.206818    619 1.205128 0.998600    
37 80 82 81 37 39 1.204777    618 1.203704 0.999109    
37 83 85 84 37 40 1.202678    617 1.202381 0.999753    
37 86 88 87 37 41 1.202678    616 1.201149 0.998729    
37 89 91 90 37 42 1.186484    610 1.188889 1.002027    
37 92 94 93 37 43 1.176933    604 1.177419 1.000413    
37 95 97 96 37 44 1.169641    601 1.171875 1.001910    
37 98 100 99 37 45 1.169483    601 1.171717 1.001910    
37 101 103 102 37 46 1.169020    599 1.166667 0.997987    
37 104 109 107 37 47 1.163596    597 1.163551 0.999962    
37 110 115 113 37 48 1.162391    597 1.163717 1.001141    
37 116 121 119 37 49 1.161299    595 1.159664 0.998592    
37 122 127 125 37 50 1.160956    595 1.160000 0.999177    
37 128 133 131 37 51 1.160848    596 1.160305 0.999533    
37 134 139 137 37 52 1.158775    596 1.160584 1.001561    
37 140 145 143 37 53 1.157112    594 1.157343 1.000199    
37 146 151 149 37 54 1.156656    594 1.157718 1.000918    
37 152 157 155 37 55 1.155533    592 1.154839 0.999399    
37 158 163 161 37 56 1.154253    593 1.155280 1.000889    
37 164 169 167 37 57 1.151560    591 1.152695 1.000986    
37 170 175 173 37 58 1.148775    588 1.147399 0.998802    
37 176 181 179 37 59 1.148293    589 1.148045 0.999784    
37 182 187 185 37 60 1.147594    589 1.148649 1.000919    
37 188 193 191 37 61 1.145311    588 1.146597 1.001123    
37 194 254 224 37 62 1.139210    583 1.138393 0.999283    
37 255 255 255 37 63 1.129373    579 1.129412 1.000034    
38 0 0 0 38 0 1.000000    512 1.000000 1.000000       # ieta [39], pt 0
38 15 15 15 38 1 3.102367    35839 3.100000 0.999237    
38 16 16 16 38 2 2.842163    29695 2.843750 1.000558    
38 17 17 17 38 3 2.772205    28671 2.764706 0.997295    
38 18 18 18 38 4 2.657051    26623 2.666667 1.003619    
38 19 19 19 38 5 2.591696    24575 2.578947 0.995081    
38 20 20 20 38 6 2.453690    20479 2.450000 0.998496    
38 21 21 21 38 7 2.315375    15359 2.309524 0.997473    
38 22 22 22 38 8 2.252623    13311 2.250000 0.998836    
38 23 23 23 38 9 2.173081    10239 2.173913 1.000383    
38 24 24 24 38 10 2.076447    6143 2.083333 1.003316    
38 25 25 25 38 11 1.994515    2045 2.000000 1.002750    
38 26 26 26 38 12 1.974838    1019 1.980769 1.003003    
38 27 27 27 38 13 1.944882    1001 1.944444 0.999775    
38 28 28 28 38 14 1.858545    955 1.857143 0.999246    
38 29 29 29 38 15 1.840448    949 1.844828 1.002380    
38 30 30 30 38 16 1.815945    935 1.816667 1.000397    
38 31 31 31 38 17 1.776896    913 1.774194 0.998479    
38 32 33 33 38 18 1.745105    896 1.742424 0.998464    
38 34 35 35 38 19 1.691276    868 1.685714 0.996712    
38 36 37 37 38 20 1.608617    827 1.608108 0.999684    
38 38 39 39 38 21 1.578776    811 1.576923 0.998826    
38 40 41 41 38 22 1.528300    784 1.524390 0.997441    
38 42 43 43 38 23 1.497907    771 1.500000 1.001397    
38 44 45 45 38 24 1.475735    760 1.477778 1.001385    
38 46 47 47 38 25 1.431228    738 1.436170 1.003453    
38 48 49 49 38 26 1.416899    729 1.418367 1.001036    
38 50 51 51 38 27 1.416713    730 1.421569 1.003427    
38 52 53 53 38 28 1.405855    722 1.405660 0.999862    
38 54 55 55 38 29 1.393744    715 1.390909 0.997966    
38 56 57 57 38 30 1.380794    708 1.377193 0.997392    
38 58 59 59 38 31 1.375714    706 1.372881 0.997941    
38 60 61 61 38 32 1.369173    703 1.368852 0.999766    
38 62 64 63 38 33 1.367110    701 1.365079 0.998515    
38 65 67 66 38 34 1.354832    697 1.356061 1.000906    
38 68 70 69 38 35 1.338928    689 1.340580 1.001234    
38 71 73 72 38 36 1.335290    685 1.333333 0.998534    
38 74 76 75 38 37 1.334624    685 1.333333 0.999033    
38 77 79 78 38 38 1.334624    684 1.333333 0.999033    
38 80 82 81 38 39 1.332582    684 1.333333 1.000563    
38 83 85 84 38 40 1.330484    684 1.333333 1.002142    
38 86 88 87 38 41 1.330484    684 1.333333 1.002142    
38 89 91 90 38 42 1.316164    676 1.316667 1.000382    
38 92 94 93 38 43 1.306614    670 1.306452 0.999876    
38 95 97 96 38 44 1.299322    666 1.296875 0.998117    
38 98 100 99 38 45 1.299164    666 1.297980 0.999089    
38 101 103 102 38 46 1.298700    667 1.299020 1.000246    
38 104 109 107 38 47 1.293276    664 1.294393 1.000863    
38 110 115 113 38 48 1.292071    663 1.292035 0.999972    
38 116 121 119 38 49 1.290979    662 1.289916 0.999176    
38 122 127 125 38 50 1.290636    663 1.292000 1.001057    
38 128 133 131 38 51 1.290528    662 1.290076 0.999650    
38 134 139 137 38 52 1.288455    661 1.288321 0.999896    
38 140 145 143 38 53 1.286792    660 1.286713 0.999938    
38 146 151 149 38 54 1.286336    659 1.285235 0.999144    
38 152 157 155 38 55 1.285213    658 1.283871 0.998955    
38 158 163 161 38 56 1.283933    658 1.282609 0.998968    
38 164 169 167 38 57 1.281240    657 1.281437 1.000154    
38 170 175 173 38 58 1.278455    655 1.277457 0.999219    
38 176 181 179 38 59 1.277973    656 1.279330 1.001061    
38 182 187 185 38 60 1.277274    655 1.278378 1.000865    
38 188 193 191 38 61 1.274991    654 1.274869 0.999904    
38 194 254 224 38 62 1.268891    650 1.267857 0.999186    
38 255 255 255 38 63 1.259054    645 1.258824 0.999817    
39 0 0 0 39 0 1.000000    512 1.000000 1.000000       # ieta [40], pt 0
39 15 15 15 39 1 3.102367    35839 3.100000 0.999237    
39 16 16 16 39 2 2.842163    29695 2.843750 1.000558    
39 17 17 17 39 3 2.772205    28671 2.764706 0.997295    
39 18 18 18 39 4 2.657051    26623 2.666667 1.003619    
39 19 19 19 39 5 2.591696    24575 2.578947 0.995081    
39 20 20 20 39 6 2.453690    20479 2.450000 0.998496    
39 21 21 21 39 7 2.315375    15359 2.309524 0.997473    
39 22 22 22 39 8 2.252623    13311 2.250000 0.998836    
39 23 23 23 39 9 2.173081    10239 2.173913 1.000383    
39 24 24 24 39 10 2.076447    6143 2.083333 1.003316    
39 25 25 25 39 11 1.994515    2045 2.000000 1.002750    
39 26 26 26 39 12 1.974838    1019 1.980769 1.003003    
39 27 27 27 39 13 1.945049    1001 1.944444 0.999689    
39 28 28 28 39 14 1.863697    957 1.857143 0.996483    
39 29 29 29 39 15 1.845600    949 1.844828 0.999582    
39 30 30 30 39 16 1.821097    935 1.816667 0.997567    
39 31 31 31 39 17 1.786768    921 1.790323 1.001989    
39 32 33 33 39 18 1.757527    904 1.757576 1.000028    
39 34 35 35 39 19 1.715520    882 1.714286 0.999280    
39 36 37 37 39 20 1.650430    848 1.648649 0.998920    
39 38 39 39 39 21 1.630240    837 1.628205 0.998752    
39 40 41 41 39 22 1.587574    815 1.585366 0.998609    
39 42 43 43 39 23 1.558867    801 1.558140 0.999533    
39 44 45 45 39 24 1.538382    789 1.533333 0.996718    
39 46 47 47 39 25 1.493875    766 1.489362 0.996979    
39 48 49 49 39 26 1.479547    760 1.479592 1.000031    
39 50 51 51 39 27 1.479360    760 1.480392 1.000698    
39 52 53 53 39 28 1.469497    756 1.471698 1.001498    
39 54 55 55 39 29 1.461907    752 1.463636 1.001183    
39 56 57 57 39 30 1.448957    744 1.447368 0.998904    
39 58 59 59 39 31 1.443877    740 1.440678 0.997784    
39 60 61 61 39 32 1.437336    737 1.434426 0.997976    
39 62 64 63 39 33 1.435272    738 1.436508 1.000861    
39 65 67 66 39 34 1.422740    732 1.424242 1.001056    
39 68 70 69 39 35 1.406327    722 1.405797 0.999623    
39 71 73 72 39 36 1.402862    720 1.402778 0.999940    
39 74 76 75 39 37 1.402139    719 1.400000 0.998474    
39 77 79 78 39 38 1.402139    721 1.403846 1.001217    
39 80 82 81 39 39 1.400098    719 1.401235 1.000812    
39 83 85 84 39 40 1.397999    718 1.398810 1.000580    
39 86 88 87 39 41 1.397999    717 1.396552 0.998965    
39 89 91 90 39 42 1.383986    710 1.383333 0.999528    
39 92 94 93 39 43 1.373934    706 1.376344 1.001754    
39 95 97 96 39 44 1.366076    700 1.364583 0.998908    
39 98 100 99 39 45 1.365918    700 1.363636 0.998330    
39 101 103 102 39 46 1.365454    702 1.367647 1.001606    
39 104 109 107 39 47 1.360030    698 1.359813 0.999840    
39 110 115 113 39 48 1.358825    697 1.358407 0.999692    
39 116 121 119 39 49 1.357733    696 1.357143 0.999565    
39 122 127 125 39 50 1.357390    696 1.356000 0.998976    
39 128 133 131 39 51 1.356856    695 1.354962 0.998604    
39 134 139 137 39 52 1.353930    695 1.354015 1.000062    
39 140 145 143 39 53 1.352268    694 1.353147 1.000650    
39 146 151 149 39 54 1.351812    694 1.352349 1.000397    
39 152 157 155 39 55 1.350689    693 1.351613 1.000684    
39 158 163 161 39 56 1.349409    693 1.350932 1.001129    
39 164 169 167 39 57 1.346715    691 1.347305 1.000438    
39 170 175 173 39 58 1.343931    689 1.343931 1.000000    
39 176 181 179 39 59 1.343449    689 1.343575 1.000094    
39 182 187 185 39 60 1.342749    689 1.343243 1.000368    
39 188 193 191 39 61 1.340467    687 1.340314 0.999886    
39 194 254 224 39 62 1.334366    684 1.334821 1.000341    
39 255 255 255 39 63 1.324530    679 1.325490 1.000725    
