# columns 
# CaloToolMPEtaBin PtMin PtMax avgPt IEtaBin_forLUT_col1 PtBin_forLUT SF
0 0 0 0 0 0 1.000000    512 1.000000 1.000000       # ieta [1], pt 0
0 15 15 15 0 1 2.916863    30719 2.933333 1.005646    
0 16 16 16 0 2 2.833836    29695 2.843750 1.003499    
0 17 17 17 0 3 2.802656    29695 2.794118 0.996953    
0 18 18 18 0 4 2.759355    29695 2.750000 0.996610    
0 19 19 19 0 5 2.683569    28671 2.684211 1.000239    
0 20 20 20 0 6 2.644241    28671 2.650000 1.002178    
0 21 21 21 0 7 2.602269    27647 2.595238 0.997298    
0 22 22 22 0 8 2.565605    27647 2.568182 1.001004    
0 23 23 23 0 9 2.537698    27647 2.543478 1.002278    
0 24 24 24 0 10 2.518075    27647 2.520833 1.001095    
0 25 25 25 0 11 2.500197    27647 2.500000 0.999921    
0 26 26 26 0 12 2.467538    26623 2.461538 0.997569    
0 27 27 27 0 13 2.444836    26623 2.444444 0.999840    
0 28 28 28 0 14 2.415474    25599 2.410714 0.998030    
0 29 29 29 0 15 2.392663    25599 2.396552 1.001625    
0 30 30 30 0 16 2.385170    25599 2.383333 0.999230    
0 31 31 31 0 17 2.351674    24575 2.354839 1.001346    
0 32 33 33 0 18 2.326461    24575 2.333333 1.002954    
0 34 35 35 0 19 2.273111    21503 2.271429 0.999260    
0 36 37 37 0 20 2.249635    20479 2.243243 0.997159    
0 38 39 39 0 21 2.210336    18431 2.205128 0.997644    
0 40 41 41 0 22 2.178555    17407 2.182927 1.002007    
0 42 43 43 0 23 2.142711    14335 2.139535 0.998518    
0 44 45 45 0 24 2.122957    13311 2.122222 0.999654    
0 46 47 47 0 25 2.098718    11263 2.095745 0.998583    
0 48 49 49 0 26 2.077576    10239 2.081633 1.001953    
0 50 51 51 0 27 2.054637    8191 2.058824 1.002038    
0 52 53 53 0 28 2.037297    6143 2.037736 1.000215    
0 54 55 55 0 29 2.019353    4095 2.018182 0.999420    
0 56 57 57 0 30 1.989954    1022 1.991228 1.000640    
0 58 59 59 0 31 1.971952    1013 1.974576 1.001331    
0 60 61 61 0 32 1.957177    1006 1.959016 1.000940    
0 62 64 63 0 33 1.941116    998 1.944444 1.001715    
0 65 67 66 0 34 1.919531    984 1.916667 0.998508    
0 68 70 69 0 35 1.895161    974 1.898551 1.001789    
0 71 73 72 0 36 1.880598    966 1.881944 1.000716    
0 74 76 75 0 37 1.864355    958 1.866667 1.001240    
0 77 79 78 0 38 1.851203    950 1.852564 1.000735    
0 80 82 81 0 39 1.833990    940 1.833333 0.999642    
0 83 85 84 0 40 1.818549    934 1.821429 1.001583    
0 86 88 87 0 41 1.808729    928 1.810345 1.000894    
0 89 91 90 0 42 1.797089    921 1.794444 0.998528    
0 92 94 93 0 43 1.777318    913 1.779570 1.001267    
0 95 97 96 0 44 1.759674    903 1.760417 1.000422    
0 98 100 99 0 45 1.752775    899 1.752525 0.999858    
0 101 103 102 0 46 1.745139    895 1.745098 0.999976    
0 104 109 107 0 47 1.731327    889 1.733645 1.001339    
0 110 115 113 0 48 1.716740    881 1.716814 1.000043    
0 116 121 119 0 49 1.699089    871 1.697479 0.999053    
0 122 127 125 0 50 1.688132    866 1.688000 0.999922    
0 128 133 131 0 51 1.672933    857 1.671756 0.999296    
0 134 139 137 0 52 1.657927    850 1.656934 0.999401    
0 140 145 143 0 53 1.649137    846 1.650350 1.000735    
0 146 151 149 0 54 1.638032    840 1.637584 0.999727    
0 152 157 155 0 55 1.622028    832 1.622581 1.000341    
0 158 163 161 0 56 1.611627    826 1.611801 1.000108    
0 164 169 167 0 57 1.603521    823 1.604790 1.000792    
0 170 175 173 0 58 1.594855    818 1.595376 1.000326    
0 176 181 179 0 59 1.587995    815 1.589385 1.000876    
0 182 187 185 0 60 1.583589    812 1.583784 1.000123    
0 188 193 191 0 61 1.581141    810 1.581152 1.000007    
0 194 254 224 0 62 1.542705    790 1.542411 0.999809    
0 255 255 255 0 63 1.518455    778 1.517647 0.999468    
1 0 0 0 1 0 1.000000    512 1.000000 1.000000       # ieta [2], pt 0
1 15 15 15 1 1 2.920911    30719 2.933333 1.004253    
1 16 16 16 1 2 2.837769    29695 2.843750 1.002108    
1 17 17 17 1 3 2.807880    29695 2.794118 0.995099    
1 18 18 18 1 4 2.766207    30719 2.777778 1.004183    
1 19 19 19 1 5 2.682610    28671 2.684211 1.000596    
1 20 20 20 1 6 2.645514    28671 2.650000 1.001696    
1 21 21 21 1 7 2.603522    27647 2.595238 0.996818    
1 22 22 22 1 8 2.566840    27647 2.568182 1.000523    
1 23 23 23 1 9 2.538108    27647 2.543478 1.002116    
1 24 24 24 1 10 2.518482    27647 2.520833 1.000934    
1 25 25 25 1 11 2.500601    27647 2.500000 0.999760    
1 26 26 26 1 12 2.467937    26623 2.461538 0.997407    
1 27 27 27 1 13 2.445231    26623 2.444444 0.999678    
1 28 28 28 1 14 2.415865    25599 2.410714 0.997868    
1 29 29 29 1 15 2.393050    25599 2.396552 1.001463    
1 30 30 30 1 16 2.385556    25599 2.383333 0.999068    
1 31 31 31 1 17 2.352055    24575 2.354839 1.001184    
1 32 33 33 1 18 2.326838    24575 2.333333 1.002792    
1 34 35 35 1 19 2.272081    21503 2.271429 0.999713    
1 36 37 37 1 20 2.248551    20479 2.243243 0.997639    
1 38 39 39 1 21 2.210383    18431 2.205128 0.997623    
1 40 41 41 1 22 2.179140    17407 2.182927 1.001738    
1 42 43 43 1 23 2.155084    15359 2.151163 0.998180    
1 44 45 45 1 24 2.129913    14335 2.133333 1.001606    
1 46 47 47 1 25 2.103502    12287 2.106383 1.001369    
1 48 49 49 1 26 2.079092    10239 2.081633 1.001222    
1 50 51 51 1 27 2.056622    8191 2.058824 1.001071    
1 52 53 53 1 28 2.040714    6143 2.037736 0.998541    
1 54 55 55 1 29 2.022692    4095 2.018182 0.997770    
1 56 57 57 1 30 1.993241    1022 1.991228 0.998990    
1 58 59 59 1 31 1.975683    1013 1.974576 0.999440    
1 60 61 61 1 32 1.960880    1006 1.959016 0.999050    
1 62 64 63 1 33 1.944908    998 1.944444 0.999761    
1 65 67 66 1 34 1.923520    988 1.924242 1.000376    
1 68 70 69 1 35 1.899211    974 1.898551 0.999653    
1 71 73 72 1 36 1.884672    966 1.881944 0.998553    
1 74 76 75 1 37 1.868393    958 1.866667 0.999076    
1 77 79 78 1 38 1.855455    950 1.852564 0.998442    
1 80 82 81 1 39 1.838373    943 1.839506 1.000616    
1 83 85 84 1 40 1.823218    934 1.821429 0.999018    
1 86 88 87 1 41 1.813372    931 1.816092 1.001500    
1 89 91 90 1 42 1.801703    923 1.800000 0.999055    
1 92 94 93 1 43 1.782649    915 1.784946 1.001288    
1 95 97 96 1 44 1.765485    905 1.765625 1.000079    
1 98 100 99 1 45 1.758820    901 1.757576 0.999293    
1 101 103 102 1 46 1.751228    897 1.750000 0.999299    
1 104 109 107 1 47 1.738560    892 1.738318 0.999861    
1 110 115 113 1 48 1.724710    885 1.725664 1.000553    
1 116 121 119 1 49 1.707282    875 1.705882 0.999180    
1 122 127 125 1 50 1.696976    870 1.696000 0.999425    
1 128 133 131 1 51 1.682625    863 1.683206 1.000345    
1 134 139 137 1 52 1.668217    855 1.667883 0.999800    
1 140 145 143 1 53 1.659373    852 1.660839 1.000884    
1 146 151 149 1 54 1.648362    845 1.647651 0.999568    
1 152 157 155 1 55 1.632473    837 1.632258 0.999869    
1 158 163 161 1 56 1.621338    831 1.621118 0.999864    
1 164 169 167 1 57 1.613608    827 1.613772 1.000102    
1 170 175 173 1 58 1.604928    822 1.604046 0.999450    
1 176 181 179 1 59 1.599465    820 1.600559 1.000684    
1 182 187 185 1 60 1.594667    817 1.594595 0.999955    
1 188 193 191 1 61 1.592110    816 1.591623 0.999694    
1 194 254 224 1 62 1.554025    796 1.553571 0.999708    
1 255 255 255 1 63 1.529653    784 1.529412 0.999842    
2 0 0 0 2 0 1.000000    512 1.000000 1.000000       # ieta [3], pt 0
2 15 15 15 2 1 2.922233    30719 2.933333 1.003799    
2 16 16 16 2 2 2.839466    29695 2.843750 1.001509    
2 17 17 17 2 3 2.809559    30719 2.823529 1.004972    
2 18 18 18 2 4 2.762930    29695 2.750000 0.995320    
2 19 19 19 2 5 2.675000    28671 2.684211 1.003443    
2 20 20 20 2 6 2.647097    28671 2.650000 1.001097    
2 21 21 21 2 7 2.605079    27647 2.595238 0.996222    
2 22 22 22 2 8 2.568376    27647 2.568182 0.999925    
2 23 23 23 2 9 2.538550    27647 2.543478 1.001941    
2 24 24 24 2 10 2.520450    27647 2.520833 1.000152    
2 25 25 25 2 11 2.502817    27647 2.500000 0.998874    
2 26 26 26 2 12 2.471443    27647 2.480769 1.003774    
2 27 27 27 2 13 2.448154    26623 2.444444 0.998485    
2 28 28 28 2 14 2.417518    25599 2.410714 0.997186    
2 29 29 29 2 15 2.394687    25599 2.396552 1.000779    
2 30 30 30 2 16 2.387188    25599 2.383333 0.998385    
2 31 31 31 2 17 2.353664    24575 2.354839 1.000499    
2 32 33 33 2 18 2.328429    24575 2.333333 1.002106    
2 34 35 35 2 19 2.273689    21503 2.271429 0.999006    
2 36 37 37 2 20 2.250378    21503 2.256757 1.002835    
2 38 39 39 2 21 2.213140    19455 2.217949 1.002173    
2 40 41 41 2 22 2.183548    17407 2.182927 0.999715    
2 42 43 43 2 23 2.160413    16383 2.162791 1.001101    
2 44 45 45 2 24 2.135174    14335 2.133333 0.999138    
2 46 47 47 2 25 2.109121    12287 2.106383 0.998702    
2 48 49 49 2 26 2.085105    10239 2.081633 0.998335    
2 50 51 51 2 27 2.062976    8191 2.058824 0.997987    
2 52 53 53 2 28 2.045233    7167 2.047170 1.000947    
2 54 55 55 2 29 2.026243    5119 2.027273 1.000508    
2 56 57 57 2 30 1.999832    2047 2.000000 1.000084    
2 58 59 59 2 31 1.985597    1018 1.983051 0.998718    
2 60 61 61 2 32 1.970719    1010 1.967213 0.998221    
2 62 64 63 2 33 1.954668    1002 1.952381 0.998830    
2 65 67 66 2 34 1.933172    991 1.931818 0.999300    
2 68 70 69 2 35 1.908922    978 1.905797 0.998363    
2 71 73 72 2 36 1.894161    973 1.895833 1.000883    
2 74 76 75 2 37 1.877760    964 1.880000 1.001193    
2 77 79 78 2 38 1.864693    957 1.865385 1.000371    
2 80 82 81 2 39 1.847400    947 1.845679 0.999068    
2 83 85 84 2 40 1.832170    940 1.833333 1.000635    
2 86 88 87 2 41 1.822276    934 1.821839 0.999760    
2 89 91 90 2 42 1.810550    929 1.811111 1.000310    
2 92 94 93 2 43 1.791402    918 1.790323 0.999397    
2 95 97 96 2 44 1.773908    911 1.776042 1.001203    
2 98 100 99 2 45 1.766658    907 1.767677 1.000577    
2 101 103 102 2 46 1.758734    903 1.759804 1.000608    
2 104 109 107 2 47 1.744765    894 1.742991 0.998983    
2 110 115 113 2 48 1.728091    887 1.730088 1.001156    
2 116 121 119 2 49 1.709574    877 1.710084 1.000298    
2 122 127 125 2 50 1.699125    872 1.700000 1.000515    
2 128 133 131 2 51 1.684544    863 1.683206 0.999206    
2 134 139 137 2 52 1.669011    855 1.667883 0.999324    
2 140 145 143 2 53 1.660162    852 1.660839 1.000408    
2 146 151 149 2 54 1.648957    845 1.647651 0.999208    
2 152 157 155 2 55 1.632917    837 1.632258 0.999597    
2 158 163 161 2 56 1.621727    831 1.621118 0.999625    
2 164 169 167 2 57 1.613942    827 1.613772 0.999895    
2 170 175 173 2 58 1.605221    822 1.604046 0.999268    
2 176 181 179 2 59 1.599561    820 1.600559 1.000624    
2 182 187 185 2 60 1.594763    817 1.594595 0.999895    
2 188 193 191 2 61 1.592205    816 1.591623 0.999634    
2 194 254 224 2 62 1.554052    796 1.553571 0.999691    
2 255 255 255 2 63 1.529653    784 1.529412 0.999842    
3 0 0 0 3 0 1.000000    512 1.000000 1.000000       # ieta [4], pt 0
3 15 15 15 3 1 2.952435    31743 2.966667 1.004820    
3 16 16 16 3 2 2.873233    30719 2.875000 1.000615    
3 17 17 17 3 3 2.843453    31743 2.852941 1.003337    
3 18 18 18 3 4 2.799738    31743 2.805556 1.002078    
3 19 19 19 3 5 2.724918    30719 2.736842 1.004376    
3 20 20 20 3 6 2.686732    29695 2.675000 0.995633    
3 21 21 21 3 7 2.643281    29695 2.642857 0.999840    
3 22 22 22 3 8 2.608852    29695 2.613636 1.001834    
3 23 23 23 3 9 2.580002    29695 2.586957 1.002695    
3 24 24 24 3 10 2.563951    29695 2.562500 0.999434    
3 25 25 25 3 11 2.523033    28671 2.520000 0.998798    
3 26 26 26 3 12 2.518203    29695 2.519231 1.000408    
3 27 27 27 3 13 2.487919    28671 2.481481 0.997412    
3 28 28 28 3 14 2.456067    28671 2.464286 1.003346    
3 29 29 29 3 15 2.426694    27647 2.431034 1.001789    
3 30 30 30 3 16 2.416609    27647 2.416667 1.000024    
3 31 31 31 3 17 2.379048    26623 2.387097 1.003383    
3 32 33 33 3 18 2.350535    25599 2.348485 0.999128    
3 34 35 35 3 19 2.295428    23551 2.300000 1.001992    
3 36 37 37 3 20 2.268567    22527 2.270270 1.000751    
3 38 39 39 3 21 2.240247    21503 2.243590 1.001492    
3 40 41 41 3 22 2.209701    19455 2.207317 0.998921    
3 42 43 43 3 23 2.183617    18431 2.186047 1.001113    
3 44 45 45 3 24 2.155985    16383 2.155556 0.999801    
3 46 47 47 3 25 2.130230    14335 2.127660 0.998793    
3 48 49 49 3 26 2.106161    12287 2.102041 0.998044    
3 50 51 51 3 27 2.083013    10239 2.078431 0.997801    
3 52 53 53 3 28 2.063597    9215 2.066038 1.001183    
3 54 55 55 3 29 2.046639    7167 2.045455 0.999421    
3 56 57 57 3 30 2.027087    5119 2.026316 0.999620    
3 58 59 59 3 31 2.007808    3071 2.008475 1.000332    
3 60 61 61 3 32 1.995646    1022 1.991803 0.998075    
3 62 64 63 3 33 1.980138    1014 1.976190 0.998006    
3 65 67 66 3 34 1.957821    1003 1.954545 0.998327    
3 68 70 69 3 35 1.932754    993 1.934783 1.001050    
3 71 73 72 3 36 1.916279    983 1.916667 1.000202    
3 74 76 75 3 37 1.897182    975 1.900000 1.001486    
3 77 79 78 3 38 1.882325    967 1.884615 1.001217    
3 80 82 81 3 39 1.864435    956 1.864198 0.999872    
3 83 85 84 3 40 1.846394    946 1.845238 0.999374    
3 86 88 87 3 41 1.835190    940 1.833333 0.998988    
3 89 91 90 3 42 1.822421    934 1.822222 0.999891    
3 92 94 93 3 43 1.802608    924 1.801075 0.999150    
3 95 97 96 3 44 1.784549    916 1.786458 1.001070    
3 98 100 99 3 45 1.777393    912 1.777778 1.000216    
3 101 103 102 3 46 1.769499    908 1.769608 1.000061    
3 104 109 107 3 47 1.755858    901 1.757009 1.000656    
3 110 115 113 3 48 1.737769    892 1.738938 1.000673    
3 116 121 119 3 49 1.717563    881 1.718487 1.000538    
3 122 127 125 3 50 1.706788    876 1.708000 1.000710    
3 128 133 131 3 51 1.692091    867 1.690840 0.999261    
3 134 139 137 3 52 1.676488    859 1.675182 0.999221    
3 140 145 143 3 53 1.667548    855 1.667832 1.000170    
3 146 151 149 3 54 1.656292    850 1.657718 1.000861    
3 152 157 155 3 55 1.640043    840 1.638710 0.999187    
3 158 163 161 3 56 1.631247    836 1.630435 0.999502    
3 164 169 167 3 57 1.622634    832 1.622754 1.000074    
3 170 175 173 3 58 1.612609    827 1.612717 1.000067    
3 176 181 179 3 59 1.606293    823 1.606145 0.999908    
3 182 187 185 3 60 1.600567    820 1.600000 0.999646    
3 188 193 191 3 61 1.598001    818 1.596859 0.999285    
3 194 254 224 3 62 1.559588    799 1.560268 1.000436    
3 255 255 255 3 63 1.536003    787 1.535294 0.999539    
4 0 0 0 4 0 1.000000    512 1.000000 1.000000       # ieta [5], pt 0
4 15 15 15 4 1 2.952767    31743 2.966667 1.004707    
4 16 16 16 4 2 2.873556    30719 2.875000 1.000502    
4 17 17 17 4 3 2.843773    31743 2.852941 1.003224    
4 18 18 18 4 4 2.800053    31743 2.805556 1.001965    
4 19 19 19 4 5 2.725225    30719 2.736842 1.004263    
4 20 20 20 4 6 2.687034    29695 2.675000 0.995521    
4 21 21 21 4 7 2.643579    29695 2.642857 0.999727    
4 22 22 22 4 8 2.609146    29695 2.613636 1.001721    
4 23 23 23 4 9 2.580292    29695 2.586957 1.002583    
4 24 24 24 4 10 2.564239    29695 2.562500 0.999322    
4 25 25 25 4 11 2.523317    28671 2.520000 0.998686    
4 26 26 26 4 12 2.518487    29695 2.519231 1.000295    
4 27 27 27 4 13 2.487919    28671 2.481481 0.997412    
4 28 28 28 4 14 2.456067    28671 2.464286 1.003346    
4 29 29 29 4 15 2.426694    27647 2.431034 1.001789    
4 30 30 30 4 16 2.416609    27647 2.416667 1.000024    
4 31 31 31 4 17 2.379048    26623 2.387097 1.003383    
4 32 33 33 4 18 2.350535    25599 2.348485 0.999128    
4 34 35 35 4 19 2.295428    23551 2.300000 1.001992    
4 36 37 37 4 20 2.268567    22527 2.270270 1.000751    
4 38 39 39 4 21 2.240247    21503 2.243590 1.001492    
4 40 41 41 4 22 2.209701    19455 2.207317 0.998921    
4 42 43 43 4 23 2.183617    18431 2.186047 1.001113    
4 44 45 45 4 24 2.155985    16383 2.155556 0.999801    
4 46 47 47 4 25 2.130230    14335 2.127660 0.998793    
4 48 49 49 4 26 2.106161    12287 2.102041 0.998044    
4 50 51 51 4 27 2.083013    10239 2.078431 0.997801    
4 52 53 53 4 28 2.063597    9215 2.066038 1.001183    
4 54 55 55 4 29 2.046639    7167 2.045455 0.999421    
4 56 57 57 4 30 2.027087    5119 2.026316 0.999620    
4 58 59 59 4 31 2.007808    3071 2.008475 1.000332    
4 60 61 61 4 32 1.995646    1022 1.991803 0.998075    
4 62 64 63 4 33 1.980138    1014 1.976190 0.998006    
4 65 67 66 4 34 1.957821    1003 1.954545 0.998327    
4 68 70 69 4 35 1.932754    993 1.934783 1.001050    
4 71 73 72 4 36 1.916279    983 1.916667 1.000202    
4 74 76 75 4 37 1.897182    975 1.900000 1.001486    
4 77 79 78 4 38 1.882325    967 1.884615 1.001217    
4 80 82 81 4 39 1.864531    956 1.864198 0.999821    
4 83 85 84 4 40 1.846969    946 1.845238 0.999063    
4 86 88 87 4 41 1.835834    940 1.833333 0.998638    
4 89 91 90 4 42 1.823205    934 1.822222 0.999461    
4 92 94 93 4 43 1.803872    926 1.806452 1.001430    
4 95 97 96 4 44 1.786266    916 1.786458 1.000108    
4 98 100 99 4 45 1.779104    912 1.777778 0.999255    
4 101 103 102 4 46 1.771202    908 1.769608 0.999100    
4 104 109 107 4 47 1.758013    901 1.757009 0.999429    
4 110 115 113 4 48 1.739872    892 1.738938 0.999463    
4 116 121 119 4 49 1.719641    881 1.718487 0.999329    
4 122 127 125 4 50 1.708853    876 1.708000 0.999501    
4 128 133 131 4 51 1.694138    869 1.694656 1.000306    
4 134 139 137 4 52 1.678517    861 1.678832 1.000188    
4 140 145 143 4 53 1.669566    855 1.667832 0.998961    
4 146 151 149 4 54 1.658343    850 1.657718 0.999623    
4 152 157 155 4 55 1.642097    842 1.641935 0.999902    
4 158 163 161 4 56 1.633923    837 1.633540 0.999766    
4 164 169 167 4 57 1.625344    833 1.625749 1.000249    
4 170 175 173 4 58 1.615302    828 1.615607 1.000189    
4 176 181 179 4 59 1.608854    825 1.608939 1.000053    
4 182 187 185 4 60 1.602875    821 1.602703 0.999892    
4 188 193 191 4 61 1.600047    820 1.599476 0.999643    
4 194 254 224 4 62 1.561144    799 1.560268 0.999439    
4 255 255 255 4 63 1.537230    788 1.537255 1.000016    
5 0 0 0 5 0 1.000000    512 1.000000 1.000000       # ieta [6], pt 0
5 15 15 15 5 1 2.962479    31743 2.966667 1.001414    
5 16 16 16 5 2 2.874153    30719 2.875000 1.000295    
5 17 17 17 5 3 2.844364    31743 2.852941 1.003016    
5 18 18 18 5 4 2.800635    31743 2.805556 1.001757    
5 19 19 19 5 5 2.717922    29695 2.710526 0.997279    
5 20 20 20 5 6 2.689236    30719 2.700000 1.004003    
5 21 21 21 5 7 2.648157    29695 2.642857 0.997999    
5 22 22 22 5 8 2.613665    29695 2.613636 0.999989    
5 23 23 23 5 9 2.584742    29695 2.586957 1.000857    
5 24 24 24 5 10 2.569529    29695 2.562500 0.997265    
5 25 25 25 5 11 2.528522    28671 2.520000 0.996630    
5 26 26 26 5 12 2.523682    29695 2.519231 0.998236    
5 27 27 27 5 13 2.493051    29695 2.500000 1.002787    
5 28 28 28 5 14 2.460136    28671 2.464286 1.001687    
5 29 29 29 5 15 2.430715    27647 2.431034 1.000131    
5 30 30 30 5 16 2.420613    27647 2.416667 0.998370    
5 31 31 31 5 17 2.383926    26623 2.387097 1.001330    
5 32 33 33 5 18 2.355355    25599 2.348485 0.997083    
5 34 35 35 5 19 2.301944    23551 2.300000 0.999155    
5 36 37 37 5 20 2.274671    22527 2.270270 0.998065    
5 38 39 39 5 21 2.246360    21503 2.243590 0.998767    
5 40 41 41 5 22 2.215731    20479 2.219512 1.001707    
5 42 43 43 5 23 2.188778    18431 2.186047 0.998752    
5 44 45 45 5 24 2.161427    17407 2.166667 1.002424    
5 46 47 47 5 25 2.135607    15359 2.138298 1.001260    
5 48 49 49 5 26 2.111416    13311 2.112245 1.000392    
5 50 51 51 5 27 2.088996    11263 2.088235 0.999636    
5 52 53 53 5 28 2.070147    9215 2.066038 0.998015    
5 54 55 55 5 29 2.050790    8191 2.054545 1.001831    
5 56 57 57 5 30 2.031105    6143 2.035088 1.001961    
5 58 59 59 5 31 2.012293    3071 2.008475 0.998103    
5 60 61 61 5 32 2.000181    2047 2.000000 0.999910    
5 62 64 63 5 33 1.984715    1018 1.984127 0.999704    
5 65 67 66 5 34 1.962543    1007 1.962121 0.999785    
5 68 70 69 5 35 1.937976    993 1.934783 0.998352    
5 71 73 72 5 36 1.920903    987 1.923611 1.001410    
5 74 76 75 5 37 1.902273    975 1.900000 0.998805    
5 77 79 78 5 38 1.887441    967 1.884615 0.998503    
5 80 82 81 5 39 1.869992    959 1.870370 1.000202    
5 83 85 84 5 40 1.852644    949 1.851190 0.999215    
5 86 88 87 5 41 1.841475    943 1.839080 0.998700    
5 89 91 90 5 42 1.828807    937 1.827778 0.999437    
5 92 94 93 5 43 1.809293    929 1.811828 1.001401    
5 95 97 96 5 44 1.791634    919 1.791667 1.000018    
5 98 100 99 5 45 1.784139    914 1.782828 0.999265    
5 101 103 102 5 46 1.776214    910 1.774510 0.999040    
5 104 109 107 5 47 1.762629    903 1.761682 0.999463    
5 110 115 113 5 48 1.742859    894 1.743363 1.000289    
5 116 121 119 5 49 1.722017    884 1.722689 1.000390    
5 122 127 125 5 50 1.711106    878 1.712000 1.000523    
5 128 133 131 5 51 1.696264    869 1.694656 0.999053    
5 134 139 137 5 52 1.680623    861 1.678832 0.998935    
5 140 145 143 5 53 1.671660    857 1.671329 0.999802    
5 146 151 149 5 54 1.660359    852 1.661074 1.000430    
5 152 157 155 5 55 1.644030    843 1.645161 1.000688    
5 158 163 161 5 56 1.635818    839 1.636646 1.000506    
5 164 169 167 5 57 1.627201    833 1.625749 0.999108    
5 170 175 173 5 58 1.617148    830 1.618497 1.000834    
5 176 181 179 5 59 1.610692    826 1.611732 1.000646    
5 182 187 185 5 60 1.604707    823 1.605405 1.000435    
5 188 193 191 5 61 1.601875    821 1.602094 1.000137    
5 194 254 224 5 62 1.562834    801 1.562500 0.999786    
5 255 255 255 5 63 1.538760    789 1.539216 1.000296    
6 0 0 0 6 0 1.000000    512 1.000000 1.000000       # ieta [7], pt 0
6 15 15 15 6 1 2.951972    31743 2.966667 1.004978    
6 16 16 16 6 2 2.872783    30719 2.875000 1.000772    
6 17 17 17 6 3 2.843007    31743 2.852941 1.003494    
6 18 18 18 6 4 2.799300    31743 2.805556 1.002235    
6 19 19 19 6 5 2.729258    30719 2.736842 1.002779    
6 20 20 20 6 6 2.686775    29695 2.675000 0.995617    
6 21 21 21 6 7 2.645734    29695 2.642857 0.998913    
6 22 22 22 6 8 2.611273    29695 2.613636 1.000905    
6 23 23 23 6 9 2.582123    29695 2.586957 1.001872    
6 24 24 24 6 10 2.566925    29695 2.562500 0.998276    
6 25 25 25 6 11 2.525959    28671 2.520000 0.997641    
6 26 26 26 6 12 2.521124    29695 2.519231 0.999249    
6 27 27 27 6 13 2.490525    28671 2.481481 0.996369    
6 28 28 28 6 14 2.457500    28671 2.464286 1.002761    
6 29 29 29 6 15 2.428110    27647 2.431034 1.001204    
6 30 30 30 6 16 2.418019    27647 2.416667 0.999441    
6 31 31 31 6 17 2.381371    26623 2.387097 1.002404    
6 32 33 33 6 18 2.352830    25599 2.348485 0.998153    
6 34 35 35 6 19 2.299426    23551 2.300000 1.000250    
6 36 37 37 6 20 2.272041    22527 2.270270 0.999221    
6 38 39 39 6 21 2.243622    21503 2.243590 0.999986    
6 40 41 41 6 22 2.213030    19455 2.207317 0.997419    
6 42 43 43 6 23 2.186479    18431 2.186047 0.999802    
6 44 45 45 6 24 2.159157    16383 2.155556 0.998332    
6 46 47 47 6 25 2.133364    15359 2.138298 1.002313    
6 48 49 49 6 26 2.109199    13311 2.112245 1.001444    
6 50 51 51 6 27 2.085957    11263 2.088235 1.001092    
6 52 53 53 6 28 2.066947    9215 2.066038 0.999560    
6 54 55 55 6 29 2.047456    7167 2.045455 0.999022    
6 56 57 57 6 30 2.027303    5119 2.026316 0.999513    
6 58 59 59 6 31 2.008174    3071 2.008475 1.000150    
6 60 61 61 6 32 1.996087    2045 2.000000 1.001960    
6 62 64 63 6 33 1.980653    1018 1.984127 1.001754    
6 65 67 66 6 34 1.958527    1007 1.962121 1.001835    
6 68 70 69 6 35 1.934010    993 1.934783 1.000400    
6 71 73 72 6 36 1.916945    983 1.916667 0.999855    
6 74 76 75 6 37 1.898341    975 1.900000 1.000874    
6 77 79 78 6 38 1.883539    967 1.884615 1.000571    
6 80 82 81 6 39 1.866127    956 1.864198 0.998966    
6 83 85 84 6 40 1.848814    949 1.851190 1.001285    
6 86 88 87 6 41 1.837668    943 1.839080 1.000768    
6 89 91 90 6 42 1.825027    937 1.827778 1.001507    
6 92 94 93 6 43 1.805442    926 1.806452 1.000559    
6 95 97 96 6 44 1.787600    916 1.786458 0.999362    
6 98 100 99 6 45 1.780121    912 1.777778 0.998684    
6 101 103 102 6 46 1.772215    910 1.774510 1.001295    
6 104 109 107 6 47 1.758660    901 1.757009 0.999061    
6 110 115 113 6 48 1.738934    892 1.738938 1.000002    
6 116 121 119 6 49 1.718105    881 1.718487 1.000223    
6 122 127 125 6 50 1.707129    876 1.708000 1.000510    
6 128 133 131 6 51 1.692404    867 1.690840 0.999076    
6 134 139 137 6 52 1.676799    859 1.675182 0.999036    
6 140 145 143 6 53 1.667857    855 1.667832 0.999985    
6 146 151 149 6 54 1.656581    850 1.657718 1.000686    
6 152 157 155 6 55 1.640289    840 1.638710 0.999037    
6 158 163 161 6 56 1.632096    837 1.633540 1.000885    
6 164 169 167 6 57 1.623498    832 1.622754 0.999542    
6 170 175 173 6 58 1.613468    827 1.612717 0.999534    
6 176 181 179 6 59 1.607027    823 1.606145 0.999451    
6 182 187 185 6 60 1.601056    820 1.600000 0.999341    
6 188 193 191 6 61 1.598231    820 1.599476 1.000779    
6 194 254 224 6 62 1.559399    799 1.560268 1.000557    
6 255 255 255 6 63 1.535673    787 1.535294 0.999753    
7 0 0 0 7 0 1.000000    512 1.000000 1.000000       # ieta [8], pt 0
7 15 15 15 7 1 2.954728    31743 2.966667 1.004040    
7 16 16 16 7 2 2.873533    30719 2.875000 1.000511    
7 17 17 17 7 3 2.844522    31743 2.852941 1.002960    
7 18 18 18 7 4 2.800791    31743 2.805556 1.001701    
7 19 19 19 7 5 2.729615    30719 2.736842 1.002648    
7 20 20 20 7 6 2.687127    29695 2.675000 0.995487    
7 21 21 21 7 7 2.646080    29695 2.642857 0.998782    
7 22 22 22 7 8 2.611614    29695 2.613636 1.000774    
7 23 23 23 7 9 2.582461    29695 2.586957 1.001741    
7 24 24 24 7 10 2.567261    29695 2.562500 0.998146    
7 25 25 25 7 11 2.526290    28671 2.520000 0.997510    
7 26 26 26 7 12 2.521454    29695 2.519231 0.999118    
7 27 27 27 7 13 2.490525    28671 2.481481 0.996369    
7 28 28 28 7 14 2.457500    28671 2.464286 1.002761    
7 29 29 29 7 15 2.428110    27647 2.431034 1.001204    
7 30 30 30 7 16 2.418019    27647 2.416667 0.999441    
7 31 31 31 7 17 2.381371    26623 2.387097 1.002404    
7 32 33 33 7 18 2.352830    25599 2.348485 0.998153    
7 34 35 35 7 19 2.299426    23551 2.300000 1.000250    
7 36 37 37 7 20 2.272041    22527 2.270270 0.999221    
7 38 39 39 7 21 2.243622    21503 2.243590 0.999986    
7 40 41 41 7 22 2.213030    19455 2.207317 0.997419    
7 42 43 43 7 23 2.186479    18431 2.186047 0.999802    
7 44 45 45 7 24 2.159157    16383 2.155556 0.998332    
7 46 47 47 7 25 2.133364    15359 2.138298 1.002313    
7 48 49 49 7 26 2.109199    13311 2.112245 1.001444    
7 50 51 51 7 27 2.085957    11263 2.088235 1.001092    
7 52 53 53 7 28 2.066947    9215 2.066038 0.999560    
7 54 55 55 7 29 2.047456    7167 2.045455 0.999022    
7 56 57 57 7 30 2.027303    5119 2.026316 0.999513    
7 58 59 59 7 31 2.008174    3071 2.008475 1.000150    
7 60 61 61 7 32 1.996087    2045 2.000000 1.001960    
7 62 64 63 7 33 1.980653    1018 1.984127 1.001754    
7 65 67 66 7 34 1.958527    1007 1.962121 1.001835    
7 68 70 69 7 35 1.934010    993 1.934783 1.000400    
7 71 73 72 7 36 1.916945    983 1.916667 0.999855    
7 74 76 75 7 37 1.898341    975 1.900000 1.000874    
7 77 79 78 7 38 1.883539    967 1.884615 1.000571    
7 80 82 81 7 39 1.866127    956 1.864198 0.998966    
7 83 85 84 7 40 1.848814    949 1.851190 1.001285    
7 86 88 87 7 41 1.837668    943 1.839080 1.000768    
7 89 91 90 7 42 1.825027    937 1.827778 1.001507    
7 92 94 93 7 43 1.805442    926 1.806452 1.000559    
7 95 97 96 7 44 1.787600    916 1.786458 0.999362    
7 98 100 99 7 45 1.780121    912 1.777778 0.998684    
7 101 103 102 7 46 1.772215    910 1.774510 1.001295    
7 104 109 107 7 47 1.758660    901 1.757009 0.999061    
7 110 115 113 7 48 1.738934    892 1.738938 1.000002    
7 116 121 119 7 49 1.718094    881 1.718487 1.000229    
7 122 127 125 7 50 1.707066    876 1.708000 1.000547    
7 128 133 131 7 51 1.692342    867 1.690840 0.999113    
7 134 139 137 7 52 1.676737    859 1.675182 0.999073    
7 140 145 143 7 53 1.667795    855 1.667832 1.000022    
7 146 151 149 7 54 1.656520    850 1.657718 1.000723    
7 152 157 155 7 55 1.640229    840 1.638710 0.999074    
7 158 163 161 7 56 1.632036    837 1.633540 1.000922    
7 164 169 167 7 57 1.623438    832 1.622754 0.999579    
7 170 175 173 7 58 1.613409    827 1.612717 0.999571    
7 176 181 179 7 59 1.606968    823 1.606145 0.999488    
7 182 187 185 7 60 1.600996    820 1.600000 0.999378    
7 188 193 191 7 61 1.598172    820 1.599476 1.000816    
7 194 254 224 7 62 1.559345    799 1.560268 1.000592    
7 255 255 255 7 63 1.535673    787 1.535294 0.999753    
8 0 0 0 8 0 1.000000    512 1.000000 1.000000       # ieta [9], pt 0
8 15 15 15 8 1 2.977775    31743 2.966667 0.996270    
8 16 16 16 8 2 2.893857    31743 2.906250 1.004282    
8 17 17 17 8 3 2.863427    31743 2.852941 0.996338    
8 18 18 18 8 4 2.819186    31743 2.805556 0.995165    
8 19 19 19 8 5 2.743417    30719 2.736842 0.997603    
8 20 20 20 8 6 2.693343    30719 2.700000 1.002472    
8 21 21 21 8 7 2.647916    29695 2.642857 0.998089    
8 22 22 22 8 8 2.613427    29695 2.613636 1.000080    
8 23 23 23 8 9 2.583588    29695 2.586957 1.001304    
8 24 24 24 8 10 2.569163    29695 2.562500 0.997406    
8 25 25 25 8 11 2.528162    28671 2.520000 0.996772    
8 26 26 26 8 12 2.524247    29695 2.519231 0.998013    
8 27 27 27 8 13 2.493284    29695 2.500000 1.002694    
8 28 28 28 8 14 2.461148    28671 2.464286 1.001275    
8 29 29 29 8 15 2.435101    27647 2.431034 0.998330    
8 30 30 30 8 16 2.426349    28671 2.433333 1.002879    
8 31 31 31 8 17 2.391791    26623 2.387097 0.998037    
8 32 33 33 8 18 2.365073    26623 2.363636 0.999393    
8 34 35 35 8 19 2.313079    24575 2.314286 1.000522    
8 36 37 37 8 20 2.286889    23551 2.283784 0.998642    
8 38 39 39 8 21 2.258284    22527 2.256410 0.999170    
8 40 41 41 8 22 2.227492    21503 2.231707 1.001892    
8 42 43 43 8 23 2.199083    19455 2.197674 0.999360    
8 44 45 45 8 24 2.170723    17407 2.166667 0.998131    
8 46 47 47 8 25 2.144754    16383 2.148936 1.001950    
8 48 49 49 8 26 2.117062    13311 2.112245 0.997724    
8 50 51 51 8 27 2.092206    11263 2.088235 0.998102    
8 52 53 53 8 28 2.071619    10239 2.075472 1.001860    
8 54 55 55 8 29 2.051416    8191 2.054545 1.001526    
8 56 57 57 8 30 2.029764    5119 2.026316 0.998301    
8 58 59 59 8 31 2.010521    3071 2.008475 0.998982    
8 60 61 61 8 32 1.998419    2047 2.000000 1.000791    
8 62 64 63 8 33 1.982967    1018 1.984127 1.000585    
8 65 67 66 8 34 1.960815    1007 1.962121 1.000666    
8 68 70 69 8 35 1.935918    993 1.934783 0.999413    
8 71 73 72 8 36 1.917786    983 1.916667 0.999416    
8 74 76 75 8 37 1.898815    975 1.900000 1.000624    
8 77 79 78 8 38 1.884009    967 1.884615 1.000322    
8 80 82 81 8 39 1.866606    956 1.864198 0.998710    
8 83 85 84 8 40 1.849317    949 1.851190 1.001013    
8 86 88 87 8 41 1.838168    943 1.839080 1.000496    
8 89 91 90 8 42 1.825523    937 1.827778 1.001235    
8 92 94 93 8 43 1.805989    926 1.806452 1.000256    
8 95 97 96 8 44 1.788253    916 1.786458 0.998996    
8 98 100 99 8 45 1.780772    914 1.782828 1.001155    
8 101 103 102 8 46 1.772863    910 1.774510 1.000929    
8 104 109 107 8 47 1.759303    901 1.757009 0.998696    
8 110 115 113 8 48 1.739570    892 1.738938 0.999637    
8 116 121 119 8 49 1.718722    881 1.718487 0.999863    
8 122 127 125 8 50 1.707690    876 1.708000 1.000182    
8 128 133 131 8 51 1.692960    869 1.694656 1.001002    
8 134 139 137 8 52 1.677350    861 1.678832 1.000884    
8 140 145 143 8 53 1.668405    855 1.667832 0.999656    
8 146 151 149 8 54 1.657126    850 1.657718 1.000357    
8 152 157 155 8 55 1.640828    842 1.641935 1.000675    
8 158 163 161 8 56 1.632632    837 1.633540 1.000556    
8 164 169 167 8 57 1.624032    832 1.622754 0.999213    
8 170 175 173 8 58 1.613999    827 1.612717 0.999206    
8 176 181 179 8 59 1.607556    825 1.608939 1.000860    
8 182 187 185 8 60 1.601582    821 1.602703 1.000700    
8 188 193 191 8 61 1.598756    820 1.599476 1.000451    
8 194 254 224 8 62 1.559891    799 1.560268 1.000242    
8 255 255 255 8 63 1.536200    787 1.535294 0.999410    
9 0 0 0 9 0 1.000000    512 1.000000 1.000000       # ieta [10], pt 0
9 15 15 15 9 1 3.017862    33791 3.033333 1.005126    
9 16 16 16 9 2 2.939780    32767 2.937500 0.999224    
9 17 17 17 9 3 2.909009    33791 2.911765 1.000947    
9 18 18 18 9 4 2.872498    33791 2.861111 0.996036    
9 19 19 19 9 5 2.810921    33791 2.815789 1.001732    
9 20 20 20 9 6 2.768595    33791 2.775000 1.002313    
9 21 21 21 9 7 2.725336    32767 2.714286 0.995946    
9 22 22 22 9 8 2.685223    32767 2.681818 0.998732    
9 23 23 23 9 9 2.646312    32767 2.652174 1.002215    
9 24 24 24 9 10 2.634278    32767 2.625000 0.996478    
9 25 25 25 9 11 2.579022    31743 2.580000 1.000379    
9 26 26 26 9 12 2.574327    32767 2.576923 1.001008    
9 27 27 27 9 13 2.540059    31743 2.537037 0.998810    
9 28 28 28 9 14 2.491439    30719 2.500000 1.003436    
9 29 29 29 9 15 2.461339    29695 2.465517 1.001698    
9 30 30 30 9 16 2.450636    29695 2.450000 0.999741    
9 31 31 31 9 17 2.415821    28671 2.419355 1.001463    
9 32 33 33 9 18 2.384866    27647 2.378788 0.997451    
9 34 35 35 9 19 2.322784    25599 2.328571 1.002491    
9 36 37 37 9 20 2.296584    24575 2.297297 1.000311    
9 38 39 39 9 21 2.269104    23551 2.269231 1.000056    
9 40 41 41 9 22 2.239343    22527 2.243902 1.002036    
9 42 43 43 9 23 2.210585    20479 2.209302 0.999420    
9 44 45 45 9 24 2.180614    18431 2.177778 0.998699    
9 46 47 47 9 25 2.154550    17407 2.159574 1.002332    
9 48 49 49 9 26 2.124839    14335 2.122449 0.998875    
9 50 51 51 9 27 2.099248    12287 2.098039 0.999424    
9 52 53 53 9 28 2.079621    10239 2.075472 0.998005    
9 54 55 55 9 29 2.060215    9215 2.063636 1.001660    
9 56 57 57 9 30 2.039536    7167 2.043860 1.002120    
9 58 59 59 9 31 2.020582    4095 2.016949 0.998202    
9 60 61 61 9 32 2.008255    3071 2.008197 0.999971    
9 62 64 63 9 33 1.992725    1022 1.992063 0.999668    
9 65 67 66 9 34 1.970819    1011 1.969697 0.999431    
9 68 70 69 9 35 1.947680    1000 1.949275 1.000819    
9 71 73 72 9 36 1.930055    990 1.930556 1.000259    
9 74 76 75 9 37 1.914318    982 1.913333 0.999486    
9 77 79 78 9 38 1.900544    974 1.897436 0.998365    
9 80 82 81 9 39 1.883493    966 1.882716 0.999587    
9 83 85 84 9 40 1.868053    958 1.869048 1.000533    
9 86 88 87 9 41 1.857975    952 1.856322 0.999110    
9 89 91 90 9 42 1.847180    946 1.844444 0.998519    
9 92 94 93 9 43 1.827027    937 1.827957 1.000509    
9 95 97 96 9 44 1.808424    927 1.807292 0.999374    
9 98 100 99 9 45 1.800116    922 1.797980 0.998813    
9 101 103 102 9 46 1.791789    920 1.794118 1.001300    
9 104 109 107 9 47 1.777061    911 1.775701 0.999235    
9 110 115 113 9 48 1.755354    901 1.756637 1.000731    
9 116 121 119 9 49 1.732518    888 1.731092 0.999177    
9 122 127 125 9 50 1.721339    882 1.720000 0.999222    
9 128 133 131 9 51 1.705931    875 1.706107 1.000103    
9 134 139 137 9 52 1.690130    867 1.689781 0.999794    
9 140 145 143 9 53 1.679902    861 1.678322 0.999059    
9 146 151 149 9 54 1.666515    855 1.667785 1.000762    
9 152 157 155 9 55 1.649721    845 1.648387 0.999191    
9 158 163 161 9 56 1.640889    841 1.639752 0.999307    
9 164 169 167 9 57 1.632030    836 1.631737 0.999820    
9 170 175 173 9 58 1.621235    831 1.621387 1.000094    
9 176 181 179 9 59 1.613843    828 1.614525 1.000423    
9 182 187 185 9 60 1.606747    823 1.605405 0.999165    
9 188 193 191 9 61 1.603681    822 1.604712 1.000643    
9 194 254 224 9 62 1.565864    803 1.566964 1.000702    
9 255 255 255 9 63 1.543253    791 1.543137 0.999925    
10 0 0 0 10 0 1.000000    512 1.000000 1.000000       # ieta [11], pt 0
10 15 15 15 10 1 3.045089    33791 3.033333 0.996139    
10 16 16 16 10 2 2.966532    33791 2.968750 1.000748    
10 17 17 17 10 3 2.933700    34815 2.941176 1.002549    
10 18 18 18 10 4 2.886265    34815 2.888889 1.000909    
10 19 19 19 10 5 2.816745    33791 2.815789 0.999661    
10 20 20 20 10 6 2.787717    34815 2.800000 1.004406    
10 21 21 21 10 7 2.753311    34815 2.761905 1.003121    
10 22 22 22 10 8 2.711615    33791 2.704545 0.997393    
10 23 23 23 10 9 2.672321    33791 2.673913 1.000596    
10 24 24 24 10 10 2.659074    34815 2.666667 1.002855    
10 25 25 25 10 11 2.603783    32767 2.600000 0.998547    
10 26 26 26 10 12 2.599043    33791 2.596154 0.998888    
10 27 27 27 10 13 2.554281    32767 2.555556 1.000499    
10 28 28 28 10 14 2.497938    30719 2.500000 1.000825    
10 29 29 29 10 15 2.466012    29695 2.465517 0.999800    
10 30 30 30 10 16 2.455288    29695 2.450000 0.997846    
10 31 31 31 10 17 2.428316    29695 2.435484 1.002952    
10 32 33 33 10 18 2.403723    29695 2.409091 1.002233    
10 34 35 35 10 19 2.347856    26623 2.342857 0.997871    
10 36 37 37 10 20 2.322312    26623 2.324324 1.000867    
10 38 39 39 10 21 2.296419    25599 2.294872 0.999326    
10 40 41 41 10 22 2.270279    24575 2.268293 0.999125    
10 42 43 43 10 23 2.239359    23551 2.244186 1.002156    
10 44 45 45 10 24 2.209424    21503 2.211111 1.000764    
10 46 47 47 10 25 2.185083    19455 2.180851 0.998063    
10 48 49 49 10 26 2.159178    18431 2.163265 1.001893    
10 50 51 51 10 27 2.136137    16383 2.137255 1.000524    
10 52 53 53 10 28 2.118906    15359 2.122642 1.001763    
10 54 55 55 10 29 2.098005    13311 2.100000 1.000951    
10 56 57 57 10 30 2.076709    11263 2.078947 1.001078    
10 58 59 59 10 31 2.053735    8191 2.050847 0.998594    
10 60 61 61 10 32 2.040114    7167 2.040984 1.000426    
10 62 64 63 10 33 2.024522    5119 2.023810 0.999648    
10 65 67 66 10 34 1.998689    2047 2.000000 1.000656    
10 68 70 69 10 35 1.969107    1011 1.971014 1.000969    
10 71 73 72 10 36 1.949814    1001 1.951389 1.000808    
10 74 76 75 10 37 1.928640    988 1.926667 0.998977    
10 77 79 78 10 38 1.911058    980 1.910256 0.999580    
10 80 82 81 10 39 1.894406    972 1.895062 1.000346    
10 83 85 84 10 40 1.880189    965 1.880952 1.000406    
10 86 88 87 10 41 1.870859    961 1.873563 1.001445    
10 89 91 90 10 42 1.860584    954 1.861111 1.000283    
10 92 94 93 10 43 1.838651    943 1.838710 1.000032    
10 95 97 96 10 44 1.818494    932 1.817708 0.999568    
10 98 100 99 10 45 1.811193    930 1.813131 1.001070    
10 101 103 102 10 46 1.803688    925 1.803922 1.000130    
10 104 109 107 10 47 1.788097    918 1.789720 1.000908    
10 110 115 113 10 48 1.766475    905 1.765487 0.999441    
10 116 121 119 10 49 1.744391    894 1.743697 0.999602    
10 122 127 125 10 50 1.733484    888 1.732000 0.999144    
10 128 133 131 10 51 1.718321    881 1.717557 0.999556    
10 134 139 137 10 52 1.703588    874 1.704380 1.000465    
10 140 145 143 10 53 1.692991    868 1.692308 0.999596    
10 146 151 149 10 54 1.680259    862 1.681208 1.000565    
10 152 157 155 10 55 1.663070    853 1.664516 1.000869    
10 158 163 161 10 56 1.654535    849 1.655280 1.000450    
10 164 169 167 10 57 1.645253    844 1.646707 1.000884    
10 170 175 173 10 58 1.633353    837 1.632948 0.999752    
10 176 181 179 10 59 1.625461    833 1.625698 1.000146    
10 182 187 185 10 60 1.617873    830 1.618919 1.000647    
10 188 193 191 10 61 1.614785    828 1.615183 1.000246    
10 194 254 224 10 62 1.578540    809 1.578125 0.999737    
10 255 255 255 10 63 1.557385    798 1.556863 0.999665    
11 0 0 0 11 0 1.000000    512 1.000000 1.000000       # ieta [12], pt 0
11 15 15 15 11 1 3.079097    34815 3.066667 0.995963    
11 16 16 16 11 2 3.010230    34815 3.000000 0.996602    
11 17 17 17 11 3 2.972462    35839 2.970588 0.999370    
11 18 18 18 11 4 2.919401    35839 2.916667 0.999063    
11 19 19 19 11 5 2.831055    34815 2.842105 1.003903    
11 20 20 20 11 6 2.805319    34815 2.800000 0.998104    
11 21 21 21 11 7 2.776804    35839 2.785714 1.003209    
11 22 22 22 11 8 2.740453    35839 2.750000 1.003484    
11 23 23 23 11 9 2.704980    34815 2.695652 0.996552    
11 24 24 24 11 10 2.691572    35839 2.687500 0.998487    
11 25 25 25 11 11 2.642960    34815 2.640000 0.998880    
11 26 26 26 11 12 2.638149    35839 2.634615 0.998661    
11 27 27 27 11 13 2.601302    34815 2.592593 0.996652    
11 28 28 28 11 14 2.556326    33791 2.553571 0.998922    
11 29 29 29 11 15 2.524562    32767 2.517241 0.997100    
11 30 30 30 11 16 2.513584    33791 2.516667 1.001226    
11 31 31 31 11 17 2.485320    32767 2.483871 0.999417    
11 32 33 33 11 18 2.456806    32767 2.454545 0.999080    
11 34 35 35 11 19 2.394617    30719 2.400000 1.002248    
11 36 37 37 11 20 2.365469    29695 2.364865 0.999745    
11 38 39 39 11 21 2.336038    28671 2.333333 0.998842    
11 40 41 41 11 22 2.301383    27647 2.304878 1.001519    
11 42 43 43 11 23 2.271162    25599 2.267442 0.998362    
11 44 45 45 11 24 2.239299    24575 2.244444 1.002298    
11 46 47 47 11 25 2.214630    22527 2.212766 0.999158    
11 48 49 49 11 26 2.188724    20479 2.183673 0.997692    
11 50 51 51 11 27 2.164684    19455 2.166667 1.000916    
11 52 53 53 11 28 2.144181    17407 2.141509 0.998754    
11 54 55 55 11 29 2.119984    15359 2.118182 0.999150    
11 56 57 57 11 30 2.097058    13311 2.096491 0.999730    
11 58 59 59 11 31 2.071574    10239 2.067797 0.998177    
11 60 61 61 11 32 2.055212    9215 2.057377 1.001053    
11 62 64 63 11 33 2.037118    7167 2.039683 1.001259    
11 65 67 66 11 34 2.011752    4095 2.015152 1.001690    
11 68 70 69 11 35 1.981839    1015 1.978261 0.998194    
11 71 73 72 11 36 1.964285    1008 1.965278 1.000506    
11 74 76 75 11 37 1.943909    999 1.946667 1.001419    
11 77 79 78 11 38 1.926188    987 1.923077 0.998385    
11 80 82 81 11 39 1.911410    981 1.913580 1.001136    
11 83 85 84 11 40 1.899454    974 1.898810 0.999661    
11 86 88 87 11 41 1.892031    970 1.890805 0.999352    
11 89 91 90 11 42 1.882856    966 1.883333 1.000253    
11 92 94 93 11 43 1.861194    954 1.860215 0.999474    
11 95 97 96 11 44 1.841547    945 1.843750 1.001196    
11 98 100 99 11 45 1.834064    940 1.833333 0.999601    
11 101 103 102 11 46 1.826464    938 1.828431 1.001077    
11 104 109 107 11 47 1.810542    927 1.808411 0.998823    
11 110 115 113 11 48 1.787518    917 1.787611 1.000052    
11 116 121 119 11 49 1.763805    905 1.764706 1.000511    
11 122 127 125 11 50 1.752443    899 1.752000 0.999747    
11 128 133 131 11 51 1.734266    889 1.732824 0.999169    
11 134 139 137 11 52 1.714694    880 1.715328 1.000370    
11 140 145 143 11 53 1.703665    873 1.702797 0.999491    
11 146 151 149 11 54 1.692926    867 1.691275 0.999025    
11 152 157 155 11 55 1.675694    858 1.674194 0.999104    
11 158 163 161 11 56 1.665538    853 1.664596 0.999434    
11 164 169 167 11 57 1.653255    847 1.652695 0.999661    
11 170 175 173 11 58 1.642973    841 1.641618 0.999175    
11 176 181 179 11 59 1.635076    838 1.634078 0.999390    
11 182 187 185 11 60 1.627975    834 1.627027 0.999418    
11 188 193 191 11 61 1.624868    833 1.625654 1.000484    
11 194 254 224 11 62 1.588999    814 1.589286 1.000180    
11 255 255 255 11 63 1.568155    804 1.568627 1.000301    
12 0 0 0 12 0 1.000000    512 1.000000 1.000000       # ieta [13], pt 0
12 15 15 15 12 1 3.168858    37887 3.166667 0.999308    
12 16 16 16 12 2 3.103521    37887 3.093750 0.996852    
12 17 17 17 12 3 3.046199    38911 3.058824 1.004144    
12 18 18 18 12 4 2.985273    37887 2.972222 0.995628    
12 19 19 19 12 5 2.880794    35839 2.868421 0.995705    
12 20 20 20 12 6 2.843091    36863 2.850000 1.002430    
12 21 21 21 12 7 2.815845    36863 2.809524 0.997755    
12 22 22 22 12 8 2.779109    36863 2.772727 0.997704    
12 23 23 23 12 9 2.736313    36863 2.739130 1.001030    
12 24 24 24 12 10 2.722749    37887 2.729167 1.002357    
12 25 25 25 12 11 2.670265    36863 2.680000 1.003646    
12 26 26 26 12 12 2.665377    37887 2.673077 1.002889    
12 27 27 27 12 13 2.634847    36863 2.629630 0.998020    
12 28 28 28 12 14 2.592707    35839 2.589286 0.998681    
12 29 29 29 12 15 2.559392    34815 2.551724 0.997004    
12 30 30 30 12 16 2.548263    35839 2.550000 1.000682    
12 31 31 31 12 17 2.519340    34815 2.516129 0.998726    
12 32 33 33 12 18 2.488261    34815 2.484848 0.998629    
12 34 35 35 12 19 2.431386    32767 2.428571 0.998842    
12 36 37 37 12 20 2.394386    31743 2.391892 0.998958    
12 38 39 39 12 21 2.362944    30719 2.358974 0.998320    
12 40 41 41 12 22 2.328116    29695 2.329268 1.000495    
12 42 43 43 12 23 2.300564    28671 2.302326 1.000766    
12 44 45 45 12 24 2.276664    27647 2.277778 1.000489    
12 46 47 47 12 25 2.252403    26623 2.255319 1.001295    
12 48 49 49 12 26 2.226866    24575 2.224490 0.998933    
12 50 51 51 12 27 2.195517    22527 2.196078 1.000256    
12 52 53 53 12 28 2.177050    21503 2.179245 1.001008    
12 54 55 55 12 29 2.152546    19455 2.154545 1.000929    
12 56 57 57 12 30 2.129577    17407 2.131579 1.000940    
12 58 59 59 12 31 2.105902    14335 2.101695 0.998002    
12 60 61 61 12 32 2.091267    13311 2.090164 0.999473    
12 62 64 63 12 33 2.072975    11263 2.071429 0.999254    
12 65 67 66 12 34 2.047124    8191 2.045455 0.999185    
12 68 70 69 12 35 2.013780    4095 2.014493 1.000354    
12 71 73 72 12 36 1.994593    1022 1.993056 0.999229    
12 74 76 75 12 37 1.972168    1012 1.973333 1.000591    
12 77 79 78 12 38 1.953239    1003 1.955128 1.000967    
12 80 82 81 12 39 1.938289    994 1.938272 0.999991    
12 83 85 84 12 40 1.925134    986 1.922619 0.998693    
12 86 88 87 12 41 1.917434    984 1.919540 1.001098    
12 89 91 90 12 42 1.907181    977 1.905556 0.999148    
12 92 94 93 12 43 1.881630    965 1.881720 1.000048    
12 95 97 96 12 44 1.857211    953 1.859375 1.001165    
12 98 100 99 12 45 1.848256    948 1.848485 1.000124    
12 101 103 102 12 46 1.839346    943 1.838235 0.999396    
12 104 109 107 12 47 1.822802    935 1.822430 0.999796    
12 110 115 113 12 48 1.799534    924 1.800885 1.000751    
12 116 121 119 12 49 1.777414    911 1.777311 0.999942    
12 122 127 125 12 50 1.768023    907 1.768000 0.999987    
12 128 133 131 12 51 1.747054    896 1.748092 1.000594    
12 134 139 137 12 52 1.724397    883 1.722628 0.998974    
12 140 145 143 12 53 1.712897    878 1.713287 1.000227    
12 146 151 149 12 54 1.701693    872 1.701342 0.999794    
12 152 157 155 12 55 1.685655    865 1.687097 1.000855    
12 158 163 161 12 56 1.675298    858 1.673913 0.999173    
12 164 169 167 12 57 1.662580    852 1.661677 0.999456    
12 170 175 173 12 58 1.654060    847 1.653179 0.999468    
12 176 181 179 12 59 1.646109    843 1.645251 0.999479    
12 182 187 185 12 60 1.638960    839 1.637838 0.999315    
12 188 193 191 12 61 1.635832    839 1.636126 1.000179    
12 194 254 224 12 62 1.600063    820 1.600446 1.000240    
12 255 255 255 12 63 1.578503    809 1.578431 0.999955    
13 0 0 0 13 0 1.000000    512 1.000000 1.000000       # ieta [14], pt 0
13 15 15 15 13 1 3.226943    39935 3.233333 1.001980    
13 16 16 16 13 2 3.171731    39935 3.156250 0.995119    
13 17 17 17 13 3 3.129152    40959 3.117647 0.996323    
13 18 18 18 13 4 3.065004    40959 3.055556 0.996917    
13 19 19 19 13 5 2.965699    39935 2.973684 1.002693    
13 20 20 20 13 6 2.923041    39935 2.925000 1.000670    
13 21 21 21 13 7 2.883955    39935 2.880952 0.998959    
13 22 22 22 13 8 2.854313    40959 2.863636 1.003266    
13 23 23 23 13 9 2.823658    40959 2.826087 1.000860    
13 24 24 24 13 10 2.803492    41983 2.812500 1.003213    
13 25 25 25 13 11 2.739680    39935 2.740000 1.000117    
13 26 26 26 13 12 2.733145    40959 2.730769 0.999131    
13 27 27 27 13 13 2.692880    39935 2.685185 0.997143    
13 28 28 28 13 14 2.652906    39935 2.660714 1.002943    
13 29 29 29 13 15 2.616465    38911 2.620690 1.001615    
13 30 30 30 13 16 2.603781    38911 2.600000 0.998548    
13 31 31 31 13 17 2.560118    37887 2.564516 1.001718    
13 32 33 33 13 18 2.528525    37887 2.530303 1.000703    
13 34 35 35 13 19 2.485188    36863 2.485714 1.000212    
13 36 37 37 13 20 2.445993    35839 2.445946 0.999981    
13 38 39 39 13 21 2.410809    34815 2.410256 0.999771    
13 40 41 41 13 22 2.370491    32767 2.365854 0.998044    
13 42 43 43 13 23 2.346400    32767 2.348837 1.001039    
13 44 45 45 13 24 2.322298    31743 2.322222 0.999967    
13 46 47 47 13 25 2.290367    29695 2.287234 0.998632    
13 48 49 49 13 26 2.263743    28671 2.265306 1.000691    
13 50 51 51 13 27 2.238778    26623 2.235294 0.998444    
13 52 53 53 13 28 2.221048    25599 2.216981 0.998169    
13 54 55 55 13 29 2.198317    24575 2.200000 1.000766    
13 56 57 57 13 30 2.172347    22527 2.175439 1.001423    
13 58 59 59 13 31 2.145371    19455 2.144068 0.999392    
13 60 61 61 13 32 2.129614    18431 2.131148 1.000720    
13 62 64 63 13 33 2.106562    15359 2.103175 0.998392    
13 65 67 66 13 34 2.078046    12287 2.075758 0.998899    
13 68 70 69 13 35 2.053957    9215 2.050725 0.998426    
13 71 73 72 13 36 2.038974    8191 2.041667 1.001321    
13 74 76 75 13 37 2.019343    5119 2.020000 1.000325    
13 77 79 78 13 38 2.002426    2047 2.000000 0.998789    
13 80 82 81 13 39 1.981660    1016 1.981481 0.999910    
13 83 85 84 13 40 1.967466    1010 1.970238 1.001409    
13 86 88 87 13 41 1.958771    1005 1.959770 1.000510    
13 89 91 90 13 42 1.948819    1000 1.950000 1.000606    
13 92 94 93 13 43 1.928449    990 1.930108 1.000860    
13 95 97 96 13 44 1.907884    977 1.906250 0.999143    
13 98 100 99 13 45 1.899237    974 1.898990 0.999870    
13 101 103 102 13 46 1.889602    968 1.887255 0.998758    
13 104 109 107 13 47 1.869625    959 1.869159 0.999751    
13 110 115 113 13 48 1.843386    946 1.845133 1.000948    
13 116 121 119 13 49 1.819089    933 1.819328 1.000131    
13 122 127 125 13 50 1.800550    923 1.800000 0.999695    
13 128 133 131 13 51 1.781617    914 1.782443 1.000464    
13 134 139 137 13 52 1.762071    904 1.762774 1.000399    
13 140 145 143 13 53 1.749805    896 1.748252 0.999112    
13 146 151 149 13 54 1.737373    891 1.738255 1.000507    
13 152 157 155 13 55 1.724756    885 1.725806 1.000609    
13 158 163 161 13 56 1.715593    879 1.714286 0.999238    
13 164 169 167 13 57 1.702730    873 1.703593 1.000507    
13 170 175 173 13 58 1.691446    867 1.690751 0.999589    
13 176 181 179 13 59 1.680992    862 1.681564 1.000340    
13 182 187 185 13 60 1.673691    857 1.672973 0.999571    
13 188 193 191 13 61 1.670497    856 1.670157 0.999796    
13 194 254 224 13 62 1.631586    836 1.631696 1.000067    
13 255 255 255 13 63 1.609296    825 1.609804 1.000316    
14 0 0 0 14 0 1.000000    512 1.000000 1.000000       # ieta [15], pt 0
14 15 15 15 14 1 3.260326    40959 3.266667 1.001945    
14 16 16 16 14 2 3.210300    41983 3.218750 1.002632    
14 17 17 17 14 3 3.170146    43007 3.176471 1.001995    
14 18 18 18 14 4 3.105156    43007 3.111111 1.001918    
14 19 19 19 14 5 3.007741    40959 3.000000 0.997426    
14 20 20 20 14 6 2.966897    41983 2.975000 1.002731    
14 21 21 21 14 7 2.927225    41983 2.928571 1.000460    
14 22 22 22 14 8 2.900689    43007 2.909091 1.002897    
14 23 23 23 14 9 2.872574    43007 2.869565 0.998953    
14 24 24 24 14 10 2.850407    44031 2.854167 1.001319    
14 25 25 25 14 11 2.781099    41983 2.780000 0.999605    
14 26 26 26 14 12 2.760359    43007 2.769231 1.003214    
14 27 27 27 14 13 2.715092    41983 2.722222 1.002626    
14 28 28 28 14 14 2.678774    40959 2.678571 0.999924    
14 29 29 29 14 15 2.641978    39935 2.637931 0.998468    
14 30 30 30 14 16 2.630658    40959 2.633333 1.001017    
14 31 31 31 14 17 2.594333    39935 2.596774 1.000941    
14 32 33 33 14 18 2.568774    40959 2.575758 1.002719    
14 34 35 35 14 19 2.524213    39935 2.528571 1.001727    
14 36 37 37 14 20 2.489735    38911 2.486486 0.998695    
14 38 39 39 14 21 2.452337    37887 2.448718 0.998524    
14 40 41 41 14 22 2.405625    35839 2.402439 0.998676    
14 42 43 43 14 23 2.382464    35839 2.383721 1.000528    
14 44 45 45 14 24 2.356286    34815 2.355556 0.999690    
14 46 47 47 14 25 2.329090    33791 2.329787 1.000299    
14 48 49 49 14 26 2.300669    31743 2.295918 0.997935    
14 50 51 51 14 27 2.277082    30719 2.274510 0.998871    
14 52 53 53 14 28 2.260149    30719 2.264151 1.001771    
14 54 55 55 14 29 2.231889    28671 2.236364 1.002005    
14 56 57 57 14 30 2.207519    26623 2.210526 1.001362    
14 58 59 59 14 31 2.186286    24575 2.186441 1.000071    
14 60 61 61 14 32 2.175113    23551 2.172131 0.998629    
14 62 64 63 14 33 2.155395    22527 2.158730 1.001548    
14 65 67 66 14 34 2.126785    19455 2.128788 1.000942    
14 68 70 69 14 35 2.101058    16383 2.101449 1.000186    
14 71 73 72 14 36 2.078913    13311 2.076389 0.998786    
14 74 76 75 14 37 2.054654    10239 2.053333 0.999357    
14 77 79 78 14 38 2.038842    8191 2.038462 0.999813    
14 80 82 81 14 39 2.016966    5119 2.018519 1.000770    
14 83 85 84 14 40 1.998186    2047 2.000000 1.000908    
14 86 88 87 14 41 1.987255    1020 1.988506 1.000630    
14 89 91 90 14 42 1.974113    1011 1.972222 0.999042    
14 92 94 93 14 43 1.951698    1001 1.951613 0.999957    
14 95 97 96 14 44 1.926248    988 1.927083 1.000434    
14 98 100 99 14 45 1.914952    982 1.914141 0.999577    
14 101 103 102 14 46 1.904646    978 1.906863 1.001164    
14 104 109 107 14 47 1.890913    970 1.892523 1.000852    
14 110 115 113 14 48 1.869175    958 1.867257 0.998974    
14 116 121 119 14 49 1.845672    946 1.844538 0.999385    
14 122 127 125 14 50 1.827961    937 1.828000 1.000021    
14 128 133 131 14 51 1.805986    926 1.805344 0.999644    
14 134 139 137 14 52 1.786942    917 1.788321 1.000772    
14 140 145 143 14 53 1.775819    911 1.776224 1.000228    
14 146 151 149 14 54 1.763278    903 1.761745 0.999131    
14 152 157 155 14 55 1.748731    896 1.748387 0.999804    
14 158 163 161 14 56 1.739311    892 1.739130 0.999896    
14 164 169 167 14 57 1.729173    887 1.730539 1.000790    
14 170 175 173 14 58 1.719866    881 1.719653 0.999876    
14 176 181 179 14 59 1.708379    876 1.709497 1.000654    
14 182 187 185 14 60 1.700960    871 1.700000 0.999436    
14 188 193 191 14 61 1.698168    871 1.698953 1.000462    
14 194 254 224 14 62 1.660257    851 1.660714 1.000275    
14 255 255 255 14 63 1.637286    839 1.637255 0.999981    
15 0 0 0 15 0 1.000000    512 1.000000 1.000000       # ieta [16], pt 0
15 15 15 15 15 1 3.306014    41983 3.300000 0.998181    
15 16 16 16 15 2 3.256851    43007 3.250000 0.997897    
15 17 17 17 15 3 3.216113    44031 3.205882 0.996819    
15 18 18 18 15 4 3.160285    45055 3.166667 1.002019    
15 19 19 19 15 5 3.050920    43007 3.052632 1.000561    
15 20 20 20 15 6 3.002798    43007 3.000000 0.999068    
15 21 21 21 15 7 2.962645    43007 2.952381 0.996535    
15 22 22 22 15 8 2.937260    44031 2.931818 0.998147    
15 23 23 23 15 9 2.910112    45055 2.913043 1.001007    
15 24 24 24 15 10 2.894052    46079 2.895833 1.000616    
15 25 25 25 15 11 2.831759    45055 2.840000 1.002910    
15 26 26 26 15 12 2.810806    45055 2.807692 0.998892    
15 27 27 27 15 13 2.762841    44031 2.759259 0.998704    
15 28 28 28 15 14 2.731231    44031 2.732143 1.000334    
15 29 29 29 15 15 2.715028    44031 2.706897 0.997005    
15 30 30 30 15 16 2.704105    45055 2.700000 0.998482    
15 31 31 31 15 17 2.665594    44031 2.661290 0.998385    
15 32 33 33 15 18 2.638603    45055 2.636364 0.999151    
15 34 35 35 15 19 2.584612    44031 2.585714 1.000427    
15 36 37 37 15 20 2.550449    44031 2.554054 1.001414    
15 38 39 39 15 21 2.518106    43007 2.512821 0.997901    
15 40 41 41 15 22 2.475107    41983 2.475610 1.000203    
15 42 43 43 15 23 2.453854    41983 2.453488 0.999851    
15 44 45 45 15 24 2.425631    40959 2.422222 0.998595    
15 46 47 47 15 25 2.388936    39935 2.393617 1.001959    
15 48 49 49 15 26 2.363630    38911 2.367347 1.001573    
15 50 51 51 15 27 2.342820    37887 2.343137 1.000135    
15 52 53 53 15 28 2.327518    37887 2.330189 1.001147    
15 54 55 55 15 29 2.302505    35839 2.300000 0.998912    
15 56 57 57 15 30 2.275800    33791 2.271930 0.998300    
15 58 59 59 15 31 2.248194    31743 2.245763 0.998919    
15 60 61 61 15 32 2.231179    30719 2.229508 0.999251    
15 62 64 63 15 33 2.211092    29695 2.214286 1.001445    
15 65 67 66 15 34 2.184739    26623 2.181818 0.998663    
15 68 70 69 15 35 2.157817    24575 2.159420 1.000743    
15 71 73 72 15 36 2.135928    22527 2.138889 1.001386    
15 74 76 75 15 37 2.115637    19455 2.113333 0.998911    
15 77 79 78 15 38 2.103979    18431 2.102564 0.999328    
15 80 82 81 15 39 2.082185    15359 2.080247 0.999069    
15 83 85 84 15 40 2.061249    12287 2.059524 0.999163    
15 86 88 87 15 41 2.049623    11263 2.051724 1.001025    
15 89 91 90 15 42 2.035590    8191 2.033333 0.998891    
15 92 94 93 15 43 2.015050    5119 2.016129 1.000536    
15 95 97 96 15 44 1.992616    1023 1.994792 1.001092    
15 98 100 99 15 45 1.981927    1015 1.979798 0.998926    
15 101 103 102 15 46 1.970933    1010 1.970588 0.999825    
15 104 109 107 15 47 1.960279    1004 1.957944 0.998809    
15 110 115 113 15 48 1.946267    998 1.946903 1.000326    
15 116 121 119 15 49 1.923843    987 1.924370 1.000274    
15 122 127 125 15 50 1.906852    978 1.908000 1.000602    
15 128 133 131 15 51 1.881458    965 1.881679 1.000118    
15 134 139 137 15 52 1.859537    954 1.861314 1.000956    
15 140 145 143 15 53 1.848443    948 1.849650 1.000653    
15 146 151 149 15 54 1.838737    943 1.838926 1.000103    
15 152 157 155 15 55 1.825467    936 1.825806 1.000186    
15 158 163 161 15 56 1.812127    930 1.813665 1.000848    
15 164 169 167 15 57 1.802083    924 1.802395 1.000173    
15 170 175 173 15 58 1.786990    915 1.786127 0.999517    
15 176 181 179 15 59 1.771585    908 1.770950 0.999641    
15 182 187 185 15 60 1.764641    904 1.764865 1.000127    
15 188 193 191 15 61 1.759627    902 1.759162 0.999736    
15 194 254 224 15 62 1.724721    884 1.725446 1.000421    
15 255 255 255 15 63 1.702662    872 1.701961 0.999588    
16 0 0 0 16 0 1.000000    512 1.000000 1.000000       # ieta [17], pt 0
16 15 15 15 16 1 3.306014    41983 3.300000 0.998181    
16 16 16 16 16 2 3.256851    43007 3.250000 0.997897    
16 17 17 17 16 3 3.216113    44031 3.205882 0.996819    
16 18 18 18 16 4 3.160285    45055 3.166667 1.002019    
16 19 19 19 16 5 3.050647    43007 3.052632 1.000651    
16 20 20 20 16 6 3.002328    43007 3.000000 0.999225    
16 21 21 21 16 7 2.962182    43007 2.952381 0.996691    
16 22 22 22 16 8 2.936801    44031 2.931818 0.998303    
16 23 23 23 16 9 2.909783    45055 2.913043 1.001121    
16 24 24 24 16 10 2.893725    46079 2.895833 1.000729    
16 25 25 25 16 11 2.829237    44031 2.820000 0.996735    
16 26 26 26 16 12 2.808303    45055 2.807692 0.999783    
16 27 27 27 16 13 2.760381    44031 2.759259 0.999594    
16 28 28 28 16 14 2.728799    44031 2.732143 1.001225    
16 29 29 29 16 15 2.712610    44031 2.706897 0.997894    
16 30 30 30 16 16 2.701697    45055 2.700000 0.999372    
16 31 31 31 16 17 2.663221    44031 2.661290 0.999275    
16 32 33 33 16 18 2.632247    45055 2.636364 1.001564    
16 34 35 35 16 19 2.579175    44031 2.585714 1.002535    
16 36 37 37 16 20 2.544508    43007 2.540541 0.998441    
16 38 39 39 16 21 2.511662    43007 2.512821 1.000461    
16 40 41 41 16 22 2.468294    40959 2.463415 0.998023    
16 42 43 43 16 23 2.445825    40959 2.441860 0.998379    
16 44 45 45 16 24 2.417850    40959 2.422222 1.001808    
16 46 47 47 16 25 2.381233    38911 2.382979 1.000733    
16 48 49 49 16 26 2.355816    37887 2.357143 1.000563    
16 50 51 51 16 27 2.335075    36863 2.333333 0.999254    
16 52 53 53 16 28 2.320190    36863 2.320755 1.000243    
16 54 55 55 16 29 2.294769    34815 2.290909 0.998318    
16 56 57 57 16 30 2.268154    33791 2.271930 1.001665    
16 58 59 59 16 31 2.240791    30719 2.237288 0.998437    
16 60 61 61 16 32 2.223832    29695 2.221311 0.998866    
16 62 64 63 16 33 2.203811    28671 2.206349 1.001152    
16 65 67 66 16 34 2.177545    25599 2.174242 0.998483    
16 68 70 69 16 35 2.150711    23551 2.152174 1.000680    
16 71 73 72 16 36 2.128060    20479 2.125000 0.998562    
16 74 76 75 16 37 2.107427    18431 2.106667 0.999639    
16 77 79 78 16 38 2.095698    17407 2.096154 1.000217    
16 80 82 81 16 39 2.073759    14335 2.074074 1.000152    
16 83 85 84 16 40 2.051473    11263 2.053571 1.001023    
16 86 88 87 16 41 2.039902    9215 2.040230 1.000161    
16 89 91 90 16 42 2.025935    7167 2.027778 1.000910    
16 92 94 93 16 43 2.005492    3071 2.005376 0.999942    
16 95 97 96 16 44 1.983165    1017 1.984375 1.000610    
16 98 100 99 16 45 1.972526    1013 1.974747 1.001126    
16 101 103 102 16 46 1.961585    1005 1.960784 0.999592    
16 104 109 107 16 47 1.950981    1002 1.953271 1.001174    
16 110 115 113 16 48 1.937036    994 1.938053 1.000525    
16 116 121 119 16 49 1.914708    982 1.915966 1.000657    
16 122 127 125 16 50 1.897749    972 1.896000 0.999078    
16 128 133 131 16 51 1.872477    961 1.874046 1.000838    
16 134 139 137 16 52 1.850660    949 1.850365 0.999841    
16 140 145 143 16 53 1.839619    943 1.839161 0.999751    
16 146 151 149 16 54 1.829959    938 1.828859 0.999399    
16 152 157 155 16 55 1.816753    931 1.816129 0.999657    
16 158 163 161 16 56 1.803477    925 1.804348 1.000483    
16 164 169 167 16 57 1.793480    919 1.793413 0.999963    
16 170 175 173 16 58 1.778459    911 1.777457 0.999436    
16 176 181 179 16 59 1.763128    903 1.762570 0.999683    
16 182 187 185 16 60 1.756217    900 1.756757 1.000307    
16 188 193 191 16 61 1.751227    898 1.751309 1.000047    
16 194 254 224 16 62 1.716504    879 1.716518 1.000008    
16 255 255 255 16 63 1.694641    868 1.694118 0.999691    
17 0 0 0 17 0 1.000000    512 1.000000 1.000000       # ieta [18], pt 0
17 15 15 15 17 1 3.080114    34815 3.066667 0.995634    
17 16 16 16 17 2 3.013970    34815 3.000000 0.995365    
17 17 17 17 17 3 2.968690    35839 2.970588 1.000640    
17 18 18 18 17 4 2.913619    35839 2.916667 1.001046    
17 19 19 19 17 5 2.831407    34815 2.842105 1.003779    
17 20 20 20 17 6 2.808751    34815 2.800000 0.996884    
17 21 21 21 17 7 2.782172    35839 2.785714 1.001273    
17 22 22 22 17 8 2.749661    35839 2.750000 1.000123    
17 23 23 23 17 9 2.712854    35839 2.717391 1.001672    
17 24 24 24 17 10 2.690700    35839 2.687500 0.998811    
17 25 25 25 17 11 2.622966    33791 2.620000 0.998869    
17 26 26 26 17 12 2.619988    34815 2.615385 0.998243    
17 27 27 27 17 13 2.586758    34815 2.592593 1.002256    
17 28 28 28 17 14 2.548431    33791 2.553571 1.002017    
17 29 29 29 17 15 2.514304    32767 2.517241 1.001168    
17 30 30 30 17 16 2.507806    32767 2.500000 0.996887    
17 31 31 31 17 17 2.477201    32767 2.483871 1.002692    
17 32 33 33 17 18 2.443218    31743 2.439394 0.998435    
17 34 35 35 17 19 2.376802    28671 2.371429 0.997739    
17 36 37 37 17 20 2.337714    27647 2.337838 1.000053    
17 38 39 39 17 21 2.303784    26623 2.307692 1.001696    
17 40 41 41 17 22 2.265952    24575 2.268293 1.001033    
17 42 43 43 17 23 2.233063    22527 2.232558 0.999774    
17 44 45 45 17 24 2.205919    21503 2.211111 1.002354    
17 46 47 47 17 25 2.185600    19455 2.180851 0.997827    
17 48 49 49 17 26 2.163365    18431 2.163265 0.999954    
17 50 51 51 17 27 2.144231    17407 2.147059 1.001319    
17 52 53 53 17 28 2.129494    16383 2.132075 1.001212    
17 54 55 55 17 29 2.113892    15359 2.118182 1.002029    
17 56 57 57 17 30 2.088522    12287 2.087719 0.999615    
17 58 59 59 17 31 2.060445    9215 2.059322 0.999455    
17 60 61 61 17 32 2.043624    7167 2.040984 0.998708    
17 62 64 63 17 33 2.027548    5119 2.023810 0.998156    
17 65 67 66 17 34 2.003849    3071 2.007576 1.001860    
17 68 70 69 17 35 1.972573    1011 1.971014 0.999210    
17 71 73 72 17 36 1.952568    1001 1.951389 0.999396    
17 74 76 75 17 37 1.932266    992 1.933333 1.000553    
17 77 79 78 17 38 1.909938    980 1.910256 1.000167    
17 80 82 81 17 39 1.890206    969 1.888889 0.999303    
17 83 85 84 17 40 1.876156    962 1.875000 0.999384    
17 86 88 87 17 41 1.869195    958 1.867816 0.999262    
17 89 91 90 17 42 1.861953    954 1.861111 0.999548    
17 92 94 93 17 43 1.839238    943 1.838710 0.999713    
17 95 97 96 17 44 1.816795    932 1.817708 1.000503    
17 98 100 99 17 45 1.808223    927 1.808081 0.999922    
17 101 103 102 17 46 1.800184    923 1.799020 0.999353    
17 104 109 107 17 47 1.785613    915 1.785047 0.999683    
17 110 115 113 17 48 1.764810    905 1.765487 1.000383    
17 116 121 119 17 49 1.742507    894 1.743697 1.000683    
17 122 127 125 17 50 1.733713    888 1.732000 0.999012    
17 128 133 131 17 51 1.717584    881 1.717557 0.999984    
17 134 139 137 17 52 1.702722    874 1.704380 1.000973    
17 140 145 143 17 53 1.688773    866 1.688811 1.000023    
17 146 151 149 17 54 1.672410    857 1.671141 0.999241    
17 152 157 155 17 55 1.661305    852 1.661290 0.999991    
17 158 163 161 17 56 1.654830    849 1.655280 1.000272    
17 164 169 167 17 57 1.645006    843 1.643713 0.999214    
17 170 175 173 17 58 1.631576    837 1.632948 1.000841    
17 176 181 179 17 59 1.624142    832 1.622905 0.999239    
17 182 187 185 17 60 1.615362    828 1.616216 1.000529    
17 188 193 191 17 61 1.610280    825 1.609948 0.999794    
17 194 254 224 17 62 1.574091    806 1.573661 0.999726    
17 255 255 255 17 63 1.552299    796 1.552941 1.000414    
18 0 0 0 18 0 1.000000    512 1.000000 1.000000       # ieta [19], pt 0
18 15 15 15 18 1 3.055523    34815 3.066667 1.003647    
18 16 16 16 18 2 2.982993    33791 2.968750 0.995225    
18 17 17 17 18 3 2.932996    34815 2.941176 1.002789    
18 18 18 18 18 4 2.878587    34815 2.888889 1.003579    
18 19 19 19 18 5 2.790417    32767 2.789474 0.999662    
18 20 20 20 18 6 2.770599    33791 2.775000 1.001588    
18 21 21 21 18 7 2.746045    33791 2.738095 0.997105    
18 22 22 22 18 8 2.704573    33791 2.704545 0.999990    
18 23 23 23 18 9 2.659245    32767 2.652174 0.997341    
18 24 24 24 18 10 2.648986    33791 2.645833 0.998810    
18 25 25 25 18 11 2.580289    31743 2.580000 0.999888    
18 26 26 26 18 12 2.579276    32767 2.576923 0.999088    
18 27 27 27 18 13 2.551985    32767 2.555556 1.001399    
18 28 28 28 18 14 2.497319    30719 2.500000 1.001074    
18 29 29 29 18 15 2.463876    29695 2.465517 1.000666    
18 30 30 30 18 16 2.452236    29695 2.450000 0.999088    
18 31 31 31 18 17 2.434608    29695 2.435484 1.000360    
18 32 33 33 18 18 2.402996    29695 2.409091 1.002536    
18 34 35 35 18 19 2.340315    26623 2.342857 1.001086    
18 36 37 37 18 20 2.303572    24575 2.297297 0.997276    
18 38 39 39 18 21 2.271334    23551 2.269231 0.999074    
18 40 41 41 18 22 2.237995    22527 2.243902 1.002640    
18 42 43 43 18 23 2.205571    20479 2.209302 1.001692    
18 44 45 45 18 24 2.173356    18431 2.177778 1.002034    
18 46 47 47 18 25 2.148226    16383 2.148936 1.000330    
18 48 49 49 18 26 2.121831    14335 2.122449 1.000291    
18 50 51 51 18 27 2.092781    11263 2.088235 0.997828    
18 52 53 53 18 28 2.075409    10239 2.075472 1.000030    
18 54 55 55 18 29 2.059460    9215 2.063636 1.002028    
18 56 57 57 18 30 2.037737    6143 2.035088 0.998700    
18 58 59 59 18 31 2.012788    4095 2.016949 1.002068    
18 60 61 61 18 32 1.994248    1022 1.991803 0.998774    
18 62 64 63 18 33 1.979725    1014 1.976190 0.998215    
18 65 67 66 18 34 1.957264    1003 1.954545 0.998611    
18 68 70 69 18 35 1.933964    993 1.934783 1.000423    
18 71 73 72 18 36 1.915808    983 1.916667 1.000448    
18 74 76 75 18 37 1.896689    975 1.900000 1.001746    
18 77 79 78 18 38 1.880628    963 1.878205 0.998712    
18 80 82 81 18 39 1.867827    959 1.870370 1.001362    
18 83 85 84 18 40 1.854461    952 1.857143 1.001446    
18 86 88 87 18 41 1.847166    946 1.844828 0.998734    
18 89 91 90 18 42 1.839306    943 1.838889 0.999773    
18 92 94 93 18 43 1.812923    929 1.811828 0.999396    
18 95 97 96 18 44 1.786895    916 1.786458 0.999756    
18 98 100 99 18 45 1.778565    912 1.777778 0.999557    
18 101 103 102 18 46 1.769548    908 1.769608 1.000034    
18 104 109 107 18 47 1.752908    899 1.752336 0.999674    
18 110 115 113 18 48 1.732487    890 1.734513 1.001170    
18 116 121 119 18 49 1.710592    877 1.710084 0.999703    
18 122 127 125 18 50 1.699907    872 1.700000 1.000055    
18 128 133 131 18 51 1.679905    861 1.679389 0.999693    
18 134 139 137 18 52 1.660975    852 1.660584 0.999764    
18 140 145 143 18 53 1.647261    844 1.646853 0.999753    
18 146 151 149 18 54 1.632440    836 1.630872 0.999040    
18 152 157 155 18 55 1.612011    827 1.612903 1.000553    
18 158 163 161 18 56 1.600973    822 1.602484 1.000944    
18 164 169 167 18 57 1.590948    815 1.589820 0.999291    
18 170 175 173 18 58 1.578530    809 1.578035 0.999686    
18 176 181 179 18 59 1.569336    805 1.569832 1.000317    
18 182 187 185 18 60 1.558073    798 1.556757 0.999155    
18 188 193 191 18 61 1.550783    794 1.549738 0.999326    
18 194 254 224 18 62 1.514750    777 1.515625 1.000577    
18 255 255 255 18 63 1.492386    764 1.492157 0.999846    
19 0 0 0 19 0 1.000000    512 1.000000 1.000000       # ieta [20], pt 0
19 15 15 15 19 1 3.043273    33791 3.033333 0.996734    
19 16 16 16 19 2 2.971035    33791 2.968750 0.999231    
19 17 17 17 19 3 2.921238    33791 2.911765 0.996757    
19 18 18 18 19 4 2.870110    33791 2.861111 0.996865    
19 19 19 19 19 5 2.767439    31743 2.763158 0.998453    
19 20 20 20 19 6 2.735669    31743 2.725000 0.996100    
19 21 21 21 19 7 2.708240    32767 2.714286 1.002232    
19 22 22 22 19 8 2.664149    31743 2.659091 0.998101    
19 23 23 23 19 9 2.614991    30719 2.608696 0.997593    
19 24 24 24 19 10 2.604903    31743 2.604167 0.999717    
19 25 25 25 19 11 2.538915    29695 2.540000 1.000427    
19 26 26 26 19 12 2.537918    30719 2.538462 1.000214    
19 27 27 27 19 13 2.513401    30719 2.518519 1.002036    
19 28 28 28 19 14 2.465116    28671 2.464286 0.999663    
19 29 29 29 19 15 2.429780    27647 2.431034 1.000516    
19 30 30 30 19 16 2.418300    27647 2.416667 0.999324    
19 31 31 31 19 17 2.400419    27647 2.403226 1.001169    
19 32 33 33 19 18 2.372134    27647 2.378788 1.002805    
19 34 35 35 19 19 2.309132    24575 2.314286 1.002232    
19 36 37 37 19 20 2.274431    22527 2.270270 0.998171    
19 38 39 39 19 21 2.247215    21503 2.243590 0.998387    
19 40 41 41 19 22 2.218826    20479 2.219512 1.000309    
19 42 43 43 19 23 2.181527    18431 2.186047 1.002072    
19 44 45 45 19 24 2.146091    15359 2.144444 0.999233    
19 46 47 47 19 25 2.121276    13311 2.117021 0.997994    
19 48 49 49 19 26 2.096531    11263 2.091837 0.997761    
19 50 51 51 19 27 2.075391    10239 2.078431 1.001465    
19 52 53 53 19 28 2.054713    8191 2.056604 1.000920    
19 54 55 55 19 29 2.035540    6143 2.036364 1.000405    
19 56 57 57 19 30 2.014069    4095 2.017544 1.001725    
19 58 59 59 19 31 1.989410    1022 1.991525 1.001063    
19 60 61 61 19 32 1.973174    1014 1.975410 1.001133    
19 62 64 63 19 33 1.960397    1006 1.960317 0.999959    
19 65 67 66 19 34 1.940198    995 1.939394 0.999586    
19 68 70 69 19 35 1.912756    982 1.913043 1.000150    
19 71 73 72 19 36 1.894800    973 1.895833 1.000546    
19 74 76 75 19 37 1.875889    961 1.873333 0.998638    
19 77 79 78 19 38 1.860004    954 1.858974 0.999446    
19 80 82 81 19 39 1.850964    950 1.851852 1.000480    
19 83 85 84 19 40 1.841974    944 1.839286 0.998541    
19 86 88 87 19 41 1.834341    940 1.833333 0.999451    
19 89 91 90 19 42 1.825763    937 1.827778 1.001104    
19 92 94 93 19 43 1.799574    924 1.801075 1.000834    
19 95 97 96 19 44 1.776173    911 1.776042 0.999926    
19 98 100 99 19 45 1.769325    907 1.767677 0.999068    
19 101 103 102 19 46 1.761090    903 1.759804 0.999270    
19 104 109 107 19 47 1.743340    894 1.742991 0.999799    
19 110 115 113 19 48 1.722722    883 1.721239 0.999139    
19 116 121 119 19 49 1.700797    873 1.701681 1.000519    
19 122 127 125 19 50 1.688815    866 1.688000 0.999517    
19 128 133 131 19 51 1.672956    857 1.671756 0.999283    
19 134 139 137 19 52 1.656104    850 1.656934 1.000501    
19 140 145 143 19 53 1.642602    843 1.643357 1.000459    
19 146 151 149 19 54 1.628685    835 1.627517 0.999283    
19 152 157 155 19 55 1.608303    825 1.609677 1.000855    
19 158 163 161 19 56 1.599532    820 1.599379 0.999904    
19 164 169 167 19 57 1.589516    815 1.589820 1.000192    
19 170 175 173 19 58 1.577108    809 1.578035 1.000587    
19 176 181 179 19 59 1.567922    803 1.567039 0.999437    
19 182 187 185 19 60 1.556670    798 1.556757 1.000056    
19 188 193 191 19 61 1.549086    794 1.549738 1.000421    
19 194 254 224 19 62 1.513818    775 1.513393 0.999719    
19 255 255 255 19 63 1.491550    764 1.492157 1.000407    
20 0 0 0 20 0 1.000000    512 1.000000 1.000000       # ieta [21], pt 0
20 15 15 15 20 1 3.002046    32767 3.000000 0.999319    
20 16 16 16 20 2 2.906860    31743 2.906250 0.999790    
20 17 17 17 20 3 2.858139    31743 2.852941 0.998181    
20 18 18 18 20 4 2.819172    31743 2.805556 0.995170    
20 19 19 19 20 5 2.747490    30719 2.736842 0.996125    
20 20 20 20 20 6 2.712489    30719 2.700000 0.995396    
20 21 21 21 20 7 2.682358    31743 2.690476 1.003027    
20 22 22 22 20 8 2.621875    29695 2.613636 0.996858    
20 23 23 23 20 9 2.578667    29695 2.586957 1.003215    
20 24 24 24 20 10 2.568719    29695 2.562500 0.997579    
20 25 25 25 20 11 2.495433    27647 2.500000 1.001830    
20 26 26 26 20 12 2.494453    28671 2.500000 1.002224    
20 27 27 27 20 13 2.452341    26623 2.444444 0.996780    
20 28 28 28 20 14 2.399205    24575 2.392857 0.997354    
20 29 29 29 20 15 2.359832    23551 2.362069 1.000948    
20 30 30 30 20 16 2.348683    23551 2.350000 1.000561    
20 31 31 31 20 17 2.337923    23551 2.338710 1.000336    
20 32 33 33 20 18 2.317830    23551 2.318182 1.000152    
20 34 35 35 20 19 2.265878    21503 2.271429 1.002450    
20 36 37 37 20 20 2.245787    20479 2.243243 0.998867    
20 38 39 39 20 21 2.230744    20479 2.230769 1.000011    
20 40 41 41 20 22 2.202654    19455 2.207317 1.002117    
20 42 43 43 20 23 2.165130    16383 2.162791 0.998920    
20 44 45 45 20 24 2.131312    14335 2.133333 1.000948    
20 46 47 47 20 25 2.106668    12287 2.106383 0.999865    
20 48 49 49 20 26 2.080446    10239 2.081633 1.000570    
20 50 51 51 20 27 2.055992    8191 2.058824 1.001377    
20 52 53 53 20 28 2.036476    6143 2.037736 1.000619    
20 54 55 55 20 29 2.019102    4095 2.018182 0.999544    
20 56 57 57 20 30 1.997804    2046 2.000000 1.001099    
20 58 59 59 20 31 1.973937    1013 1.974576 1.000324    
20 60 61 61 20 32 1.958184    1006 1.959016 1.000425    
20 62 64 63 20 33 1.949917    1002 1.952381 1.001264    
20 65 67 66 20 34 1.925578    988 1.924242 0.999306    
20 68 70 69 20 35 1.896714    974 1.898551 1.000968    
20 71 73 72 20 36 1.878908    966 1.881944 1.001616    
20 74 76 75 20 37 1.860628    954 1.860000 0.999662    
20 77 79 78 20 38 1.845814    947 1.846154 1.000184    
20 80 82 81 20 39 1.832543    940 1.833333 1.000431    
20 83 85 84 20 40 1.819808    934 1.821429 1.000890    
20 86 88 87 20 41 1.803673    925 1.804598 1.000513    
20 89 91 90 20 42 1.789478    917 1.788889 0.999671    
20 92 94 93 20 43 1.763650    904 1.763441 0.999882    
20 95 97 96 20 44 1.743922    895 1.744792 1.000499    
20 98 100 99 20 45 1.736812    891 1.737374 1.000324    
20 101 103 102 20 46 1.724807    885 1.725490 1.000396    
20 104 109 107 20 47 1.707059    875 1.705607 0.999150    
20 110 115 113 20 48 1.683742    865 1.685841 1.001247    
20 116 121 119 20 49 1.662996    853 1.663866 1.000523    
20 122 127 125 20 50 1.650525    847 1.652000 1.000893    
20 128 133 131 20 51 1.641930    842 1.641221 0.999568    
20 134 139 137 20 52 1.636226    839 1.635036 0.999273    
20 140 145 143 20 53 1.627983    836 1.629371 1.000852    
20 146 151 149 20 54 1.611914    826 1.610738 0.999271    
20 152 157 155 20 55 1.589929    815 1.590323 1.000247    
20 158 163 161 20 56 1.583468    812 1.583851 1.000242    
20 164 169 167 20 57 1.573552    807 1.574850 1.000825    
20 170 175 173 20 58 1.561849    800 1.560694 0.999260    
20 176 181 179 20 59 1.551477    795 1.550279 0.999228    
20 182 187 185 20 60 1.541555    790 1.540541 0.999342    
20 188 193 191 20 61 1.533622    786 1.534031 1.000267    
20 194 254 224 20 62 1.500170    769 1.500000 0.999886    
20 255 255 255 20 63 1.478387    757 1.478431 1.000030    
21 0 0 0 21 0 1.000000    512 1.000000 1.000000       # ieta [22], pt 0
21 15 15 15 21 1 2.937316    30719 2.933333 0.998644    
21 16 16 16 21 2 2.849788    29695 2.843750 0.997881    
21 17 17 17 21 3 2.805666    29695 2.794118 0.995884    
21 18 18 18 21 4 2.762196    29695 2.750000 0.995585    
21 19 19 19 21 5 2.683712    28671 2.684211 1.000186    
21 20 20 20 21 6 2.634569    27647 2.625000 0.996368    
21 21 21 21 21 7 2.593541    27647 2.595238 1.000654    
21 22 22 22 21 8 2.546155    26623 2.545455 0.999725    
21 23 23 23 21 9 2.504195    25599 2.500000 0.998325    
21 24 24 24 21 10 2.494534    26623 2.500000 1.002191    
21 25 25 25 21 11 2.423178    23551 2.420000 0.998689    
21 26 26 26 21 12 2.421343    24575 2.423077 1.000716    
21 27 27 27 21 13 2.393200    23551 2.388889 0.998199    
21 28 28 28 21 14 2.352689    22527 2.357143 1.001893    
21 29 29 29 21 15 2.321977    21503 2.327586 1.002416    
21 30 30 30 21 16 2.311007    21503 2.316667 1.002449    
21 31 31 31 21 17 2.295827    20479 2.290323 0.997602    
21 32 33 33 21 18 2.267190    20479 2.272727 1.002443    
21 34 35 35 21 19 2.217437    17407 2.214286 0.998579    
21 36 37 37 21 20 2.190413    16383 2.189189 0.999441    
21 38 39 39 21 21 2.166022    15359 2.166667 1.000298    
21 40 41 41 21 22 2.135821    13311 2.134146 0.999216    
21 42 43 43 21 23 2.099995    11263 2.104651 1.002217    
21 44 45 45 21 24 2.063568    8191 2.066667 1.001501    
21 46 47 47 21 25 2.041405    6143 2.042553 1.000562    
21 48 49 49 21 26 2.015578    4095 2.020408 1.002396    
21 50 51 51 21 27 1.992933    1022 1.990196 0.998627    
21 52 53 53 21 28 1.976319    1013 1.971698 0.997662    
21 54 55 55 21 29 1.962642    1008 1.963636 1.000507    
21 56 57 57 21 30 1.946546    1000 1.947368 1.000422    
21 58 59 59 21 31 1.923742    987 1.923729 0.999993    
21 60 61 61 21 32 1.908257    980 1.909836 1.000827    
21 62 64 63 21 33 1.896778    974 1.896825 1.000025    
21 65 67 66 21 34 1.882780    968 1.886364 1.001903    
21 68 70 69 21 35 1.850209    948 1.847826 0.998712    
21 71 73 72 21 36 1.835260    941 1.833333 0.998950    
21 74 76 75 21 37 1.811531    930 1.813333 1.000995    
21 77 79 78 21 38 1.796132    921 1.794872 0.999298    
21 80 82 81 21 39 1.783218    915 1.783951 1.000411    
21 83 85 84 21 40 1.774272    910 1.773810 0.999739    
21 86 88 87 21 41 1.767572    908 1.770115 1.001438    
21 89 91 90 21 42 1.759132    903 1.761111 1.001125    
21 92 94 93 21 43 1.738738    891 1.736559 0.998747    
21 95 97 96 21 44 1.716363    881 1.718750 1.001391    
21 98 100 99 21 45 1.708617    876 1.707071 0.999095    
21 101 103 102 21 46 1.698005    870 1.696078 0.998865    
21 104 109 107 21 47 1.683866    863 1.682243 0.999036    
21 110 115 113 21 48 1.662259    853 1.663717 1.000877    
21 116 121 119 21 49 1.644654    843 1.642857 0.998908    
21 122 127 125 21 50 1.629049    835 1.628000 0.999356    
21 128 133 131 21 51 1.615132    828 1.614504 0.999611    
21 134 139 137 21 52 1.605527    824 1.605839 1.000194    
21 140 145 143 21 53 1.594636    818 1.594406 0.999856    
21 146 151 149 21 54 1.582385    812 1.583893 1.000953    
21 152 157 155 21 55 1.571149    805 1.570968 0.999884    
21 158 163 161 21 56 1.564085    802 1.565217 1.000724    
21 164 169 167 21 57 1.555772    798 1.556886 1.000716    
21 170 175 173 21 58 1.542641    791 1.543353 1.000461    
21 176 181 179 21 59 1.528697    783 1.527933 0.999500    
21 182 187 185 21 60 1.520859    780 1.521622 1.000501    
21 188 193 191 21 61 1.513828    776 1.513089 0.999512    
21 194 254 224 21 62 1.481121    759 1.482143 1.000690    
21 255 255 255 21 63 1.459543    747 1.458824 0.999507    
22 0 0 0 22 0 1.000000    512 1.000000 1.000000       # ieta [23], pt 0
22 15 15 15 22 1 2.844832    27647 2.833333 0.995958    
22 16 16 16 22 2 2.773461    27647 2.781250 1.002808    
22 17 17 17 22 3 2.747894    27647 2.735294 0.995415    
22 18 18 18 22 4 2.708035    27647 2.694444 0.994981    
22 19 19 19 22 5 2.621919    26623 2.631579 1.003684    
22 20 20 20 22 6 2.587637    26623 2.600000 1.004778    
22 21 21 21 22 7 2.535559    24575 2.523810 0.995366    
22 22 22 22 22 8 2.491172    24575 2.500000 1.003544    
22 23 23 23 22 9 2.450117    23551 2.456522 1.002614    
22 24 24 24 22 10 2.433114    23551 2.437500 1.001803    
22 25 25 25 22 11 2.369336    20479 2.360000 0.996060    
22 26 26 26 22 12 2.369077    21503 2.365385 0.998442    
22 27 27 27 22 13 2.341833    20479 2.333333 0.996370    
22 28 28 28 22 14 2.312747    20479 2.321429 1.003754    
22 29 29 29 22 15 2.277565    18431 2.275862 0.999252    
22 30 30 30 22 16 2.267561    18431 2.266667 0.999606    
22 31 31 31 22 17 2.229319    16383 2.225806 0.998424    
22 32 33 33 22 18 2.192012    15359 2.196970 1.002262    
22 34 35 35 22 19 2.142869    12287 2.142857 0.999994    
22 36 37 37 22 20 2.114716    10239 2.108108 0.996875    
22 38 39 39 22 21 2.088205    9215 2.089744 1.000737    
22 40 41 41 22 22 2.052299    6143 2.048780 0.998286    
22 42 43 43 22 23 2.022515    4095 2.023256 1.000367    
22 44 45 45 22 24 1.997948    2046 2.000000 1.001027    
22 46 47 47 22 25 1.979613    1016 1.978723 0.999551    
22 48 49 49 22 26 1.958143    1006 1.959184 1.000532    
22 50 51 51 22 27 1.934943    992 1.931373 0.998155    
22 52 53 53 22 28 1.920935    988 1.924528 1.001871    
22 54 55 55 22 29 1.908366    980 1.909091 1.000380    
22 56 57 57 22 30 1.892615    973 1.894737 1.001121    
22 58 59 59 22 31 1.869859    961 1.872881 1.001617    
22 60 61 61 22 32 1.855871    951 1.852459 0.998162    
22 62 64 63 22 33 1.843517    945 1.841270 0.998781    
22 65 67 66 22 34 1.822995    937 1.825758 1.001515    
22 68 70 69 22 35 1.797141    922 1.797101 0.999978    
22 71 73 72 22 36 1.787497    916 1.784722 0.998448    
22 74 76 75 22 37 1.765851    906 1.766667 1.000462    
22 77 79 78 22 38 1.752638    898 1.750000 0.998495    
22 80 82 81 22 39 1.739526    893 1.740741 1.000698    
22 83 85 84 22 40 1.727754    885 1.726190 0.999095    
22 86 88 87 22 41 1.719991    881 1.718391 0.999070    
22 89 91 90 22 42 1.710701    878 1.711111 1.000240    
22 92 94 93 22 43 1.693770    869 1.693548 0.999869    
22 95 97 96 22 44 1.678245    860 1.677083 0.999308    
22 98 100 99 22 45 1.671076    857 1.671717 1.000384    
22 101 103 102 22 46 1.659045    850 1.656863 0.998685    
22 104 109 107 22 47 1.644995    844 1.644860 0.999918    
22 110 115 113 22 48 1.625552    833 1.623894 0.998980    
22 116 121 119 22 49 1.607663    825 1.609244 1.000983    
22 122 127 125 22 50 1.595423    819 1.596000 1.000362    
22 128 133 131 22 51 1.584769    812 1.583969 0.999495    
22 134 139 137 22 52 1.571308    807 1.572993 1.001072    
22 140 145 143 22 53 1.561100    800 1.559441 0.998937    
22 146 151 149 22 54 1.551746    795 1.550336 0.999091    
22 152 157 155 22 55 1.536792    787 1.535484 0.999149    
22 158 163 161 22 56 1.528853    783 1.527950 0.999410    
22 164 169 167 22 57 1.518101    778 1.517964 0.999910    
22 170 175 173 22 58 1.511208    775 1.511561 1.000233    
22 176 181 179 22 59 1.497021    767 1.497207 1.000124    
22 182 187 185 22 60 1.488245    763 1.489189 1.000634    
22 188 193 191 22 61 1.480759    759 1.481675 1.000619    
22 194 254 224 22 62 1.449652    742 1.448661 0.999316    
22 255 255 255 22 63 1.429861    732 1.429412 0.999686    
23 0 0 0 23 0 1.000000    512 1.000000 1.000000       # ieta [24], pt 0
23 15 15 15 23 1 2.754895    25599 2.766667 1.004273    
23 16 16 16 23 2 2.689703    24575 2.687500 0.999181    
23 17 17 17 23 3 2.649778    24575 2.647059 0.998974    
23 18 18 18 23 4 2.606494    24575 2.611111 1.001772    
23 19 19 19 23 5 2.527939    22527 2.526316 0.999358    
23 20 20 20 23 6 2.500954    22527 2.500000 0.999619    
23 21 21 21 23 7 2.454752    21503 2.452381 0.999034    
23 22 22 22 23 8 2.422416    21503 2.431818 1.003881    
23 23 23 23 23 9 2.383589    20479 2.391304 1.003237    
23 24 24 24 23 10 2.368494    20479 2.375000 1.002747    
23 25 25 25 23 11 2.323862    18431 2.320000 0.998338    
23 26 26 26 23 12 2.324850    19455 2.326923 1.000892    
23 27 27 27 23 13 2.298764    18431 2.296296 0.998926    
23 28 28 28 23 14 2.269510    17407 2.267857 0.999272    
23 29 29 29 23 15 2.240025    16383 2.241379 1.000605    
23 30 30 30 23 16 2.230186    16383 2.233333 1.001411    
23 31 31 31 23 17 2.187681    14335 2.193548 1.002682    
23 32 33 33 23 18 2.156089    12287 2.151515 0.997879    
23 34 35 35 23 19 2.106650    9215 2.100000 0.996843    
23 36 37 37 23 20 2.076998    8191 2.081081 1.001966    
23 38 39 39 23 21 2.051165    6143 2.051282 1.000057    
23 40 41 41 23 22 2.013743    3071 2.012195 0.999232    
23 42 43 43 23 23 1.984018    1021 1.988372 1.002195    
23 44 45 45 23 24 1.958929    1004 1.955556 0.998278    
23 46 47 47 23 25 1.934400    994 1.936170 1.000915    
23 48 49 49 23 26 1.913206    981 1.908163 0.997364    
23 50 51 51 23 27 1.889095    971 1.892157 1.001621    
23 52 53 53 23 28 1.874067    964 1.877358 1.001756    
23 54 55 55 23 29 1.857660    953 1.854545 0.998323    
23 56 57 57 23 30 1.844256    946 1.842105 0.998834    
23 58 59 59 23 31 1.824834    936 1.822034 0.998466    
23 60 61 61 23 32 1.814041    930 1.811475 0.998586    
23 62 64 63 23 33 1.803265    925 1.801587 0.999070    
23 65 67 66 23 34 1.785018    918 1.787879 1.001603    
23 68 70 69 23 35 1.760766    904 1.760870 1.000059    
23 71 73 72 23 36 1.753565    902 1.756944 1.001927    
23 74 76 75 23 37 1.731629    889 1.733333 1.000984    
23 77 79 78 23 38 1.718311    881 1.717949 0.999789    
23 80 82 81 23 39 1.704429    874 1.703704 0.999574    
23 83 85 84 23 40 1.692046    867 1.690476 0.999072    
23 86 88 87 23 41 1.684809    864 1.683908 0.999465    
23 89 91 90 23 42 1.675835    861 1.677778 1.001159    
23 92 94 93 23 43 1.658994    852 1.661290 1.001384    
23 95 97 96 23 44 1.644188    844 1.645833 1.001000    
23 98 100 99 23 45 1.637244    839 1.636364 0.999462    
23 101 103 102 23 46 1.625456    835 1.627451 1.001227    
23 104 109 107 23 47 1.609641    825 1.607477 0.998655    
23 110 115 113 23 48 1.593391    817 1.592920 0.999705    
23 116 121 119 23 49 1.582210    813 1.584034 1.001153    
23 122 127 125 23 50 1.570890    806 1.572000 1.000707    
23 128 133 131 23 51 1.560752    801 1.561069 1.000203    
23 134 139 137 23 52 1.548718    794 1.547445 0.999178    
23 140 145 143 23 53 1.539900    789 1.538462 0.999066    
23 146 151 149 23 54 1.529009    785 1.530201 1.000780    
23 152 157 155 23 55 1.513189    776 1.512903 0.999811    
23 158 163 161 23 56 1.505618    772 1.506211 1.000394    
23 164 169 167 23 57 1.495994    767 1.497006 1.000676    
23 170 175 173 23 58 1.486644    762 1.485549 0.999264    
23 176 181 179 23 59 1.473771    756 1.474860 1.000739    
23 182 187 185 23 60 1.466600    752 1.467568 1.000660    
23 188 193 191 23 61 1.460644    749 1.460733 1.000061    
23 194 254 224 23 62 1.434278    735 1.435268 1.000690    
23 255 255 255 23 63 1.416888    726 1.417647 1.000535    
24 0 0 0 24 0 1.000000    512 1.000000 1.000000       # ieta [25], pt 0
24 15 15 15 24 1 2.756386    25599 2.766667 1.003730    
24 16 16 16 24 2 2.691158    24575 2.687500 0.998641    
24 17 17 17 24 3 2.651212    24575 2.647059 0.998434    
24 18 18 18 24 4 2.607904    24575 2.611111 1.001230    
24 19 19 19 24 5 2.529306    22527 2.526316 0.998818    
24 20 20 20 24 6 2.502307    22527 2.500000 0.999078    
24 21 21 21 24 7 2.456080    21503 2.452381 0.998494    
24 22 22 22 24 8 2.423727    21503 2.431818 1.003338    
24 23 23 23 24 9 2.384878    20479 2.391304 1.002695    
24 24 24 24 24 10 2.369775    20479 2.375000 1.002205    
24 25 25 25 24 11 2.324493    18431 2.320000 0.998067    
24 26 26 26 24 12 2.325481    19455 2.326923 1.000620    
24 27 27 27 24 13 2.299389    18431 2.296296 0.998655    
24 28 28 28 24 14 2.270127    17407 2.267857 0.999000    
24 29 29 29 24 15 2.240634    16383 2.241379 1.000333    
24 30 30 30 24 16 2.230792    16383 2.233333 1.001139    
24 31 31 31 24 17 2.188275    14335 2.193548 1.002410    
24 32 33 33 24 18 2.156675    12287 2.151515 0.997607    
24 34 35 35 24 19 2.107223    10239 2.114286 1.003352    
24 36 37 37 24 20 2.077562    8191 2.081081 1.001694    
24 38 39 39 24 21 2.051723    6143 2.051282 0.999785    
24 40 41 41 24 22 2.014290    3071 2.012195 0.998960    
24 42 43 43 24 23 1.983843    1021 1.988372 1.002283    
24 44 45 45 24 24 1.958402    1004 1.955556 0.998547    
24 46 47 47 24 25 1.933879    994 1.936170 1.001185    
24 48 49 49 24 26 1.912692    981 1.908163 0.997632    
24 50 51 51 24 27 1.888587    971 1.892157 1.001890    
24 52 53 53 24 28 1.873563    964 1.877358 1.002026    
24 54 55 55 24 29 1.857160    952 1.854545 0.998592    
24 56 57 57 24 30 1.843760    946 1.842105 0.999103    
24 58 59 59 24 31 1.824342    936 1.822034 0.998735    
24 60 61 61 24 32 1.813553    930 1.811475 0.998855    
24 62 64 63 24 33 1.802780    925 1.801587 0.999339    
24 65 67 66 24 34 1.784538    918 1.787879 1.001872    
24 68 70 69 24 35 1.760148    904 1.760870 1.000410    
24 71 73 72 24 36 1.752948    898 1.750000 0.998318    
24 74 76 75 24 37 1.731020    889 1.733333 1.001336    
24 77 79 78 24 38 1.717707    881 1.717949 1.000140    
24 80 82 81 24 39 1.703830    874 1.703704 0.999926    
24 83 85 84 24 40 1.691452    867 1.690476 0.999423    
24 86 88 87 24 41 1.684217    864 1.683908 0.999817    
24 89 91 90 24 42 1.675246    861 1.677778 1.001511    
24 92 94 93 24 43 1.658211    850 1.655914 0.998615    
24 95 97 96 24 44 1.644387    844 1.645833 1.000879    
24 98 100 99 24 45 1.637105    839 1.636364 0.999547    
24 101 103 102 24 46 1.624645    832 1.622549 0.998710    
24 104 109 107 24 47 1.608890    825 1.607477 0.999121    
24 110 115 113 24 48 1.592906    817 1.592920 1.000009    
24 116 121 119 24 49 1.581729    810 1.579832 0.998801    
24 122 127 125 24 50 1.570412    806 1.572000 1.001011    
24 128 133 131 24 51 1.560278    801 1.561069 1.000507    
24 134 139 137 24 52 1.548247    794 1.547445 0.999482    
24 140 145 143 24 53 1.539432    789 1.538462 0.999370    
24 146 151 149 24 54 1.528607    785 1.530201 1.001043    
24 152 157 155 24 55 1.512853    776 1.512903 1.000033    
24 158 163 161 24 56 1.505284    772 1.506211 1.000616    
24 164 169 167 24 57 1.495662    767 1.497006 1.000898    
24 170 175 173 24 58 1.486314    762 1.485549 0.999485    
24 176 181 179 24 59 1.473444    755 1.472067 0.999065    
24 182 187 185 24 60 1.466275    752 1.467568 1.000882    
24 188 193 191 24 61 1.460320    749 1.460733 1.000283    
24 194 254 224 24 62 1.433026    734 1.433036 1.000007    
24 255 255 255 24 63 1.422503    728 1.421569 0.999343    
25 0 0 0 25 0 1.000000    512 1.000000 1.000000       # ieta [26], pt 0
25 15 15 15 25 1 2.802152    26623 2.800000 0.999232    
25 16 16 16 25 2 2.734012    25599 2.718750 0.994418    
25 17 17 17 25 3 2.693430    26623 2.705882 1.004623    
25 18 18 18 25 4 2.649432    25599 2.638889 0.996021    
25 19 19 19 25 5 2.569583    24575 2.578947 1.003644    
25 20 20 20 25 6 2.542153    24575 2.550000 1.003087    
25 21 21 21 25 7 2.491676    23551 2.500000 1.003341    
25 22 22 22 25 8 2.458853    22527 2.454545 0.998248    
25 23 23 23 25 9 2.418694    21503 2.413043 0.997664    
25 24 24 24 25 10 2.403376    21503 2.395833 0.996862    
25 25 25 25 25 11 2.343497    19455 2.340000 0.998508    
25 26 26 26 25 12 2.341633    20479 2.346154 1.001931    
25 27 27 27 25 13 2.312802    19455 2.314815 1.000870    
25 28 28 28 25 14 2.282321    18431 2.285714 1.001487    
25 29 29 29 25 15 2.252669    17407 2.258621 1.002642    
25 30 30 30 25 16 2.242775    17407 2.250000 1.003221    
25 31 31 31 25 17 2.199367    14335 2.193548 0.997354    
25 32 33 33 25 18 2.167607    13311 2.166667 0.999566    
25 34 35 35 25 19 2.117335    10239 2.114286 0.998560    
25 36 37 37 25 20 2.084460    8191 2.081081 0.998379    
25 38 39 39 25 21 2.055912    6143 2.051282 0.997748    
25 40 41 41 25 22 2.018255    3071 2.012195 0.996997    
25 42 43 43 25 23 1.986300    1021 1.988372 1.001043    
25 44 45 45 25 24 1.961166    1010 1.966667 1.002805    
25 46 47 47 25 25 1.936609    994 1.936170 0.999774    
25 48 49 49 25 26 1.915063    985 1.918367 1.001725    
25 50 51 51 25 27 1.890601    971 1.892157 1.000823    
25 52 53 53 25 28 1.873737    964 1.877358 1.001933    
25 54 55 55 25 29 1.855933    952 1.854545 0.999253    
25 56 57 57 25 30 1.838225    946 1.842105 1.002111    
25 58 59 59 25 31 1.806765    927 1.805085 0.999070    
25 60 61 61 25 32 1.805079    926 1.803279 0.999003    
25 62 64 63 25 33 1.793110    921 1.793651 1.000301    
25 65 67 66 25 34 1.773981    910 1.772727 0.999293    
25 68 70 69 25 35 1.749670    896 1.746377 0.998118    
25 71 73 72 25 36 1.741224    894 1.743056 1.001052    
25 74 76 75 25 37 1.716871    883 1.720000 1.001822    
25 77 79 78 25 38 1.704041    875 1.705128 1.000638    
25 80 82 81 25 39 1.689496    868 1.691358 1.001102    
25 83 85 84 25 40 1.675391    858 1.672619 0.998346    
25 86 88 87 25 41 1.667607    855 1.666667 0.999436    
25 89 91 90 25 42 1.657491    849 1.655556 0.998832    
25 92 94 93 25 43 1.637541    841 1.639785 1.001371    
25 95 97 96 25 44 1.622429    833 1.625000 1.001585    
25 98 100 99 25 45 1.612048    826 1.611111 0.999419    
25 101 103 102 25 46 1.601344    822 1.602941 1.000997    
25 104 109 107 25 47 1.586499    815 1.588785 1.001441    
25 110 115 113 25 48 1.569995    806 1.570796 1.000510    
25 116 121 119 25 49 1.557244    800 1.558824 1.001014    
25 122 127 125 25 50 1.545069    792 1.544000 0.999308    
25 128 133 131 25 51 1.534736    787 1.534351 0.999750    
25 134 139 137 25 52 1.522608    781 1.521898 0.999534    
25 140 145 143 25 53 1.513151    776 1.513986 1.000552    
25 146 151 149 25 54 1.501392    769 1.500000 0.999073    
25 152 157 155 25 55 1.484853    761 1.483871 0.999338    
25 158 163 161 25 56 1.477251    758 1.478261 1.000684    
25 164 169 167 25 57 1.467909    752 1.467066 0.999426    
25 170 175 173 25 58 1.458902    748 1.459538 1.000435    
25 176 181 179 25 59 1.444949    740 1.444134 0.999436    
25 182 187 185 25 60 1.438478    737 1.437838 0.999555    
25 188 193 191 25 61 1.432954    734 1.431937 0.999290    
25 194 254 224 25 62 1.404789    719 1.404018 0.999451    
25 255 255 255 25 63 1.388615    711 1.388235 0.999727    
26 0 0 0 26 0 1.000000    512 1.000000 1.000000       # ieta [27], pt 0
26 15 15 15 26 1 3.243953    39935 3.233333 0.996726    
26 16 16 16 26 2 3.087912    37887 3.093750 1.001890    
26 17 17 17 26 3 3.027258    37887 3.029412 1.000711    
26 18 18 18 26 4 2.955567    36863 2.944444 0.996237    
26 19 19 19 26 5 2.844707    34815 2.842105 0.999085    
26 20 20 20 26 6 2.804424    34815 2.800000 0.998422    
26 21 21 21 26 7 2.755469    34815 2.761905 1.002336    
26 22 22 22 26 8 2.692015    32767 2.681818 0.996212    
26 23 23 23 26 9 2.627689    31743 2.630435 1.001045    
26 24 24 24 26 10 2.616862    32767 2.625000 1.003110    
26 25 25 25 26 11 2.521673    28671 2.520000 0.999337    
26 26 26 26 26 12 2.514698    29695 2.519231 1.001803    
26 27 27 27 26 13 2.455235    27647 2.462963 1.003147    
26 28 28 28 26 14 2.393134    24575 2.392857 0.999884    
26 29 29 29 26 15 2.351463    22527 2.344828 0.997178    
26 30 30 30 26 16 2.333073    22527 2.333333 1.000112    
26 31 31 31 26 17 2.306348    21503 2.306452 1.000045    
26 32 33 33 26 18 2.281503    21503 2.287879 1.002794    
26 34 35 35 26 19 2.216359    17407 2.214286 0.999064    
26 36 37 37 26 20 2.186274    16383 2.189189 1.001334    
26 38 39 39 26 21 2.160543    15359 2.166667 1.002835    
26 40 41 41 26 22 2.124491    12287 2.121951 0.998804    
26 42 43 43 26 23 2.082790    9215 2.081395 0.999330    
26 44 45 45 26 24 2.040303    6143 2.044444 1.002030    
26 46 47 47 26 25 2.014886    3071 2.010638 0.997892    
26 48 49 49 26 26 1.985218    1021 1.989796 1.002306    
26 50 51 51 26 27 1.955656    1002 1.950980 0.997609    
26 52 53 53 26 28 1.936216    993 1.933962 0.998836    
26 54 55 55 26 29 1.915016    985 1.918182 1.001653    
26 56 57 57 26 30 1.895952    973 1.894737 0.999359    
26 58 59 59 26 31 1.869350    961 1.872881 1.001889    
26 60 61 61 26 32 1.854903    951 1.852459 0.998682    
26 62 64 63 26 33 1.839309    945 1.841270 1.001066    
26 65 67 66 26 34 1.815571    933 1.818182 1.001438    
26 68 70 69 26 35 1.783068    915 1.782609 0.999743    
26 71 73 72 26 36 1.771244    909 1.770833 0.999768    
26 74 76 75 26 37 1.746231    896 1.746667 1.000250    
26 77 79 78 26 38 1.731131    888 1.730769 0.999791    
26 80 82 81 26 39 1.717265    880 1.716049 0.999292    
26 83 85 84 26 40 1.700898    873 1.702381 1.000872    
26 86 88 87 26 41 1.691631    867 1.689655 0.998832    
26 89 91 90 26 42 1.680855    863 1.683333 1.001474    
26 92 94 93 26 43 1.661257    852 1.661290 1.000020    
26 95 97 96 26 44 1.643230    844 1.645833 1.001584    
26 98 100 99 26 45 1.632674    837 1.631313 0.999167    
26 101 103 102 26 46 1.621689    832 1.622549 1.000531    
26 104 109 107 26 47 1.606654    825 1.607477 1.000512    
26 110 115 113 26 48 1.589834    815 1.588496 0.999158    
26 116 121 119 26 49 1.575906    808 1.575630 0.999825    
26 122 127 125 26 50 1.560430    800 1.560000 0.999725    
26 128 133 131 26 51 1.549561    795 1.549618 1.000037    
26 134 139 137 26 52 1.537250    788 1.536496 0.999509    
26 140 145 143 26 53 1.527302    784 1.527972 1.000439    
26 146 151 149 26 54 1.515417    778 1.516779 1.000899    
26 152 157 155 26 55 1.498467    769 1.500000 1.001023    
26 158 163 161 26 56 1.490795    764 1.490683 0.999925    
26 164 169 167 26 57 1.481368    760 1.482036 1.000451    
26 170 175 173 26 58 1.472279    754 1.471098 0.999198    
26 176 181 179 26 59 1.458198    747 1.458101 0.999933    
26 182 187 185 26 60 1.451667    744 1.451351 0.999782    
26 188 193 191 26 61 1.445896    741 1.445026 0.999399    
26 194 254 224 26 62 1.418360    726 1.417411 0.999331    
26 255 255 255 26 63 1.397392    716 1.398039 1.000463    
27 0 0 0 27 0 1.000000    512 1.000000 1.000000       # ieta [28], pt 0
27 15 15 15 27 1 3.288326    41983 3.300000 1.003550    
27 16 16 16 27 2 3.148597    39935 3.156250 1.002431    
27 17 17 17 27 3 3.119605    40959 3.117647 0.999372    
27 18 18 18 27 4 3.085711    41983 3.083333 0.999229    
27 19 19 19 27 5 2.974721    39935 2.973684 0.999651    
27 20 20 20 27 6 2.902408    38911 2.900000 0.999171    
27 21 21 21 27 7 2.850935    38911 2.857143 1.002177    
27 22 22 22 27 8 2.792612    37887 2.795455 1.001018    
27 23 23 23 27 9 2.726230    35839 2.717391 0.996758    
27 24 24 24 27 10 2.714024    36863 2.708333 0.997903    
27 25 25 25 27 11 2.608960    32767 2.600000 0.996566    
27 26 26 26 27 12 2.612978    34815 2.615385 1.000921    
27 27 27 27 27 13 2.555257    32767 2.555556 1.000117    
27 28 28 28 27 14 2.496623    30719 2.500000 1.001352    
27 29 29 29 27 15 2.449499    28671 2.448276 0.999500    
27 30 30 30 27 16 2.433028    28671 2.433333 1.000125    
27 31 31 31 27 17 2.386720    26623 2.387097 1.000158    
27 32 33 33 27 18 2.357349    26623 2.363636 1.002667    
27 34 35 35 27 19 2.295999    23551 2.300000 1.001743    
27 36 37 37 27 20 2.255924    21503 2.256757 1.000369    
27 38 39 39 27 21 2.222555    19455 2.217949 0.997928    
27 40 41 41 27 22 2.177863    17407 2.182927 1.002325    
27 42 43 43 27 23 2.129772    13311 2.127907 0.999125    
27 44 45 45 27 24 2.083787    10239 2.088889 1.002448    
27 46 47 47 27 25 2.052677    7167 2.053191 1.000251    
27 48 49 49 27 26 2.036201    6143 2.040816 1.002267    
27 50 51 51 27 27 2.004939    3071 2.009804 1.002427    
27 52 53 53 27 28 1.985323    1018 1.981132 0.997889    
27 54 55 55 27 29 1.963576    1008 1.963636 1.000031    
27 56 57 57 27 30 1.943652    1000 1.947368 1.001912    
27 58 59 59 27 31 1.917632    983 1.915254 0.998760    
27 60 61 61 27 32 1.903952    976 1.901639 0.998786    
27 62 64 63 27 33 1.888637    970 1.888889 1.000133    
27 65 67 66 27 34 1.864464    957 1.863636 0.999556    
27 68 70 69 27 35 1.830815    941 1.833333 1.001375    
27 71 73 72 27 36 1.818098    934 1.819444 1.000741    
27 74 76 75 27 37 1.788209    917 1.786667 0.999138    
27 77 79 78 27 38 1.770765    908 1.769231 0.999133    
27 80 82 81 27 39 1.756809    902 1.759259 1.001394    
27 83 85 84 27 40 1.738902    891 1.738095 0.999536    
27 86 88 87 27 41 1.727500    887 1.729885 1.001381    
27 89 91 90 27 42 1.716048    880 1.716667 1.000360    
27 92 94 93 27 43 1.695266    869 1.693548 0.998987    
27 95 97 96 27 44 1.677441    860 1.677083 0.999787    
27 98 100 99 27 45 1.665719    855 1.666667 1.000569    
27 101 103 102 27 46 1.657014    850 1.656863 0.999909    
27 104 109 107 27 47 1.640126    841 1.640187 1.000037    
27 110 115 113 27 48 1.615380    828 1.615044 0.999792    
27 116 121 119 27 49 1.599500    821 1.600840 1.000838    
27 122 127 125 27 50 1.586120    815 1.588000 1.001185    
27 128 133 131 27 51 1.574190    807 1.572519 0.998938    
27 134 139 137 27 52 1.561632    801 1.562044 1.000264    
27 140 145 143 27 53 1.550688    794 1.548951 0.998880    
27 146 151 149 27 54 1.538178    788 1.536913 0.999177    
27 152 157 155 27 55 1.521356    781 1.522581 1.000805    
27 158 163 161 27 56 1.513244    775 1.512422 0.999457    
27 164 169 167 27 57 1.503675    771 1.502994 0.999547    
27 170 175 173 27 58 1.494449    766 1.494220 0.999846    
27 176 181 179 27 59 1.480156    759 1.480447 1.000196    
27 182 187 185 27 60 1.473527    755 1.472973 0.999624    
27 188 193 191 27 61 1.467175    751 1.465969 0.999178    
27 194 254 224 27 62 1.438364    737 1.437500 0.999399    
27 255 255 255 27 63 1.427284    731 1.427451 1.000117    
28 0 0 0 28 0 1.000000    512 1.000000 1.000000       # ieta [29], pt 0
28 15 15 15 28 1 2.456197    16383 2.466667 1.004262    
28 16 16 16 28 2 2.425512    16383 2.437500 1.004943    
28 17 17 17 28 3 2.363920    14335 2.352941 0.995355    
28 18 18 18 28 4 2.298863    13311 2.305556 1.002911    
28 19 19 19 28 5 2.298443    13311 2.289474 0.996097    
28 20 20 20 28 6 2.238728    12287 2.250000 1.005035    
28 21 21 21 28 7 2.111086    7167 2.119048 1.003771    
28 22 22 22 28 8 2.100168    6143 2.090909 0.995591    
28 23 23 23 28 9 2.064842    5119 2.065217 1.000182    
28 24 24 24 28 10 2.059927    5119 2.062500 1.001249    
28 25 25 25 28 11 2.057425    5119 2.060000 1.001251    
28 26 26 26 28 12 2.035320    4095 2.038462 1.001544    
28 27 27 27 28 13 2.009427    3071 2.018519 1.004524    
28 28 28 28 28 14 1.938455    1001 1.946429 1.004113    
28 29 29 29 28 15 1.917418    985 1.913793 0.998110    
28 30 30 30 28 16 1.899499    977 1.900000 1.000264    
28 31 31 31 28 17 1.903913    979 1.903226 0.999639    
28 32 33 33 28 18 1.876614    966 1.878788 1.001159    
28 34 35 35 28 19 1.860219    955 1.857143 0.998346    
28 36 37 37 28 20 1.848848    951 1.851351 1.001354    
28 38 39 39 28 21 1.835681    942 1.833333 0.998721    
28 40 41 41 28 22 1.788247    921 1.792683 1.002481    
28 42 43 43 28 23 1.781169    914 1.779070 0.998821    
28 44 45 45 28 24 1.766799    908 1.766667 0.999925    
28 46 47 47 28 25 1.731461    891 1.734043 1.001491    
28 48 49 49 28 26 1.720645    886 1.724490 1.002235    
28 50 51 51 28 27 1.716486    881 1.715686 0.999534    
28 52 53 53 28 28 1.712059    878 1.707547 0.997365    
28 54 55 55 28 29 1.667618    855 1.663636 0.997612    
28 56 57 57 28 30 1.663583    856 1.666667 1.001854    
28 58 59 59 28 31 1.652254    849 1.652542 1.000175    
28 60 61 61 28 32 1.644927    846 1.647541 1.001589    
28 62 64 63 28 33 1.638893    844 1.642857 1.002419    
28 65 67 66 28 34 1.623299    832 1.621212 0.998714    
28 68 70 69 28 35 1.587870    815 1.586957 0.999425    
28 71 73 72 28 36 1.570268    806 1.569444 0.999476    
28 74 76 75 28 37 1.552529    797 1.553333 1.000518    
28 77 79 78 28 38 1.535274    789 1.538462 1.002076    
28 80 82 81 28 39 1.524113    782 1.524691 1.000380    
28 83 85 84 28 40 1.514381    776 1.511905 0.998365    
28 86 88 87 28 41 1.509270    775 1.511494 1.001474    
28 89 91 90 28 42 1.506059    772 1.505556 0.999666    
28 92 94 93 28 43 1.484148    761 1.483871 0.999813    
28 95 97 96 28 44 1.471279    754 1.468750 0.998281    
28 98 100 99 28 45 1.467456    754 1.469697 1.001527    
28 101 103 102 28 46 1.462530    749 1.460784 0.998806    
28 104 109 107 28 47 1.427495    731 1.425234 0.998416    
28 110 115 113 28 48 1.395165    715 1.393805 0.999026    
28 116 121 119 28 49 1.381188    709 1.382353 1.000844    
28 122 127 125 28 50 1.376994    706 1.376000 0.999278    
28 128 133 131 28 51 1.373909    705 1.374046 1.000099    
28 134 139 137 28 52 1.357654    696 1.357664 1.000008    
28 140 145 143 28 53 1.354800    694 1.353147 0.998780    
28 146 151 149 28 54 1.352050    694 1.352349 1.000221    
28 152 157 155 28 55 1.346503    690 1.345161 0.999003    
28 158 163 161 28 56 1.342893    688 1.341615 0.999048    
28 164 169 167 28 57 1.341451    688 1.341317 0.999900    
28 170 175 173 28 58 1.330867    682 1.329480 0.998958    
28 176 181 179 28 59 1.322953    679 1.324022 1.000808    
28 182 187 185 28 60 1.318414    676 1.318919 1.000383    
28 188 193 191 28 61 1.309812    671 1.308901 0.999304    
28 194 254 224 28 62 1.288539    660 1.287946 0.999540    
28 255 255 255 28 63 1.279055    655 1.278431 0.999512    
29 0 0 0 29 0 1.000000    512 1.000000 1.000000       # ieta [30], pt 0
29 15 15 15 29 1 2.137451    6143 2.133333 0.998074    
29 16 16 16 29 2 2.057783    4095 2.062500 1.002292    
29 17 17 17 29 3 1.954110    1004 1.941176 0.993381    
29 18 18 18 29 4 1.890038    975 1.888889 0.999392    
29 19 19 19 29 5 1.886106    977 1.894737 1.004576    
29 20 20 20 29 6 1.861112    956 1.850000 0.994030    
29 21 21 21 29 7 1.811733    933 1.809524 0.998780    
29 22 22 22 29 8 1.799466    926 1.795455 0.997771    
29 23 23 23 29 9 1.758919    907 1.760870 1.001109    
29 24 24 24 29 10 1.760430    912 1.770833 1.005910    
29 25 25 25 29 11 1.751404    907 1.760000 1.004908    
29 26 26 26 29 12 1.749114    901 1.750000 1.000506    
29 27 27 27 29 13 1.730263    888 1.722222 0.995353    
29 28 28 28 29 14 1.682991    865 1.678571 0.997374    
29 29 29 29 29 15 1.668478    861 1.672414 1.002359    
29 30 30 30 29 16 1.638556    841 1.633333 0.996813    
29 31 31 31 29 17 1.622586    839 1.629032 1.003973    
29 32 33 33 29 18 1.602509    827 1.606061 1.002216    
29 34 35 35 29 19 1.554554    801 1.557143 1.001665    
29 36 37 37 29 20 1.537370    792 1.540541 1.002062    
29 38 39 39 29 21 1.532143    791 1.538462 1.004124    
29 40 41 41 29 22 1.511438    778 1.512195 1.000501    
29 42 43 43 29 23 1.487649    765 1.488372 1.000486    
29 44 45 45 29 24 1.477838    760 1.477778 0.999959    
29 46 47 47 29 25 1.458892    749 1.457447 0.999010    
29 48 49 49 29 26 1.440440    739 1.438776 0.998844    
29 50 51 51 29 27 1.433804    736 1.431373 0.998304    
29 52 53 53 29 28 1.433063    737 1.433962 1.000628    
29 54 55 55 29 29 1.430849    734 1.427273 0.997500    
29 56 57 57 29 30 1.422982    730 1.421053 0.998644    
29 58 59 59 29 31 1.412612    727 1.415254 1.001870    
29 60 61 61 29 32 1.402812    720 1.401639 0.999164    
29 62 64 63 29 33 1.391568    714 1.388889 0.998075    
29 65 67 66 29 34 1.378722    708 1.378788 1.000047    
29 68 70 69 29 35 1.354090    696 1.355072 1.000725    
29 71 73 72 29 36 1.343742    688 1.340278 0.997422    
29 74 76 75 29 37 1.334524    685 1.333333 0.999108    
29 77 79 78 29 38 1.319044    678 1.320513 1.001114    
29 80 82 81 29 39 1.307303    672 1.308642 1.001024    
29 83 85 84 29 40 1.297570    666 1.297619 1.000038    
29 86 88 87 29 41 1.292822    664 1.293103 1.000218    
29 89 91 90 29 42 1.289502    661 1.288889 0.999524    
29 92 94 93 29 43 1.279994    657 1.279570 0.999669    
29 95 97 96 29 44 1.273706    655 1.276042 1.001834    
29 98 100 99 29 45 1.270876    653 1.272727 1.001456    
29 101 103 102 29 46 1.270582    652 1.269608 0.999233    
29 104 109 107 29 47 1.262606    647 1.261682 0.999269    
29 110 115 113 29 48 1.247191    640 1.247788 1.000479    
29 116 121 119 29 49 1.228188    630 1.226891 0.998944    
29 122 127 125 29 50 1.219353    626 1.220000 1.000530    
29 128 133 131 29 51 1.213525    623 1.213740 1.000178    
29 134 139 137 29 52 1.202330    616 1.200730 0.998669    
29 140 145 143 29 53 1.197308    614 1.195804 0.998744    
29 146 151 149 29 54 1.195632    613 1.194631 0.999162    
29 152 157 155 29 55 1.194304    612 1.193548 0.999367    
29 158 163 161 29 56 1.190694    610 1.189441 0.998948    
29 164 169 167 29 57 1.189252    610 1.188623 0.999471    
29 170 175 173 29 58 1.187594    609 1.187861 1.000225    
29 176 181 179 29 59 1.189371    610 1.189944 1.000482    
29 182 187 185 29 60 1.183991    607 1.183784 0.999825    
29 188 193 191 29 61 1.176504    603 1.175393 0.999056    
29 194 254 224 29 62 1.163973    596 1.162946 0.999118    
29 255 255 255 29 63 1.152136    591 1.152941 1.000699    
30 0 0 0 30 0 1.000000    512 1.000000 1.000000       # ieta [31], pt 0
30 15 15 15 30 1 2.121458    6143 2.133333 1.005598    
30 16 16 16 30 2 2.041790    3071 2.031250 0.994838    
30 17 17 17 30 3 1.939898    1001 1.941176 1.000659    
30 18 18 18 30 4 1.882540    975 1.888889 1.003373    
30 19 19 19 30 5 1.878608    966 1.868421 0.994577    
30 20 20 20 30 6 1.853614    954 1.850000 0.998050    
30 21 21 21 30 7 1.799530    933 1.809524 1.005554    
30 22 22 22 30 8 1.784757    925 1.795455 1.005994    
30 23 23 23 30 9 1.747194    898 1.739130 0.995385    
30 24 24 24 30 10 1.746599    901 1.750000 1.001947    
30 25 25 25 30 11 1.736119    896 1.740000 1.002236    
30 26 26 26 30 12 1.732512    891 1.730769 0.998994    
30 27 27 27 30 13 1.711676    879 1.703704 0.995342    
30 28 28 28 30 14 1.659426    855 1.660714 1.000776    
30 29 29 29 30 15 1.644913    845 1.637931 0.995755    
30 30 30 30 30 16 1.616963    832 1.616667 0.999817    
30 31 31 31 30 17 1.600993    822 1.596774 0.997365    
30 32 33 33 30 18 1.582929    812 1.575758 0.995470    
30 34 35 35 30 19 1.536997    794 1.542857 1.003813    
30 36 37 37 30 20 1.523713    785 1.527027 1.002175    
30 38 39 39 30 21 1.520227    785 1.525641 1.003561    
30 40 41 41 30 22 1.497643    771 1.500000 1.001574    
30 42 43 43 30 23 1.472358    760 1.476744 1.002979    
30 44 45 45 30 24 1.460822    749 1.455556 0.996395    
30 46 47 47 30 25 1.441051    739 1.436170 0.996613    
30 48 49 49 30 26 1.421185    729 1.418367 0.998018    
30 50 51 51 30 27 1.414283    726 1.411765 0.998219    
30 52 53 53 30 28 1.412847    727 1.415094 1.001591    
30 54 55 55 30 29 1.410634    724 1.409091 0.998906    
30 56 57 57 30 30 1.404391    721 1.403509 0.999372    
30 58 59 59 30 31 1.395054    718 1.398305 1.002330    
30 60 61 61 30 32 1.385740    712 1.385246 0.999643    
30 62 64 63 30 33 1.378527    710 1.380952 1.001759    
30 65 67 66 30 34 1.368797    704 1.371212 1.001764    
30 68 70 69 30 35 1.345340    692 1.347826 1.001848    
30 71 73 72 30 36 1.334991    685 1.333333 0.998758    
30 74 76 75 30 37 1.325773    681 1.326667 1.000674    
30 77 79 78 30 38 1.310293    671 1.307692 0.998015    
30 80 82 81 30 39 1.298552    665 1.296296 0.998263    
30 83 85 84 30 40 1.291090    663 1.291667 1.000447    
30 86 88 87 30 41 1.286342    661 1.287356 1.000788    
30 89 91 90 30 42 1.283023    659 1.283333 1.000242    
30 92 94 93 30 43 1.273514    654 1.274194 1.000533    
30 95 97 96 30 44 1.267226    649 1.265625 0.998736    
30 98 100 99 30 45 1.264785    648 1.262626 0.998293    
30 101 103 102 30 46 1.264491    649 1.264706 1.000170    
30 104 109 107 30 47 1.256514    645 1.257009 1.000394    
30 110 115 113 30 48 1.240889    636 1.238938 0.998428    
30 116 121 119 30 49 1.221466    628 1.222689 1.001001    
30 122 127 125 30 50 1.212631    622 1.212000 0.999480    
30 128 133 131 30 51 1.206802    619 1.206107 0.999424    
30 134 139 137 30 52 1.194585    612 1.193431 0.999033    
30 140 145 143 30 53 1.188689    610 1.188811 1.000103    
30 146 151 149 30 54 1.186931    609 1.187919 1.000833    
30 152 157 155 30 55 1.185192    607 1.183871 0.998885    
30 158 163 161 30 56 1.181582    605 1.180124 0.998766    
30 164 169 167 30 57 1.180140    605 1.179641 0.999577    
30 170 175 173 30 58 1.177169    603 1.176301 0.999262    
30 176 181 179 30 59 1.178496    604 1.178771 1.000234    
30 182 187 185 30 60 1.173336    601 1.172973 0.999690    
30 188 193 191 30 61 1.165893    597 1.164921 0.999167    
30 194 254 224 30 62 1.154549    591 1.154018 0.999540    
30 255 255 255 30 63 1.143309    586 1.143137 0.999850    
31 0 0 0 31 0 1.000000    512 1.000000 1.000000       # ieta [32], pt 0
31 15 15 15 31 1 1.946860    1001 1.933333 0.993052    
31 16 16 16 31 2 1.880289    969 1.875000 0.997187    
31 17 17 17 31 3 1.798526    927 1.794118 0.997549    
31 18 18 18 31 4 1.768654    918 1.777778 1.005158    
31 19 19 19 31 5 1.764527    910 1.763158 0.999224    
31 20 20 20 31 6 1.741361    902 1.750000 1.004961    
31 21 21 21 31 7 1.677834    862 1.666667 0.993344    
31 22 22 22 31 8 1.652738    856 1.659091 1.003844    
31 23 23 23 31 9 1.601767    829 1.608696 1.004326    
31 24 24 24 31 10 1.591937    818 1.583333 0.994596    
31 25 25 25 31 11 1.581710    814 1.580000 0.998919    
31 26 26 26 31 12 1.576814    813 1.576923 1.000069    
31 27 27 27 31 13 1.564800    803 1.555556 0.994092    
31 28 28 28 31 14 1.520519    782 1.517857 0.998249    
31 29 29 29 31 15 1.509646    781 1.517241 1.005031    
31 30 30 30 31 16 1.505961    774 1.500000 0.996042    
31 31 31 31 31 17 1.493629    772 1.500000 1.004265    
31 32 33 33 31 18 1.482318    764 1.484848 1.001707    
31 34 35 35 31 19 1.451351    750 1.457143 1.003990    
31 36 37 37 31 20 1.436535    738 1.432432 0.997144    
31 38 39 39 31 21 1.430346    739 1.435897 1.003882    
31 40 41 41 31 22 1.420470    729 1.414634 0.995892    
31 42 43 43 31 23 1.394781    718 1.395349 1.000407    
31 44 45 45 31 24 1.381332    709 1.377778 0.997427    
31 46 47 47 31 25 1.360575    700 1.361702 1.000828    
31 48 49 49 31 26 1.346398    692 1.346939 1.000402    
31 50 51 51 31 27 1.337699    686 1.333333 0.996737    
31 52 53 53 31 28 1.335713    688 1.339623 1.002927    
31 54 55 55 31 29 1.333499    687 1.336364 1.002148    
31 56 57 57 31 30 1.327001    681 1.324561 0.998162    
31 58 59 59 31 31 1.318115    679 1.322034 1.002973    
31 60 61 61 31 32 1.311192    674 1.311475 1.000216    
31 62 64 63 31 33 1.304668    669 1.301587 0.997639    
31 65 67 66 31 34 1.299905    670 1.303030 1.002404    
31 68 70 69 31 35 1.279093    659 1.282609 1.002748    
31 71 73 72 31 36 1.265211    649 1.263889 0.998955    
31 74 76 75 31 37 1.253206    644 1.253333 1.000102    
31 77 79 78 31 38 1.237601    635 1.237179 0.999659    
31 80 82 81 31 39 1.228369    631 1.228395 1.000022    
31 83 85 84 31 40 1.224527    629 1.226190 1.001359    
31 86 88 87 31 41 1.221374    628 1.224138 1.002263    
31 89 91 90 31 42 1.219489    627 1.222222 1.002241    
31 92 94 93 31 43 1.211077    621 1.209677 0.998844    
31 95 97 96 31 44 1.204754    617 1.203125 0.998648    
31 98 100 99 31 45 1.202313    617 1.202020 0.999756    
31 101 103 102 31 46 1.201902    616 1.200980 0.999233    
31 104 109 107 31 47 1.194020    614 1.196262 1.001877    
31 110 115 113 31 48 1.168796    600 1.168142 0.999440    
31 116 121 119 31 49 1.161087    595 1.159664 0.998774    
31 122 127 125 31 50 1.158852    595 1.160000 1.000990    
31 128 133 131 31 51 1.155711    594 1.156489 1.000673    
31 134 139 137 31 52 1.147787    588 1.145985 0.998431    
31 140 145 143 31 53 1.141890    587 1.143357 1.001284    
31 146 151 149 31 54 1.140685    585 1.140940 1.000224    
31 152 157 155 31 55 1.139056    584 1.138710 0.999696    
31 158 163 161 31 56 1.136594    583 1.136646 1.000046    
31 164 169 167 31 57 1.135151    582 1.134731 0.999629    
31 170 175 173 31 58 1.131974    581 1.132948 1.000860    
31 176 181 179 31 59 1.133344    582 1.134078 1.000648    
31 182 187 185 31 60 1.128596    579 1.129730 1.001005    
31 188 193 191 31 61 1.121507    574 1.120419 0.999029    
31 194 254 224 31 62 1.111169    570 1.111607 1.000394    
31 255 255 255 31 63 1.100870    564 1.100000 0.999210    
32 0 0 0 32 0 1.000000    512 1.000000 1.000000       # ieta [33], pt 0
32 15 15 15 32 1 1.863513    964 1.866667 1.001692    
32 16 16 16 32 2 1.799886    936 1.812500 1.007008    
32 17 17 17 32 3 1.718787    884 1.705882 0.992492    
32 18 18 18 32 4 1.678374    863 1.666667 0.993024    
32 19 19 19 32 5 1.674953    869 1.684211 1.005527    
32 20 20 20 32 6 1.655496    852 1.650000 0.996680    
32 21 21 21 32 7 1.606824    825 1.595238 0.992789    
32 22 22 22 32 8 1.582720    821 1.590909 1.005174    
32 23 23 23 32 9 1.542143    796 1.543478 1.000866    
32 24 24 24 32 10 1.532256    795 1.541667 1.006142    
32 25 25 25 32 11 1.523447    784 1.520000 0.997737    
32 26 26 26 32 12 1.521920    783 1.519231 0.998233    
32 27 27 27 32 13 1.506160    774 1.500000 0.995910    
32 28 28 28 32 14 1.467923    755 1.464286 0.997522    
32 29 29 29 32 15 1.457051    755 1.465517 1.005811    
32 30 30 30 32 16 1.451120    747 1.450000 0.999228    
32 31 31 31 32 17 1.445489    748 1.451613 1.004237    
32 32 33 33 32 18 1.430956    734 1.424242 0.995308    
32 34 35 35 32 19 1.398564    721 1.400000 1.001027    
32 36 37 37 32 20 1.384444    710 1.378378 0.995618    
32 38 39 39 32 21 1.378553    712 1.384615 1.004397    
32 40 41 41 32 22 1.359125    697 1.353659 0.995978    
32 42 43 43 32 23 1.333114    688 1.337209 1.003072    
32 44 45 45 32 24 1.318771    680 1.322222 1.002617    
32 46 47 47 32 25 1.304146    673 1.308511 1.003347    
32 48 49 49 32 26 1.296028    666 1.295918 0.999915    
32 50 51 51 32 27 1.289563    665 1.294118 1.003532    
32 52 53 53 32 28 1.286975    660 1.283019 0.996926    
32 54 55 55 32 29 1.285594    659 1.281818 0.997063    
32 56 57 57 32 30 1.281282    658 1.280702 0.999547    
32 58 59 59 32 31 1.270741    653 1.271186 1.000350    
32 60 61 61 32 32 1.261658    649 1.262295 1.000505    
32 62 64 63 32 33 1.252100    645 1.253968 1.001492    
32 65 67 66 32 34 1.245766    638 1.242424 0.997317    
32 68 70 69 32 35 1.224684    629 1.224638 0.999962    
32 71 73 72 32 36 1.215069    624 1.215278 1.000172    
32 74 76 75 32 37 1.207037    620 1.206667 0.999693    
32 77 79 78 32 38 1.195184    612 1.192308 0.997593    
32 80 82 81 32 39 1.185640    608 1.185185 0.999617    
32 83 85 84 32 40 1.180295    605 1.178571 0.998540    
32 86 88 87 32 41 1.178314    605 1.178161 0.999870    
32 89 91 90 32 42 1.176859    605 1.177778 1.000781    
32 92 94 93 32 43 1.168533    599 1.166667 0.998403    
32 95 97 96 32 44 1.163077    596 1.161458 0.998609    
32 98 100 99 32 45 1.160556    596 1.161616 1.000913    
32 101 103 102 32 46 1.158835    594 1.156863 0.998298    
32 104 109 107 32 47 1.151195    590 1.149533 0.998556    
32 110 115 113 32 48 1.125970    577 1.123894 0.998156    
32 116 121 119 32 49 1.117882    574 1.117647 0.999790    
32 122 127 125 32 50 1.113186    571 1.112000 0.998935    
32 128 133 131 32 51 1.110800    570 1.110687 0.999898    
32 134 139 137 32 52 1.103314    566 1.102190 0.998981    
32 140 145 143 32 53 1.096212    563 1.097902 1.001542    
32 146 151 149 32 54 1.095415    561 1.093960 0.998671    
32 152 157 155 32 55 1.094428    561 1.093548 0.999196    
32 158 163 161 32 56 1.093532    561 1.093168 0.999667    
32 164 169 167 32 57 1.093179    561 1.092814 0.999666    
32 170 175 173 32 58 1.091092    560 1.092486 1.001277    
32 176 181 179 32 59 1.092461    560 1.092179 0.999741    
32 182 187 185 32 60 1.088709    559 1.089189 1.000441    
32 188 193 191 32 61 1.084163    556 1.083770 0.999637    
32 194 254 224 32 62 1.074709    550 1.073661 0.999025    
32 255 255 255 32 63 1.065317    546 1.064706 0.999427    
33 0 0 0 33 0 1.000000    512 1.000000 1.000000       # ieta [34], pt 0
33 15 15 15 33 1 1.860145    964 1.866667 1.003506    
33 16 16 16 33 2 1.796672    923 1.781250 0.991416    
33 17 17 17 33 3 1.715042    883 1.705882 0.994659    
33 18 18 18 33 4 1.674630    862 1.666667 0.995245    
33 19 19 19 33 5 1.671208    869 1.684211 1.007780    
33 20 20 20 33 6 1.651751    851 1.650000 0.998940    
33 21 21 21 33 7 1.601908    824 1.595238 0.995836    
33 22 22 22 33 8 1.577803    811 1.568182 0.993902    
33 23 23 23 33 9 1.537226    796 1.543478 1.004067    
33 24 24 24 33 10 1.527339    785 1.520833 0.995741    
33 25 25 25 33 11 1.519049    784 1.520000 1.000626    
33 26 26 26 33 12 1.517522    783 1.519231 1.001126    
33 27 27 27 33 13 1.501762    773 1.500000 0.998827    
33 28 28 28 33 14 1.463525    754 1.464286 1.000520    
33 29 29 29 33 15 1.452652    747 1.448276 0.996987    
33 30 30 30 33 16 1.447135    747 1.450000 1.001980    
33 31 31 31 33 17 1.441504    741 1.435484 0.995824    
33 32 33 33 33 18 1.426971    733 1.424242 0.998088    
33 34 35 35 33 19 1.394923    721 1.400000 1.003640    
33 36 37 37 33 20 1.381162    710 1.378378 0.997985    
33 38 39 39 33 21 1.375522    706 1.371795 0.997290    
33 40 41 41 33 22 1.355987    697 1.353659 0.998283    
33 42 43 43 33 23 1.330508    683 1.325581 0.996297    
33 44 45 45 33 24 1.316665    675 1.311111 0.995782    
33 46 47 47 33 25 1.301998    668 1.297872 0.996831    
33 48 49 49 33 26 1.293707    666 1.295918 1.001709    
33 50 51 51 33 27 1.287068    660 1.284314 0.997860    
33 52 53 53 33 28 1.284479    659 1.283019 0.998863    
33 54 55 55 33 29 1.282971    659 1.281818 0.999101    
33 56 57 57 33 30 1.279463    658 1.280702 1.000968    
33 58 59 59 33 31 1.268938    653 1.271186 1.001772    
33 60 61 61 33 32 1.260085    649 1.262295 1.001754    
33 62 64 63 33 33 1.250759    645 1.253968 1.002566    
33 65 67 66 33 34 1.244322    638 1.242424 0.998475    
33 68 70 69 33 35 1.222679    629 1.224638 1.001602    
33 71 73 72 33 36 1.211917    624 1.215278 1.002773    
33 74 76 75 33 37 1.203884    620 1.206667 1.002311    
33 77 79 78 33 38 1.192032    612 1.192308 1.000231    
33 80 82 81 33 39 1.182915    608 1.185185 1.001919    
33 83 85 84 33 40 1.177785    605 1.178571 1.000668    
33 86 88 87 33 41 1.175411    605 1.178161 1.002340    
33 89 91 90 33 42 1.170588    602 1.172222 1.001396    
33 92 94 93 33 43 1.162619    596 1.161290 0.998857    
33 95 97 96 33 44 1.157622    593 1.156250 0.998815    
33 98 100 99 33 45 1.155102    594 1.156566 1.001267    
33 101 103 102 33 46 1.153380    591 1.151961 0.998769    
33 104 109 107 33 47 1.145740    588 1.144860 0.999232    
33 110 115 113 33 48 1.120515    575 1.119469 0.999066    
33 116 121 119 33 49 1.112570    572 1.113445 1.000787    
33 122 127 125 33 50 1.108161    569 1.108000 0.999855    
33 128 133 131 33 51 1.105775    568 1.106870 1.000991    
33 134 139 137 33 52 1.097292    564 1.098540 1.001138    
33 140 145 143 33 53 1.090146    560 1.090909 1.000700    
33 146 151 149 33 54 1.089407    560 1.090604 1.001098    
33 152 157 155 33 55 1.088710    559 1.090323 1.001481    
33 158 163 161 33 56 1.088710    559 1.090062 1.001242    
33 164 169 167 33 57 1.088821    559 1.089820 1.000918    
33 170 175 173 33 58 1.087196    557 1.086705 0.999548    
33 176 181 179 33 59 1.087603    557 1.086592 0.999070    
33 182 187 185 33 60 1.084992    556 1.083784 0.998886    
33 188 193 191 33 61 1.080713    554 1.081152 1.000406    
33 194 254 224 33 62 1.072558    550 1.073661 1.001028    
33 255 255 255 33 63 1.063581    545 1.062745 0.999214    
34 0 0 0 34 0 1.000000    512 1.000000 1.000000       # ieta [35], pt 0
34 15 15 15 34 1 1.864872    964 1.866667 1.000962    
34 16 16 16 34 2 1.801399    936 1.812500 1.006162    
34 17 17 17 34 3 1.718775    884 1.705882 0.992499    
34 18 18 18 34 4 1.678363    863 1.666667 0.993031    
34 19 19 19 34 5 1.674941    869 1.684211 1.005534    
34 20 20 20 34 6 1.655484    852 1.650000 0.996687    
34 21 21 21 34 7 1.603103    824 1.595238 0.995094    
34 22 22 22 34 8 1.578999    811 1.568182 0.993149    
34 23 23 23 34 9 1.538421    796 1.543478 1.003287    
34 24 24 24 34 10 1.528534    786 1.520833 0.994962    
34 25 25 25 34 11 1.520244    784 1.520000 0.999839    
34 26 26 26 34 12 1.518717    783 1.519231 1.000338    
34 27 27 27 34 13 1.502957    773 1.500000 0.998032    
34 28 28 28 34 14 1.464720    754 1.464286 0.999703    
34 29 29 29 34 15 1.453848    747 1.448276 0.996167    
34 30 30 30 34 16 1.447729    747 1.450000 1.001569    
34 31 31 31 34 17 1.442098    741 1.435484 0.995414    
34 32 33 33 34 18 1.427565    733 1.424242 0.997672    
34 34 35 35 34 19 1.395517    721 1.400000 1.003212    
34 36 37 37 34 20 1.381459    710 1.378378 0.997770    
34 38 39 39 34 21 1.375522    706 1.371795 0.997290    
34 40 41 41 34 22 1.355987    697 1.353659 0.998283    
34 42 43 43 34 23 1.330508    683 1.325581 0.996297    
34 44 45 45 34 24 1.316665    675 1.311111 0.995782    
34 46 47 47 34 25 1.301998    668 1.297872 0.996831    
34 48 49 49 34 26 1.293707    666 1.295918 1.001709    
34 50 51 51 34 27 1.287068    660 1.284314 0.997860    
34 52 53 53 34 28 1.284479    659 1.283019 0.998863    
34 54 55 55 34 29 1.282971    659 1.281818 0.999101    
34 56 57 57 34 30 1.279463    658 1.280702 1.000968    
34 58 59 59 34 31 1.268938    653 1.271186 1.001772    
34 60 61 61 34 32 1.260085    649 1.262295 1.001754    
34 62 64 63 34 33 1.250759    645 1.253968 1.002566    
34 65 67 66 34 34 1.244322    638 1.242424 0.998475    
34 68 70 69 34 35 1.222679    629 1.224638 1.001602    
34 71 73 72 34 36 1.211917    624 1.215278 1.002773    
34 74 76 75 34 37 1.203884    620 1.206667 1.002311    
34 77 79 78 34 38 1.192032    612 1.192308 1.000231    
34 80 82 81 34 39 1.182915    608 1.185185 1.001919    
34 83 85 84 34 40 1.177785    605 1.178571 1.000668    
34 86 88 87 34 41 1.175411    605 1.178161 1.002340    
34 89 91 90 34 42 1.170588    602 1.172222 1.001396    
34 92 94 93 34 43 1.162619    596 1.161290 0.998857    
34 95 97 96 34 44 1.157622    593 1.156250 0.998815    
34 98 100 99 34 45 1.155102    594 1.156566 1.001267    
34 101 103 102 34 46 1.153380    591 1.151961 0.998769    
34 104 109 107 34 47 1.145740    588 1.144860 0.999232    
34 110 115 113 34 48 1.120515    575 1.119469 0.999066    
34 116 121 119 34 49 1.112570    572 1.113445 1.000787    
34 122 127 125 34 50 1.105435    567 1.104000 0.998702    
34 128 133 131 34 51 1.103268    566 1.103053 0.999805    
34 134 139 137 34 52 1.092229    560 1.091241 0.999095    
34 140 145 143 34 53 1.083692    556 1.083916 1.000207    
34 146 151 149 34 54 1.082953    556 1.083893 1.000868    
34 152 157 155 34 55 1.082255    554 1.080645 0.998512    
34 158 163 161 34 56 1.082255    554 1.080745 0.998605    
34 164 169 167 34 57 1.082366    556 1.083832 1.001355    
34 170 175 173 34 58 1.080742    554 1.080925 1.000169    
34 176 181 179 34 59 1.080226    554 1.081006 1.000722    
34 182 187 185 34 60 1.078693    553 1.078378 0.999708    
34 188 193 191 34 61 1.074667    552 1.075916 1.001163    
34 194 254 224 34 62 1.066757    547 1.066964 1.000194    
34 255 255 255 34 63 1.057444    542 1.056863 0.999450    
35 0 0 0 35 0 1.000000    512 1.000000 1.000000       # ieta [36], pt 0
35 15 15 15 35 1 1.915553    985 1.900000 0.991881    
35 16 16 16 35 2 1.852105    954 1.843750 0.995489    
35 17 17 17 35 3 1.773485    913 1.764706 0.995050    
35 18 18 18 35 4 1.740207    903 1.750000 1.005627    
35 19 19 19 35 5 1.731967    896 1.736842 1.002815    
35 20 20 20 35 6 1.711863    880 1.700000 0.993070    
35 21 21 21 35 7 1.660001    860 1.666667 1.004016    
35 22 22 22 35 8 1.633600    844 1.636364 1.001692    
35 23 23 23 35 9 1.591196    819 1.586957 0.997336    
35 24 24 24 35 10 1.579292    816 1.583333 1.002559    
35 25 25 25 35 11 1.569143    806 1.560000 0.994173    
35 26 26 26 35 12 1.565223    804 1.557692 0.995189    
35 27 27 27 35 13 1.555949    801 1.555556 0.999747    
35 28 28 28 35 14 1.514042    782 1.517857 1.002520    
35 29 29 29 35 15 1.503169    773 1.500000 0.997892    
35 30 30 30 35 16 1.495838    772 1.500000 1.002782    
35 31 31 31 35 17 1.483390    764 1.483871 1.000324    
35 32 33 33 35 18 1.468857    757 1.469697 1.000572    
35 34 35 35 35 19 1.435897    743 1.442857 1.004848    
35 36 37 37 35 20 1.413815    730 1.418919 1.003610    
35 38 39 39 35 21 1.399855    719 1.397436 0.998272    
35 40 41 41 35 22 1.378061    709 1.378049 0.999991    
35 42 43 43 35 23 1.350475    694 1.348837 0.998787    
35 44 45 45 35 24 1.333992    686 1.333333 0.999506    
35 46 47 47 35 25 1.318586    678 1.319149 1.000427    
35 48 49 49 35 26 1.307036    671 1.306122 0.999301    
35 50 51 51 35 27 1.297865    666 1.294118 0.997113    
35 52 53 53 35 28 1.295277    665 1.292453 0.997820    
35 54 55 55 35 29 1.292085    663 1.290909 0.999090    
35 56 57 57 35 30 1.287033    663 1.289474 1.001897    
35 58 59 59 35 31 1.271197    653 1.271186 0.999992    
35 60 61 61 35 32 1.261744    649 1.262295 1.000437    
35 62 64 63 35 33 1.252417    645 1.253968 1.001238    
35 65 67 66 35 34 1.245981    638 1.242424 0.997146    
35 68 70 69 35 35 1.224338    629 1.224638 1.000245    
35 71 73 72 35 36 1.213575    624 1.215278 1.001403    
35 74 76 75 35 37 1.205543    620 1.206667 1.000932    
35 77 79 78 35 38 1.193690    612 1.192308 0.998842    
35 80 82 81 35 39 1.184574    608 1.185185 1.000516    
35 83 85 84 35 40 1.179219    605 1.178571 0.999451    
35 86 88 87 35 41 1.176397    605 1.178161 1.001499    
35 89 91 90 35 42 1.171574    602 1.172222 1.000553    
35 92 94 93 35 43 1.163606    596 1.161290 0.998010    
35 95 97 96 35 44 1.158609    594 1.156250 0.997964    
35 98 100 99 35 45 1.156088    594 1.156566 1.000413    
35 101 103 102 35 46 1.154367    592 1.151961 0.997916    
35 104 109 107 35 47 1.146726    588 1.144860 0.998372    
35 110 115 113 35 48 1.121502    575 1.119469 0.998188    
35 116 121 119 35 49 1.113556    572 1.113445 0.999900    
35 122 127 125 35 50 1.106421    569 1.108000 1.001427    
35 128 133 131 35 51 1.104255    566 1.103053 0.998912    
35 134 139 137 35 52 1.093216    562 1.094891 1.001532    
35 140 145 143 35 53 1.084678    556 1.083916 0.999298    
35 146 151 149 35 54 1.083939    556 1.083893 0.999957    
35 152 157 155 35 55 1.083242    556 1.083871 1.000581    
35 158 163 161 35 56 1.083242    556 1.083851 1.000562    
35 164 169 167 35 57 1.083353    556 1.083832 1.000443    
35 170 175 173 35 58 1.081728    554 1.080925 0.999257    
35 176 181 179 35 59 1.081212    554 1.081006 0.999809    
35 182 187 185 35 60 1.079680    553 1.078378 0.998795    
35 188 193 191 35 61 1.075653    552 1.075916 1.000245    
35 194 254 224 35 62 1.067743    547 1.066964 0.999270    
35 255 255 255 35 63 1.058431    543 1.058824 1.000371    
36 0 0 0 36 0 1.000000    512 1.000000 1.000000       # ieta [37], pt 0
36 15 15 15 36 1 1.920080    998 1.933333 1.006902    
36 16 16 16 36 2 1.856632    955 1.843750 0.993061    
36 17 17 17 36 3 1.781825    926 1.794118 1.006899    
36 18 18 18 36 4 1.754811    904 1.750000 0.997258    
36 19 19 19 36 5 1.743427    897 1.736842 0.996223    
36 20 20 20 36 6 1.723323    890 1.725000 1.000973    
36 21 21 21 36 7 1.678008    862 1.666667 0.993241    
36 22 22 22 36 8 1.652329    856 1.659091 1.004092    
36 23 23 23 36 9 1.629146    840 1.630435 1.000791    
36 24 24 24 36 10 1.605734    827 1.604167 0.999024    
36 25 25 25 36 11 1.595585    825 1.600000 1.002767    
36 26 26 26 36 12 1.590194    823 1.596154 1.003748    
36 27 27 27 36 13 1.580920    812 1.574074 0.995670    
36 28 28 28 36 14 1.529982    791 1.535714 1.003747    
36 29 29 29 36 15 1.520125    782 1.517241 0.998103    
36 30 30 30 36 16 1.513054    781 1.516667 1.002388    
36 31 31 31 36 17 1.493348    772 1.500000 1.004454    
36 32 33 33 36 18 1.478686    764 1.484848 1.004168    
36 34 35 35 36 19 1.444623    743 1.442857 0.998777    
36 36 37 37 36 20 1.422030    731 1.418919 0.997812    
36 38 39 39 36 21 1.408612    726 1.410256 1.001168    
36 40 41 41 36 22 1.389838    715 1.390244 1.000292    
36 42 43 43 36 23 1.363977    700 1.360465 0.997425    
36 44 45 45 36 24 1.348748    692 1.344444 0.996809    
36 46 47 47 36 25 1.333791    684 1.329787 0.996999    
36 48 49 49 36 26 1.320176    677 1.316327 0.997084    
36 50 51 51 36 27 1.310592    675 1.313725 1.002391    
36 52 53 53 36 28 1.308004    674 1.311321 1.002536    
36 54 55 55 36 29 1.304813    673 1.309091 1.003279    
36 56 57 57 36 30 1.299053    667 1.298246 0.999379    
36 58 59 59 36 31 1.282926    658 1.279661 0.997455    
36 60 61 61 36 32 1.273147    653 1.270492 0.997914    
36 62 64 63 36 33 1.263495    649 1.261905 0.998741    
36 65 67 66 36 34 1.256721    646 1.257576 1.000680    
36 68 70 69 36 35 1.235264    633 1.231884 0.997264    
36 71 73 72 36 36 1.223437    628 1.222222 0.999007    
36 74 76 75 36 37 1.213797    623 1.213333 0.999618    
36 77 79 78 36 38 1.201945    619 1.205128 1.002649    
36 80 82 81 36 39 1.192828    612 1.191358 0.998767    
36 83 85 84 36 40 1.187473    608 1.184524 0.997516    
36 86 88 87 36 41 1.184652    608 1.183908 0.999372    
36 89 91 90 36 42 1.178220    605 1.177778 0.999624    
36 92 94 93 36 43 1.169441    602 1.172043 1.002225    
36 95 97 96 36 44 1.162197    596 1.161458 0.999365    
36 98 100 99 36 45 1.159128    596 1.161616 1.002147    
36 101 103 102 36 46 1.157406    594 1.156863 0.999530    
36 104 109 107 36 47 1.149766    590 1.149533 0.999797    
36 110 115 113 36 48 1.124541    577 1.123894 0.999424    
36 116 121 119 36 49 1.116151    574 1.117647 1.001340    
36 122 127 125 36 50 1.108571    569 1.108000 0.999485    
36 128 133 131 36 51 1.106404    568 1.106870 1.000421    
36 134 139 137 36 52 1.095034    562 1.094891 0.999869    
36 140 145 143 36 53 1.086330    558 1.087413 1.000997    
36 146 151 149 36 54 1.085591    558 1.087248 1.001526    
36 152 157 155 36 55 1.084894    556 1.083871 0.999057    
36 158 163 161 36 56 1.084894    556 1.083851 0.999039    
36 164 169 167 36 57 1.085005    556 1.083832 0.998920    
36 170 175 173 36 58 1.083380    556 1.083815 1.000401    
36 176 181 179 36 59 1.082864    556 1.083799 1.000863    
36 182 187 185 36 60 1.081332    554 1.081081 0.999768    
36 188 193 191 36 61 1.077305    553 1.078534 1.001141    
36 194 254 224 36 62 1.069395    548 1.069196 0.999814    
36 255 255 255 36 63 1.060083    544 1.060784 1.000662    
37 0 0 0 37 0 1.000000    512 1.000000 1.000000       # ieta [38], pt 0
37 15 15 15 37 1 1.920080    998 1.933333 1.006902    
37 16 16 16 37 2 1.856632    955 1.843750 0.993061    
37 17 17 17 37 3 1.781825    926 1.794118 1.006899    
37 18 18 18 37 4 1.754153    904 1.750000 0.997633    
37 19 19 19 37 5 1.742768    897 1.736842 0.996599    
37 20 20 20 37 6 1.722665    890 1.725000 1.001356    
37 21 21 21 37 7 1.677349    862 1.666667 0.993631    
37 22 22 22 37 8 1.651670    856 1.659091 1.004493    
37 23 23 23 37 9 1.628487    840 1.630435 1.001196    
37 24 24 24 37 10 1.605076    827 1.604167 0.999434    
37 25 25 25 37 11 1.594926    825 1.600000 1.003181    
37 26 26 26 37 12 1.589535    823 1.596154 1.004164    
37 27 27 27 37 13 1.580262    812 1.574074 0.996084    
37 28 28 28 37 14 1.529982    791 1.535714 1.003747    
37 29 29 29 37 15 1.520125    782 1.517241 0.998103    
37 30 30 30 37 16 1.513054    781 1.516667 1.002388    
37 31 31 31 37 17 1.493348    772 1.500000 1.004454    
37 32 33 33 37 18 1.478686    764 1.484848 1.004168    
37 34 35 35 37 19 1.444623    743 1.442857 0.998777    
37 36 37 37 37 20 1.422030    731 1.418919 0.997812    
37 38 39 39 37 21 1.408612    726 1.410256 1.001168    
37 40 41 41 37 22 1.389838    715 1.390244 1.000292    
37 42 43 43 37 23 1.363977    700 1.360465 0.997425    
37 44 45 45 37 24 1.348748    692 1.344444 0.996809    
37 46 47 47 37 25 1.333791    684 1.329787 0.996999    
37 48 49 49 37 26 1.320176    677 1.316327 0.997084    
37 50 51 51 37 27 1.310592    675 1.313725 1.002391    
37 52 53 53 37 28 1.308004    674 1.311321 1.002536    
37 54 55 55 37 29 1.304813    673 1.309091 1.003279    
37 56 57 57 37 30 1.299053    667 1.298246 0.999379    
37 58 59 59 37 31 1.282926    658 1.279661 0.997455    
37 60 61 61 37 32 1.273147    653 1.270492 0.997914    
37 62 64 63 37 33 1.263495    649 1.261905 0.998741    
37 65 67 66 37 34 1.256721    646 1.257576 1.000680    
37 68 70 69 37 35 1.235264    633 1.231884 0.997264    
37 71 73 72 37 36 1.223437    628 1.222222 0.999007    
37 74 76 75 37 37 1.213797    623 1.213333 0.999618    
37 77 79 78 37 38 1.201945    619 1.205128 1.002649    
37 80 82 81 37 39 1.192828    612 1.191358 0.998767    
37 83 85 84 37 40 1.187473    608 1.184524 0.997516    
37 86 88 87 37 41 1.184652    608 1.183908 0.999372    
37 89 91 90 37 42 1.178220    605 1.177778 0.999624    
37 92 94 93 37 43 1.169441    602 1.172043 1.002225    
37 95 97 96 37 44 1.162197    596 1.161458 0.999365    
37 98 100 99 37 45 1.159128    596 1.161616 1.002147    
37 101 103 102 37 46 1.157406    594 1.156863 0.999530    
37 104 109 107 37 47 1.149766    590 1.149533 0.999797    
37 110 115 113 37 48 1.124541    577 1.123894 0.999424    
37 116 121 119 37 49 1.116151    574 1.117647 1.001340    
37 122 127 125 37 50 1.108571    569 1.108000 0.999485    
37 128 133 131 37 51 1.106404    568 1.106870 1.000421    
37 134 139 137 37 52 1.095034    562 1.094891 0.999869    
37 140 145 143 37 53 1.086330    558 1.087413 1.000997    
37 146 151 149 37 54 1.085591    558 1.087248 1.001526    
37 152 157 155 37 55 1.084894    556 1.083871 0.999057    
37 158 163 161 37 56 1.084894    556 1.083851 0.999039    
37 164 169 167 37 57 1.085005    556 1.083832 0.998920    
37 170 175 173 37 58 1.083380    556 1.083815 1.000401    
37 176 181 179 37 59 1.082864    556 1.083799 1.000863    
37 182 187 185 37 60 1.081332    554 1.081081 0.999768    
37 188 193 191 37 61 1.077305    553 1.078534 1.001141    
37 194 254 224 37 62 1.069395    548 1.069196 0.999814    
37 255 255 255 37 63 1.060083    544 1.060784 1.000662    
38 0 0 0 38 0 1.000000    512 1.000000 1.000000       # ieta [39], pt 0
38 15 15 15 38 1 1.920080    998 1.933333 1.006902    
38 16 16 16 38 2 1.856632    955 1.843750 0.993061    
38 17 17 17 38 3 1.781825    926 1.794118 1.006899    
38 18 18 18 38 4 1.754153    904 1.750000 0.997633    
38 19 19 19 38 5 1.742768    897 1.736842 0.996599    
38 20 20 20 38 6 1.722665    890 1.725000 1.001356    
38 21 21 21 38 7 1.677349    862 1.666667 0.993631    
38 22 22 22 38 8 1.651670    856 1.659091 1.004493    
38 23 23 23 38 9 1.628487    840 1.630435 1.001196    
38 24 24 24 38 10 1.605076    827 1.604167 0.999434    
38 25 25 25 38 11 1.597805    825 1.600000 1.001374    
38 26 26 26 38 12 1.592414    823 1.596154 1.002349    
38 27 27 27 38 13 1.583141    813 1.574074 0.994273    
38 28 28 28 38 14 1.532861    791 1.535714 1.001861    
38 29 29 29 38 15 1.523004    782 1.517241 0.996216    
38 30 30 30 38 16 1.514782    781 1.516667 1.001244    
38 31 31 31 38 17 1.495076    772 1.500000 1.003293    
38 32 33 33 38 18 1.478686    764 1.484848 1.004168    
38 34 35 35 38 19 1.444623    743 1.442857 0.998777    
38 36 37 37 38 20 1.422030    731 1.418919 0.997812    
38 38 39 39 38 21 1.408612    726 1.410256 1.001168    
38 40 41 41 38 22 1.389838    715 1.390244 1.000292    
38 42 43 43 38 23 1.363977    700 1.360465 0.997425    
38 44 45 45 38 24 1.348748    692 1.344444 0.996809    
38 46 47 47 38 25 1.333791    684 1.329787 0.996999    
38 48 49 49 38 26 1.320176    677 1.316327 0.997084    
38 50 51 51 38 27 1.310592    675 1.313725 1.002391    
38 52 53 53 38 28 1.308004    674 1.311321 1.002536    
38 54 55 55 38 29 1.304813    673 1.309091 1.003279    
38 56 57 57 38 30 1.299053    667 1.298246 0.999379    
38 58 59 59 38 31 1.282926    658 1.279661 0.997455    
38 60 61 61 38 32 1.273147    653 1.270492 0.997914    
38 62 64 63 38 33 1.263495    649 1.261905 0.998741    
38 65 67 66 38 34 1.256721    646 1.257576 1.000680    
38 68 70 69 38 35 1.235264    633 1.231884 0.997264    
38 71 73 72 38 36 1.223437    628 1.222222 0.999007    
38 74 76 75 38 37 1.213797    623 1.213333 0.999618    
38 77 79 78 38 38 1.201945    619 1.205128 1.002649    
38 80 82 81 38 39 1.192828    612 1.191358 0.998767    
38 83 85 84 38 40 1.187473    608 1.184524 0.997516    
38 86 88 87 38 41 1.184652    608 1.183908 0.999372    
38 89 91 90 38 42 1.178220    605 1.177778 0.999624    
38 92 94 93 38 43 1.169441    602 1.172043 1.002225    
38 95 97 96 38 44 1.162197    596 1.161458 0.999365    
38 98 100 99 38 45 1.159128    596 1.161616 1.002147    
38 101 103 102 38 46 1.157406    594 1.156863 0.999530    
38 104 109 107 38 47 1.149766    590 1.149533 0.999797    
38 110 115 113 38 48 1.124541    577 1.123894 0.999424    
38 116 121 119 38 49 1.116151    574 1.117647 1.001340    
38 122 127 125 38 50 1.108571    569 1.108000 0.999485    
38 128 133 131 38 51 1.106404    568 1.106870 1.000421    
38 134 139 137 38 52 1.095034    562 1.094891 0.999869    
38 140 145 143 38 53 1.086330    558 1.087413 1.000997    
38 146 151 149 38 54 1.085591    558 1.087248 1.001526    
38 152 157 155 38 55 1.084894    556 1.083871 0.999057    
38 158 163 161 38 56 1.084894    556 1.083851 0.999039    
38 164 169 167 38 57 1.085005    556 1.083832 0.998920    
38 170 175 173 38 58 1.083380    556 1.083815 1.000401    
38 176 181 179 38 59 1.082864    556 1.083799 1.000863    
38 182 187 185 38 60 1.081332    554 1.081081 0.999768    
38 188 193 191 38 61 1.077305    553 1.078534 1.001141    
38 194 254 224 38 62 1.069395    548 1.069196 0.999814    
38 255 255 255 38 63 1.060083    544 1.060784 1.000662    
39 0 0 0 39 0 1.000000    512 1.000000 1.000000       # ieta [40], pt 0
39 15 15 15 39 1 1.921152    998 1.933333 1.006341    
39 16 16 16 39 2 1.857704    955 1.843750 0.992488    
39 17 17 17 39 3 1.782897    926 1.794118 1.006294    
39 18 18 18 39 4 1.755225    904 1.750000 0.997023    
39 19 19 19 39 5 1.743840    897 1.736842 0.995987    
39 20 20 20 39 6 1.723736    890 1.725000 1.000733    
39 21 21 21 39 7 1.678421    862 1.666667 0.992997    
39 22 22 22 39 8 1.652742    856 1.659091 1.003841    
39 23 23 23 39 9 1.629559    840 1.630435 1.000537    
39 24 24 24 39 10 1.606147    827 1.604167 0.998767    
39 25 25 25 39 11 1.598877    825 1.600000 1.000702    
39 26 26 26 39 12 1.593486    823 1.596154 1.001674    
39 27 27 27 39 13 1.584212    820 1.592593 1.005290    
39 28 28 28 39 14 1.533933    791 1.535714 1.001161    
39 29 29 29 39 15 1.524076    783 1.517241 0.995516    
39 30 30 30 39 16 1.514782    781 1.516667 1.001244    
39 31 31 31 39 17 1.495076    772 1.500000 1.003293    
39 32 33 33 39 18 1.478686    764 1.484848 1.004168    
39 34 35 35 39 19 1.444623    743 1.442857 0.998777    
39 36 37 37 39 20 1.422030    731 1.418919 0.997812    
39 38 39 39 39 21 1.408612    726 1.410256 1.001168    
39 40 41 41 39 22 1.389838    715 1.390244 1.000292    
39 42 43 43 39 23 1.363977    700 1.360465 0.997425    
39 44 45 45 39 24 1.348748    692 1.344444 0.996809    
39 46 47 47 39 25 1.333791    684 1.329787 0.996999    
39 48 49 49 39 26 1.320176    677 1.316327 0.997084    
39 50 51 51 39 27 1.310592    675 1.313725 1.002391    
39 52 53 53 39 28 1.308004    674 1.311321 1.002536    
39 54 55 55 39 29 1.304813    673 1.309091 1.003279    
39 56 57 57 39 30 1.299053    667 1.298246 0.999379    
39 58 59 59 39 31 1.282926    658 1.279661 0.997455    
39 60 61 61 39 32 1.273147    653 1.270492 0.997914    
39 62 64 63 39 33 1.263495    649 1.261905 0.998741    
39 65 67 66 39 34 1.256721    646 1.257576 1.000680    
39 68 70 69 39 35 1.235264    633 1.231884 0.997264    
39 71 73 72 39 36 1.223437    628 1.222222 0.999007    
39 74 76 75 39 37 1.213797    623 1.213333 0.999618    
39 77 79 78 39 38 1.201945    619 1.205128 1.002649    
39 80 82 81 39 39 1.192828    612 1.191358 0.998767    
39 83 85 84 39 40 1.187473    608 1.184524 0.997516    
39 86 88 87 39 41 1.184652    608 1.183908 0.999372    
39 89 91 90 39 42 1.178220    605 1.177778 0.999624    
39 92 94 93 39 43 1.169441    602 1.172043 1.002225    
39 95 97 96 39 44 1.162197    596 1.161458 0.999365    
39 98 100 99 39 45 1.159128    596 1.161616 1.002147    
39 101 103 102 39 46 1.157406    594 1.156863 0.999530    
39 104 109 107 39 47 1.149766    590 1.149533 0.999797    
39 110 115 113 39 48 1.124541    577 1.123894 0.999424    
39 116 121 119 39 49 1.116151    574 1.117647 1.001340    
39 122 127 125 39 50 1.108571    569 1.108000 0.999485    
39 128 133 131 39 51 1.106404    568 1.106870 1.000421    
39 134 139 137 39 52 1.095034    562 1.094891 0.999869    
39 140 145 143 39 53 1.086330    558 1.087413 1.000997    
39 146 151 149 39 54 1.085591    558 1.087248 1.001526    
39 152 157 155 39 55 1.084894    556 1.083871 0.999057    
39 158 163 161 39 56 1.084894    556 1.083851 0.999039    
39 164 169 167 39 57 1.085005    556 1.083832 0.998920    
39 170 175 173 39 58 1.083380    556 1.083815 1.000401    
39 176 181 179 39 59 1.082864    556 1.083799 1.000863    
39 182 187 185 39 60 1.081332    554 1.081081 0.999768    
39 188 193 191 39 61 1.077305    553 1.078534 1.001141    
39 194 254 224 39 62 1.069395    548 1.069196 0.999814    
39 255 255 255 39 63 1.060083    544 1.060784 1.000662    
