# columns 
# CaloToolMPEtaBin PtMin PtMax avgPt IEtaBin_forLUT_col1 PtBin_forLUT SF
0 0 0 0 0 0 1.000000    512 1.000000 1.000000       # ieta [1], pt 0
0 15 15 15 0 1 1.891593    981 1.900000 1.004445    
0 16 16 16 0 2 1.863200    968 1.875000 1.006333    
0 17 17 17 0 3 1.847572    956 1.852941 1.002906    
0 18 18 18 0 4 1.817516    934 1.805556 0.993420    
0 19 19 19 0 5 1.801023    926 1.789474 0.993587    
0 20 20 20 0 6 1.791687    928 1.800000 1.004640    
0 21 21 21 0 7 1.776777    921 1.785714 1.005030    
0 22 22 22 0 8 1.780011    915 1.772727 0.995908    
0 23 23 23 0 9 1.750726    907 1.760870 1.005794    
0 24 24 24 0 10 1.727980    891 1.729167 1.000687    
0 25 25 25 0 11 1.706520    877 1.700000 0.996180    
0 26 26 26 0 12 1.710231    882 1.711538 1.000764    
0 27 27 27 0 13 1.707200    878 1.703704 0.997952    
0 28 28 28 0 14 1.675163    864 1.678571 1.002035    
0 29 29 29 0 15 1.654223    852 1.655172 1.000574    
0 30 30 30 0 16 1.647945    849 1.650000 1.001247    
0 31 31 31 0 17 1.645341    847 1.645161 0.999891    
0 32 33 33 0 18 1.618594    834 1.621212 1.001618    
0 34 35 35 0 19 1.600474    823 1.600000 0.999704    
0 36 37 37 0 20 1.588896    820 1.594595 1.003586    
0 38 39 39 0 21 1.558928    804 1.564103 1.003319    
0 40 41 41 0 22 1.539768    790 1.536585 0.997933    
0 42 43 43 0 23 1.518606    783 1.523256 1.003062    
0 44 45 45 0 24 1.496515    771 1.500000 1.002329    
0 46 47 47 0 25 1.483889    761 1.478723 0.996519    
0 48 49 49 0 26 1.463853    751 1.459184 0.996810    
0 50 51 51 0 27 1.454521    746 1.450980 0.997566    
0 52 53 53 0 28 1.446015    742 1.443396 0.998189    
0 54 55 55 0 29 1.433039    738 1.436364 1.002320    
0 56 57 57 0 30 1.430467    735 1.429825 0.999551    
0 58 59 59 0 31 1.411763    727 1.415254 1.002473    
0 60 61 61 0 32 1.401628    720 1.401639 1.000008    
0 62 64 63 0 33 1.395609    718 1.396825 1.000872    
0 65 67 66 0 34 1.390411    716 1.393939 1.002538    
0 68 70 69 0 35 1.377310    707 1.376812 0.999638    
0 71 73 72 0 36 1.367908    702 1.368056 1.000108    
0 74 76 75 0 37 1.353147    695 1.353333 1.000138    
0 77 79 78 0 38 1.349777    694 1.352564 1.002065    
0 80 82 81 0 39 1.335514    684 1.333333 0.998368    
0 83 85 84 0 40 1.326465    681 1.327381 1.000690    
0 86 88 87 0 41 1.318859    676 1.316092 0.997902    
0 89 91 90 0 42 1.315525    676 1.316667 1.000868    
0 92 94 93 0 43 1.312261    673 1.311828 0.999670    
0 95 97 96 0 44 1.300326    668 1.302083 1.001351    
0 98 100 99 0 45 1.296893    666 1.297980 1.000838    
0 101 103 102 0 46 1.292402    664 1.294118 1.001327    
0 104 109 107 0 47 1.277789    655 1.275701 0.998366    
0 110 115 113 0 48 1.268328    652 1.269912 1.001249    
0 116 121 119 0 49 1.265826    649 1.264706 0.999115    
0 122 127 125 0 50 1.257982    645 1.256000 0.998425    
0 128 133 131 0 51 1.255349    644 1.255725 1.000300    
0 134 139 137 0 52 1.252450    642 1.251825 0.999501    
0 140 145 143 0 53 1.234537    633 1.234266 0.999781    
0 146 151 149 0 54 1.233875    633 1.234899 1.000831    
0 152 157 155 0 55 1.227345    629 1.225806 0.998747    
0 158 163 161 0 56 1.224870    628 1.223602 0.998965    
0 164 169 167 0 57 1.218836    625 1.218563 0.999776    
0 170 175 173 0 58 1.216617    624 1.216763 1.000120    
0 176 181 179 0 59 1.213149    622 1.212291 0.999293    
0 182 187 185 0 60 1.209982    621 1.210811 1.000685    
0 188 193 191 0 61 1.207642    619 1.206806 0.999308    
0 194 254 224 0 62 1.201964    615 1.200893 0.999109    
0 255 255 255 0 63 1.192052    611 1.192157 1.000088    
1 0 0 0 1 0 1.000000    512 1.000000 1.000000       # ieta [2], pt 0
1 15 15 15 1 1 1.817780    947 1.833333 1.008556    
1 16 16 16 1 2 1.799813    936 1.812500 1.007049    
1 17 17 17 1 3 1.781025    926 1.794118 1.007351    
1 18 18 18 1 4 1.747936    903 1.750000 1.001181    
1 19 19 19 1 5 1.732666    896 1.736842 1.002410    
1 20 20 20 1 6 1.727728    890 1.725000 0.998421    
1 21 21 21 1 7 1.709075    884 1.714286 1.003049    
1 22 22 22 1 8 1.715075    881 1.704545 0.993861    
1 23 23 23 1 9 1.689467    874 1.695652 1.003661    
1 24 24 24 1 10 1.676743    861 1.666667 0.993991    
1 25 25 25 1 11 1.668433    857 1.660000 0.994946    
1 26 26 26 1 12 1.668433    862 1.673077 1.002784    
1 27 27 27 1 13 1.661151    858 1.666667 1.003321    
1 28 28 28 1 14 1.639683    846 1.642857 1.001936    
1 29 29 29 1 15 1.609330    826 1.603448 0.996345    
1 30 30 30 1 16 1.603222    824 1.600000 0.997990    
1 31 31 31 1 17 1.636181    840 1.629032 0.995631    
1 32 33 33 1 18 1.602583    827 1.606061 1.002170    
1 34 35 35 1 19 1.578038    809 1.571429 0.995812    
1 36 37 37 1 20 1.557332    800 1.554054 0.997895    
1 38 39 39 1 21 1.552857    798 1.551282 0.998986    
1 40 41 41 1 22 1.536147    790 1.536585 1.000285    
1 42 43 43 1 23 1.515035    777 1.511628 0.997751    
1 44 45 45 1 24 1.492996    766 1.488889 0.997249    
1 46 47 47 1 25 1.483236    761 1.478723 0.996958    
1 48 49 49 1 26 1.463956    751 1.459184 0.996740    
1 50 51 51 1 27 1.454623    746 1.450980 0.997496    
1 52 53 53 1 28 1.443129    742 1.443396 1.000185    
1 54 55 55 1 29 1.431572    734 1.427273 0.996997    
1 56 57 57 1 30 1.429002    735 1.429825 1.000576    
1 58 59 59 1 31 1.410317    723 1.406780 0.997492    
1 60 61 61 1 32 1.400192    720 1.401639 1.001033    
1 62 64 63 1 33 1.394262    718 1.396825 1.001839    
1 65 67 66 1 34 1.389110    712 1.386364 0.998023    
1 68 70 69 1 35 1.376710    707 1.376812 1.000074    
1 71 73 72 1 36 1.365167    702 1.368056 1.002116    
1 74 76 75 1 37 1.352260    695 1.353333 1.000794    
1 77 79 78 1 38 1.348893    691 1.346154 0.997969    
1 80 82 81 1 39 1.334638    684 1.333333 0.999022    
1 83 85 84 1 40 1.325596    681 1.327381 1.001346    
1 86 88 87 1 41 1.317995    675 1.316092 0.998556    
1 89 91 90 1 42 1.314663    676 1.316667 1.001524    
1 92 94 93 1 43 1.311401    673 1.311828 1.000325    
1 95 97 96 1 44 1.299474    666 1.296875 0.998000    
1 98 100 99 1 45 1.296044    666 1.297980 1.001494    
1 101 103 102 1 46 1.291796    664 1.294118 1.001797    
1 104 109 107 1 47 1.277671    655 1.275701 0.998458    
1 110 115 113 1 48 1.268211    652 1.269912 1.001341    
1 116 121 119 1 49 1.265709    649 1.264706 0.999207    
1 122 127 125 1 50 1.258000    647 1.260000 1.001590    
1 128 133 131 1 51 1.255501    644 1.255725 1.000178    
1 134 139 137 1 52 1.252602    642 1.251825 0.999379    
1 140 145 143 1 53 1.234687    633 1.234266 0.999659    
1 146 151 149 1 54 1.234025    633 1.234899 1.000709    
1 152 157 155 1 55 1.227494    630 1.229032 1.001253    
1 158 163 161 1 56 1.225019    628 1.223602 0.998844    
1 164 169 167 1 57 1.218984    625 1.218563 0.999654    
1 170 175 173 1 58 1.216765    624 1.216763 0.999998    
1 176 181 179 1 59 1.213296    622 1.212291 0.999171    
1 182 187 185 1 60 1.210129    621 1.210811 1.000564    
1 188 193 191 1 61 1.207610    619 1.206806 0.999334    
1 194 254 224 1 62 1.201575    615 1.200893 0.999432    
1 255 255 255 1 63 1.191667    611 1.192157 1.000411    
2 0 0 0 2 0 1.000000    512 1.000000 1.000000       # ieta [3], pt 0
2 15 15 15 2 1 1.933255    998 1.933333 1.000040    
2 16 16 16 2 2 1.911865    985 1.906250 0.997063    
2 17 17 17 2 3 1.892528    973 1.882353 0.994623    
2 18 18 18 2 4 1.867296    962 1.861111 0.996688    
2 19 19 19 2 5 1.846232    951 1.842105 0.997765    
2 20 20 20 2 6 1.831657    942 1.825000 0.996366    
2 21 21 21 2 7 1.786962    921 1.785714 0.999302    
2 22 22 22 2 8 1.787935    925 1.795455 1.004206    
2 23 23 23 2 9 1.756637    907 1.760870 1.002410    
2 24 24 24 2 10 1.726981    891 1.729167 1.001266    
2 25 25 25 2 11 1.718422    886 1.720000 1.000918    
2 26 26 26 2 12 1.718422    883 1.711538 0.995994    
2 27 27 27 2 13 1.706428    877 1.703704 0.998404    
2 28 28 28 2 14 1.679999    864 1.678571 0.999151    
2 29 29 29 2 15 1.658999    853 1.655172 0.997694    
2 30 30 30 2 16 1.651323    849 1.650000 0.999199    
2 31 31 31 2 17 1.648713    847 1.645161 0.997846    
2 32 33 33 2 18 1.624807    834 1.621212 0.997787    
2 34 35 35 2 19 1.602770    823 1.600000 0.998271    
2 36 37 37 2 20 1.580315    813 1.581081 1.000485    
2 38 39 39 2 21 1.568225    805 1.564103 0.997371    
2 40 41 41 2 22 1.543061    796 1.548780 1.003706    
2 42 43 43 2 23 1.521051    783 1.523256 1.001450    
2 44 45 45 2 24 1.498924    771 1.500000 1.000718    
2 46 47 47 2 25 1.486885    765 1.489362 1.001665    
2 48 49 49 2 26 1.462056    750 1.459184 0.998035    
2 50 51 51 2 27 1.453797    746 1.450980 0.998063    
2 52 53 53 2 28 1.448287    746 1.452830 1.003137    
2 54 55 55 2 29 1.435291    738 1.436364 1.000748    
2 56 57 57 2 30 1.432714    735 1.429825 0.997983    
2 58 59 59 2 31 1.413980    727 1.415254 1.000901    
2 60 61 61 2 32 1.403830    720 1.401639 0.998440    
2 62 64 63 2 33 1.397418    718 1.396825 0.999576    
2 65 67 66 2 34 1.392022    716 1.393939 1.001377    
2 68 70 69 2 35 1.378893    707 1.376812 0.998491    
2 71 73 72 2 36 1.369480    702 1.368056 0.998960    
2 74 76 75 2 37 1.354702    695 1.353333 0.998990    
2 77 79 78 2 38 1.351329    694 1.352564 1.000914    
2 80 82 81 2 39 1.337048    687 1.339506 1.001838    
2 83 85 84 2 40 1.327990    681 1.327381 0.999541    
2 86 88 87 2 41 1.320375    678 1.321839 1.001109    
2 89 91 90 2 42 1.317036    676 1.316667 0.999719    
2 92 94 93 2 43 1.313769    673 1.311828 0.998522    
2 95 97 96 2 44 1.301820    668 1.302083 1.000202    
2 98 100 99 2 45 1.298384    666 1.297980 0.999689    
2 101 103 102 2 46 1.294129    664 1.294118 0.999991    
2 104 109 107 2 47 1.280305    657 1.280374 1.000054    
2 110 115 113 2 48 1.270501    652 1.269912 0.999536    
2 116 121 119 2 49 1.267995    651 1.268908 1.000720    
2 122 127 125 2 50 1.260181    647 1.260000 0.999856    
2 128 133 131 2 51 1.257587    644 1.255725 0.998519    
2 134 139 137 2 52 1.254684    644 1.255474 1.000630    
2 140 145 143 2 53 1.237633    635 1.237762 1.000104    
2 146 151 149 2 54 1.237149    635 1.238255 1.000894    
2 152 157 155 2 55 1.231016    632 1.232258 1.001009    
2 158 163 161 2 56 1.228617    631 1.229814 1.000974    
2 164 169 167 2 57 1.222564    626 1.221557 0.999176    
2 170 175 173 2 58 1.220339    625 1.219653 0.999438    
2 176 181 179 2 59 1.216859    624 1.217877 1.000836    
2 182 187 185 2 60 1.213000    622 1.213514 1.000424    
2 188 193 191 2 61 1.209998    620 1.209424 0.999526    
2 194 254 224 2 62 1.202914    617 1.203125 1.000175    
2 255 255 255 2 63 1.192653    611 1.192157 0.999584    
3 0 0 0 3 0 1.000000    512 1.000000 1.000000       # ieta [4], pt 0
3 15 15 15 3 1 1.933255    998 1.933333 1.000040    
3 16 16 16 3 2 1.913773    985 1.906250 0.996069    
3 17 17 17 3 3 1.894416    974 1.882353 0.993632    
3 18 18 18 3 4 1.869160    962 1.861111 0.995694    
3 19 19 19 3 5 1.851686    952 1.842105 0.994826    
3 20 20 20 3 6 1.842096    954 1.850000 1.004291    
3 21 21 21 3 7 1.800284    933 1.809524 1.005132    
3 22 22 22 3 8 1.801265    926 1.795455 0.996774    
3 23 23 23 3 9 1.773921    918 1.782609 1.004897    
3 24 24 24 3 10 1.743974    901 1.750000 1.003455    
3 25 25 25 3 11 1.735330    896 1.740000 1.002691    
3 26 26 26 3 12 1.735330    892 1.730769 0.997372    
3 27 27 27 3 13 1.724933    887 1.722222 0.998429    
3 28 28 28 3 14 1.700741    874 1.696429 0.997465    
3 29 29 29 3 15 1.680715    863 1.672414 0.995061    
3 30 30 30 3 16 1.672938    859 1.666667 0.996251    
3 31 31 31 3 17 1.670295    863 1.677419 1.004265    
3 32 33 33 3 18 1.651018    850 1.651515 1.000301    
3 34 35 35 3 19 1.629484    838 1.628571 0.999440    
3 36 37 37 3 20 1.605986    827 1.608108 1.001321    
3 38 39 39 3 21 1.592362    818 1.589744 0.998356    
3 40 41 41 3 22 1.565479    803 1.560976 0.997123    
3 42 43 43 3 23 1.543149    795 1.546512 1.002179    
3 44 45 45 3 24 1.524322    783 1.522222 0.998623    
3 46 47 47 3 25 1.514848    777 1.510638 0.997221    
3 48 49 49 3 26 1.486940    765 1.489796 1.001921    
3 50 51 51 3 27 1.479524    760 1.480392 1.000587    
3 52 53 53 3 28 1.473163    756 1.471698 0.999006    
3 54 55 55 3 29 1.457305    748 1.454545 0.998106    
3 56 57 57 3 30 1.453471    748 1.456140 1.001837    
3 58 59 59 3 31 1.436127    736 1.432203 0.997268    
3 60 61 61 3 32 1.425560    733 1.426230 1.000470    
3 62 64 63 3 33 1.418074    730 1.420635 1.001806    
3 65 67 66 3 34 1.411234    724 1.409091 0.998482    
3 68 70 69 3 35 1.396004    718 1.398551 1.001824    
3 71 73 72 3 36 1.387209    713 1.388889 1.001211    
3 74 76 75 3 37 1.372607    705 1.373333 1.000529    
3 77 79 78 3 38 1.369813    704 1.371795 1.001447    
3 80 82 81 3 39 1.356580    697 1.358025 1.001065    
3 83 85 84 3 40 1.347389    690 1.345238 0.998404    
3 86 88 87 3 41 1.338155    687 1.339080 1.000691    
3 89 91 90 3 42 1.334015    684 1.333333 0.999489    
3 92 94 93 3 43 1.328931    681 1.327957 0.999267    
3 95 97 96 3 44 1.317548    676 1.317708 1.000122    
3 98 100 99 3 45 1.315479    674 1.313131 0.998215    
3 101 103 102 3 46 1.311730    674 1.313725 1.001521    
3 104 109 107 3 47 1.297358    667 1.299065 1.001316    
3 110 115 113 3 48 1.287097    661 1.287611 1.000399    
3 116 121 119 3 49 1.284558    660 1.285714 1.000900    
3 122 127 125 3 50 1.273484    653 1.272000 0.998835    
3 128 133 131 3 51 1.270863    652 1.270992 1.000102    
3 134 139 137 3 52 1.267928    650 1.266423 0.998813    
3 140 145 143 3 53 1.252916    642 1.251748 0.999068    
3 146 151 149 3 54 1.252322    642 1.251678 0.999486    
3 152 157 155 3 55 1.246113    639 1.245161 0.999236    
3 158 163 161 3 56 1.243684    637 1.242236 0.998835    
3 164 169 167 3 57 1.237558    634 1.236527 0.999167    
3 170 175 173 3 58 1.235305    633 1.234104 0.999028    
3 176 181 179 3 59 1.231783    632 1.231844 1.000049    
3 182 187 185 3 60 1.227554    629 1.227027 0.999571    
3 188 193 191 3 61 1.224355    628 1.225131 1.000634    
3 194 254 224 3 62 1.217514    623 1.216518 0.999182    
3 255 255 255 3 63 1.206804    618 1.205882 0.999236    
4 0 0 0 4 0 1.000000    512 1.000000 1.000000       # ieta [5], pt 0
4 15 15 15 4 1 1.942779    1000 1.933333 0.995138    
4 16 16 16 4 2 1.922474    1000 1.937500 1.007816    
4 17 17 17 4 3 1.897150    986 1.911765 1.007703    
4 18 18 18 4 4 1.871492    963 1.861111 0.994453    
4 19 19 19 4 5 1.852391    952 1.842105 0.994447    
4 20 20 20 4 6 1.846335    954 1.850000 1.001985    
4 21 21 21 4 7 1.817134    934 1.809524 0.995812    
4 22 22 22 4 8 1.816055    937 1.818182 1.001171    
4 23 23 23 4 9 1.793151    921 1.782609 0.994121    
4 24 24 24 4 10 1.758193    903 1.750000 0.995340    
4 25 25 25 4 11 1.749479    898 1.740000 0.994582    
4 26 26 26 4 12 1.749479    901 1.750000 1.000298    
4 27 27 27 4 13 1.738997    896 1.740741 1.001003    
4 28 28 28 4 14 1.714607    882 1.714286 0.999812    
4 29 29 29 4 15 1.693079    870 1.689655 0.997978    
4 30 30 30 4 16 1.684291    866 1.683333 0.999431    
4 31 31 31 4 17 1.681629    864 1.677419 0.997496    
4 32 33 33 4 18 1.661982    858 1.666667 1.002819    
4 34 35 35 4 19 1.642162    845 1.642857 1.000423    
4 36 37 37 4 20 1.619911    834 1.621622 1.001056    
4 38 39 39 4 21 1.606168    825 1.602564 0.997756    
4 40 41 41 4 22 1.579053    810 1.573171 0.996275    
4 42 43 43 4 23 1.556529    801 1.558140 1.001035    
4 44 45 45 4 24 1.537539    789 1.533333 0.997265    
4 46 47 47 4 25 1.529453    787 1.531915 1.001609    
4 48 49 49 4 26 1.508063    776 1.510204 1.001420    
4 50 51 51 4 27 1.499397    771 1.500000 1.000402    
4 52 53 53 4 28 1.489062    766 1.490566 1.001010    
4 54 55 55 4 29 1.474112    757 1.472727 0.999060    
4 56 57 57 4 30 1.469826    757 1.473684 1.002625    
4 58 59 59 4 31 1.451895    745 1.449153 0.998111    
4 60 61 61 4 32 1.440820    741 1.442623 1.001252    
4 62 64 63 4 33 1.432661    738 1.436508 1.002686    
4 65 67 66 4 34 1.425454    732 1.424242 0.999150    
4 68 70 69 4 35 1.413515    726 1.413043 0.999667    
4 71 73 72 4 36 1.400087    720 1.402778 1.001922    
4 74 76 75 4 37 1.385349    712 1.386667 1.000951    
4 77 79 78 4 38 1.382529    711 1.384615 1.001509    
4 80 82 81 4 39 1.369173    703 1.370370 1.000874    
4 83 85 84 4 40 1.359897    697 1.357143 0.997975    
4 86 88 87 4 41 1.350578    693 1.350575 0.999998    
4 89 91 90 4 42 1.346399    690 1.344444 0.998548    
4 92 94 93 4 43 1.341268    687 1.338710 0.998092    
4 95 97 96 4 44 1.329779    681 1.328125 0.998756    
4 98 100 99 4 45 1.327691    682 1.328283 1.000446    
4 101 103 102 4 46 1.324227    679 1.323529 0.999473    
4 104 109 107 4 47 1.312551    674 1.313084 1.000406    
4 110 115 113 4 48 1.302822    668 1.300885 0.998513    
4 116 121 119 4 49 1.300252    666 1.298319 0.998513    
4 122 127 125 4 50 1.288488    661 1.288000 0.999621    
4 128 133 131 4 51 1.284603    660 1.286260 1.001290    
4 134 139 137 4 52 1.281292    657 1.281022 0.999789    
4 140 145 143 4 53 1.269509    651 1.269231 0.999781    
4 146 151 149 4 54 1.269128    651 1.268456 0.999471    
4 152 157 155 4 55 1.264606    649 1.264516 0.999929    
4 158 163 161 4 56 1.263452    648 1.263975 1.000414    
4 164 169 167 4 57 1.258120    645 1.257485 0.999495    
4 170 175 173 4 58 1.255830    645 1.257225 1.001111    
4 176 181 179 4 59 1.252249    642 1.251397 0.999319    
4 182 187 185 4 60 1.247950    640 1.248649 1.000560    
4 188 193 191 4 61 1.244239    637 1.243455 0.999371    
4 194 254 224 4 62 1.237793    635 1.238839 1.000845    
4 255 255 255 4 63 1.229927    630 1.229412 0.999581    
5 0 0 0 5 0 1.000000    512 1.000000 1.000000       # ieta [6], pt 0
5 15 15 15 5 1 1.938257    999 1.933333 0.997460    
5 16 16 16 5 2 1.917999    987 1.906250 0.993875    
5 17 17 17 5 3 1.896181    974 1.882353 0.992708    
5 18 18 18 5 4 1.870536    962 1.861111 0.994961    
5 19 19 19 5 5 1.851445    952 1.842105 0.994955    
5 20 20 20 5 6 1.845392    954 1.850000 1.002497    
5 21 21 21 5 7 1.816206    934 1.809524 0.996321    
5 22 22 22 5 8 1.815128    937 1.818182 1.001683    
5 23 23 23 5 9 1.792235    920 1.782609 0.994629    
5 24 24 24 5 10 1.757295    903 1.750000 0.995849    
5 25 25 25 5 11 1.748586    898 1.740000 0.995090    
5 26 26 26 5 12 1.748586    901 1.750000 1.000809    
5 27 27 27 5 13 1.738108    896 1.740741 1.001515    
5 28 28 28 5 14 1.713731    882 1.714286 1.000323    
5 29 29 29 5 15 1.692214    870 1.689655 0.998488    
5 30 30 30 5 16 1.683431    866 1.683333 0.999942    
5 31 31 31 5 17 1.680770    864 1.677419 0.998006    
5 32 33 33 5 18 1.661604    858 1.666667 1.003047    
5 34 35 35 5 19 1.640890    845 1.642857 1.001199    
5 36 37 37 5 20 1.616306    834 1.621622 1.003289    
5 38 39 39 5 21 1.602594    824 1.602564 0.999982    
5 40 41 41 5 22 1.575538    809 1.573171 0.998497    
5 42 43 43 5 23 1.553065    801 1.558140 1.003268    
5 44 45 45 5 24 1.534116    788 1.533333 0.999490    
5 46 47 47 5 25 1.526049    783 1.521277 0.996873    
5 48 49 49 5 26 1.505042    772 1.500000 0.996650    
5 50 51 51 5 27 1.497199    771 1.500000 1.001871    
5 52 53 53 5 28 1.487683    766 1.490566 1.001938    
5 54 55 55 5 29 1.472747    757 1.472727 0.999987    
5 56 57 57 5 30 1.468465    753 1.464912 0.997581    
5 58 59 59 5 31 1.450550    744 1.449153 0.999036    
5 60 61 61 5 32 1.439485    741 1.442623 1.002180    
5 62 64 63 5 33 1.431334    734 1.428571 0.998070    
5 65 67 66 5 34 1.424133    732 1.424242 1.000077    
5 68 70 69 5 35 1.410185    726 1.413043 1.002027    
5 71 73 72 5 36 1.398790    717 1.395833 0.997886    
5 74 76 75 5 37 1.384066    712 1.386667 1.001879    
5 77 79 78 5 38 1.381248    708 1.378205 0.997797    
5 80 82 81 5 39 1.367905    703 1.370370 1.001802    
5 83 85 84 5 40 1.358637    696 1.357143 0.998900    
5 86 88 87 5 41 1.349327    693 1.350575 1.000925    
5 89 91 90 5 42 1.345152    690 1.344444 0.999474    
5 92 94 93 5 43 1.340026    687 1.338710 0.999018    
5 95 97 96 5 44 1.328548    681 1.328125 0.999682    
5 98 100 99 5 45 1.326461    682 1.328283 1.001373    
5 101 103 102 5 46 1.323000    679 1.323529 1.000400    
5 104 109 107 5 47 1.311335    674 1.313084 1.001334    
5 110 115 113 5 48 1.301616    668 1.300885 0.999439    
5 116 121 119 5 49 1.299048    666 1.298319 0.999439    
5 122 127 125 5 50 1.287295    661 1.288000 1.000548    
5 128 133 131 5 51 1.283413    658 1.282443 0.999244    
5 134 139 137 5 52 1.280105    657 1.281022 1.000716    
5 140 145 143 5 53 1.271530    653 1.272727 1.000942    
5 146 151 149 5 54 1.269981    651 1.268456 0.998800    
5 152 157 155 5 55 1.265456    649 1.264516 0.999257    
5 158 163 161 5 56 1.264301    648 1.263975 0.999742    
5 164 169 167 5 57 1.258966    645 1.257485 0.998824    
5 170 175 173 5 58 1.256674    645 1.257225 1.000439    
5 176 181 179 5 59 1.253091    643 1.254190 1.000877    
5 182 187 185 5 60 1.248370    640 1.248649 1.000223    
5 188 193 191 5 61 1.244050    637 1.243455 0.999522    
5 194 254 224 5 62 1.236308    634 1.236607 1.000242    
5 255 255 255 5 63 1.228948    630 1.229412 1.000377    
6 0 0 0 6 0 1.000000    512 1.000000 1.000000       # ieta [7], pt 0
6 15 15 15 6 1 1.930574    998 1.933333 1.001429    
6 16 16 16 6 2 1.911119    985 1.906250 0.997452    
6 17 17 17 6 3 1.891519    973 1.882353 0.995154    
6 18 18 18 6 4 1.865938    961 1.861111 0.997413    
6 19 19 19 6 5 1.846894    951 1.842105 0.997407    
6 20 20 20 6 6 1.840855    954 1.850000 1.004968    
6 21 21 21 6 7 1.811741    933 1.809524 0.998776    
6 22 22 22 6 8 1.811666    937 1.818182 1.003596    
6 23 23 23 6 9 1.785050    918 1.782609 0.998633    
6 24 24 24 6 10 1.751858    901 1.750000 0.998939    
6 25 25 25 6 11 1.744306    897 1.740000 0.997531    
6 26 26 26 6 12 1.744306    901 1.750000 1.003264    
6 27 27 27 6 13 1.733855    896 1.740741 1.003972    
6 28 28 28 6 14 1.709538    882 1.714286 1.002777    
6 29 29 29 6 15 1.689408    870 1.689655 1.000146    
6 30 30 30 6 16 1.680639    866 1.683333 1.001603    
6 31 31 31 6 17 1.677983    863 1.677419 0.999664    
6 32 33 33 6 18 1.657345    851 1.651515 0.996482    
6 34 35 35 6 19 1.635568    839 1.628571 0.995722    
6 36 37 37 6 20 1.604908    827 1.608108 1.001994    
6 38 39 39 6 21 1.593886    818 1.589744 0.997401    
6 40 41 41 6 22 1.566977    804 1.560976 0.996170    
6 42 43 43 6 23 1.544626    795 1.546512 1.001221    
6 44 45 45 6 24 1.525781    783 1.522222 0.997668    
6 46 47 47 6 25 1.517757    782 1.521277 1.002319    
6 48 49 49 6 26 1.496865    771 1.500000 1.002095    
6 50 51 51 6 27 1.489064    765 1.490196 1.000761    
6 52 53 53 6 28 1.479600    761 1.481132 1.001036    
6 54 55 55 6 29 1.464745    752 1.463636 0.999243    
6 56 57 57 6 30 1.460486    749 1.456140 0.997025    
6 58 59 59 6 31 1.442669    740 1.440678 0.998620    
6 60 61 61 6 32 1.431664    737 1.434426 1.001930    
6 62 64 63 6 33 1.424480    730 1.420635 0.997301    
6 65 67 66 6 34 1.417777    728 1.416667 0.999217    
6 68 70 69 6 35 1.402866    722 1.405797 1.002090    
6 71 73 72 6 36 1.391023    713 1.388889 0.998466    
6 74 76 75 6 37 1.376381    705 1.373333 0.997786    
6 77 79 78 6 38 1.373579    704 1.371795 0.998701    
6 80 82 81 6 39 1.360309    697 1.358025 0.998320    
6 83 85 84 6 40 1.351093    693 1.351190 1.000072    
6 86 88 87 6 41 1.341835    688 1.339080 0.997947    
6 89 91 90 6 42 1.337683    687 1.338889 1.000902    
6 92 94 93 6 43 1.332585    684 1.333333 1.000561    
6 95 97 96 6 44 1.321171    679 1.322917 1.001321    
6 98 100 99 6 45 1.319096    676 1.318182 0.999307    
6 101 103 102 6 46 1.315654    674 1.313725 0.998534    
6 104 109 107 6 47 1.304301    669 1.303738 0.999569    
6 110 115 113 6 48 1.294204    663 1.292035 0.998325    
6 116 121 119 6 49 1.291650    662 1.289916 0.998657    
6 122 127 125 6 50 1.280212    657 1.280000 0.999835    
6 128 133 131 6 51 1.275481    654 1.274809 0.999473    
6 134 139 137 6 52 1.272194    654 1.273723 1.001201    
6 140 145 143 6 53 1.263671    648 1.262238 0.998865    
6 146 151 149 6 54 1.262132    647 1.261745 0.999693    
6 152 157 155 6 55 1.257635    645 1.258065 1.000341    
6 158 163 161 6 56 1.256487    645 1.257764 1.001016    
6 164 169 167 6 57 1.251185    642 1.251497 1.000250    
6 170 175 173 6 58 1.248907    640 1.248555 0.999718    
6 176 181 179 6 59 1.245346    639 1.245810 1.000372    
6 182 187 185 6 60 1.240655    636 1.240541 0.999908    
6 188 193 191 6 61 1.236484    633 1.235602 0.999287    
6 194 254 224 6 62 1.229034    630 1.229911 1.000713    
6 255 255 255 6 63 1.221717    626 1.221569 0.999878    
7 0 0 0 7 0 1.000000    512 1.000000 1.000000       # ieta [8], pt 0
7 15 15 15 7 1 1.927583    998 1.933333 1.002983    
7 16 16 16 7 2 1.908159    984 1.906250 0.999000    
7 17 17 17 7 3 1.888589    972 1.882353 0.996698    
7 18 18 18 7 4 1.863047    960 1.861111 0.998961    
7 19 19 19 7 5 1.844032    950 1.842105 0.998955    
7 20 20 20 7 6 1.838003    954 1.850000 1.006527    
7 21 21 21 7 7 1.808934    933 1.809524 1.000326    
7 22 22 22 7 8 1.808860    937 1.818182 1.005154    
7 23 23 23 7 9 1.782284    918 1.782609 1.000182    
7 24 24 24 7 10 1.749144    901 1.750000 1.000489    
7 25 25 25 7 11 1.741604    896 1.740000 0.999079    
7 26 26 26 7 12 1.741604    901 1.750000 1.004821    
7 27 27 27 7 13 1.731168    889 1.722222 0.994832    
7 28 28 28 7 14 1.706889    882 1.714286 1.004334    
7 29 29 29 7 15 1.686791    870 1.689655 1.001698    
7 30 30 30 7 16 1.678035    866 1.683333 1.003157    
7 31 31 31 7 17 1.675384    863 1.677419 1.001215    
7 32 33 33 7 18 1.654778    850 1.651515 0.998029    
7 34 35 35 7 19 1.633957    839 1.628571 0.996704    
7 36 37 37 7 20 1.604241    827 1.608108 1.002411    
7 38 39 39 7 21 1.593224    818 1.589744 0.997816    
7 40 41 41 7 22 1.566327    803 1.560976 0.996584    
7 42 43 43 7 23 1.543984    795 1.546512 1.001637    
7 44 45 45 7 24 1.525147    783 1.522222 0.998082    
7 46 47 47 7 25 1.517757    782 1.521277 1.002319    
7 48 49 49 7 26 1.496865    771 1.500000 1.002095    
7 50 51 51 7 27 1.489064    765 1.490196 1.000761    
7 52 53 53 7 28 1.479600    761 1.481132 1.001036    
7 54 55 55 7 29 1.464745    752 1.463636 0.999243    
7 56 57 57 7 30 1.460486    749 1.456140 0.997025    
7 58 59 59 7 31 1.442669    740 1.440678 0.998620    
7 60 61 61 7 32 1.431664    737 1.434426 1.001930    
7 62 64 63 7 33 1.424480    730 1.420635 0.997301    
7 65 67 66 7 34 1.417777    728 1.416667 0.999217    
7 68 70 69 7 35 1.403469    722 1.405797 1.001659    
7 71 73 72 7 36 1.391919    713 1.388889 0.997823    
7 74 76 75 7 37 1.377268    708 1.380000 1.001984    
7 77 79 78 7 38 1.374464    704 1.371795 0.998058    
7 80 82 81 7 39 1.361186    700 1.364198 1.002212    
7 83 85 84 7 40 1.351964    693 1.351190 0.999428    
7 86 88 87 7 41 1.342699    690 1.344828 1.001585    
7 89 91 90 7 42 1.338545    687 1.338889 1.000257    
7 92 94 93 7 43 1.333444    684 1.333333 0.999917    
7 95 97 96 7 44 1.322022    679 1.322917 1.000677    
7 98 100 99 7 45 1.319946    676 1.318182 0.998664    
7 101 103 102 7 46 1.316502    677 1.318627 1.001614    
7 104 109 107 7 47 1.305141    669 1.303738 0.998925    
7 110 115 113 7 48 1.294532    665 1.296460 1.001490    
7 116 121 119 7 49 1.292483    664 1.294118 1.001265    
7 122 127 125 7 50 1.281037    657 1.280000 0.999191    
7 128 133 131 7 51 1.276303    654 1.274809 0.998829    
7 134 139 137 7 52 1.273014    654 1.273723 1.000557    
7 140 145 143 7 53 1.264486    649 1.265734 1.000987    
7 146 151 149 7 54 1.262945    647 1.261745 0.999050    
7 152 157 155 7 55 1.258445    645 1.258065 0.999697    
7 158 163 161 7 56 1.257297    645 1.257764 1.000372    
7 164 169 167 7 57 1.251991    642 1.251497 0.999605    
7 170 175 173 7 58 1.249712    640 1.248555 0.999074    
7 176 181 179 7 59 1.246149    639 1.245810 0.999728    
7 182 187 185 7 60 1.241454    636 1.240541 0.999264    
7 188 193 191 7 61 1.237281    635 1.238220 1.000759    
7 194 254 224 7 62 1.229826    630 1.229911 1.000069    
7 255 255 255 7 63 1.222505    626 1.221569 0.999234    
8 0 0 0 8 0 1.000000    512 1.000000 1.000000       # ieta [9], pt 0
8 15 15 15 8 1 1.890621    981 1.900000 1.004961    
8 16 16 16 8 2 1.877277    968 1.875000 0.998787    
8 17 17 17 8 3 1.868595    971 1.882353 1.007363    
8 18 18 18 8 4 1.843325    948 1.833333 0.994580    
8 19 19 19 8 5 1.815857    937 1.815789 0.999963    
8 20 20 20 8 6 1.809920    930 1.800000 0.994519    
8 21 21 21 8 7 1.781295    921 1.785714 1.002481    
8 22 22 22 8 8 1.781583    916 1.772727 0.995030    
8 23 23 23 8 9 1.754345    907 1.760870 1.003719    
8 24 24 24 8 10 1.753893    902 1.750000 0.997781    
8 25 25 25 8 11 1.720784    886 1.720000 0.999544    
8 26 26 26 8 12 1.720784    884 1.711538 0.994627    
8 27 27 27 8 13 1.710474    878 1.703704 0.996042    
8 28 28 28 8 14 1.686446    866 1.678571 0.995331    
8 29 29 29 8 15 1.666589    861 1.672414 1.003495    
8 30 30 30 8 16 1.657938    851 1.650000 0.995212    
8 31 31 31 8 17 1.655318    855 1.661290 1.003608    
8 32 33 33 8 18 1.635599    842 1.636364 1.000467    
8 34 35 35 8 19 1.614306    830 1.614286 0.999987    
8 36 37 37 8 20 1.593106    820 1.594595 1.000935    
8 38 39 39 8 21 1.577768    811 1.576923 0.999465    
8 40 41 41 8 22 1.548502    796 1.548780 1.000180    
8 42 43 43 8 23 1.525608    783 1.523256 0.998459    
8 44 45 45 8 24 1.506994    777 1.511111 1.002732    
8 46 47 47 8 25 1.499692    771 1.500000 1.000205    
8 48 49 49 8 26 1.479049    760 1.479592 1.000367    
8 50 51 51 8 27 1.471340    755 1.470588 0.999489    
8 52 53 53 8 28 1.459393    751 1.462264 1.001968    
8 54 55 55 8 29 1.449633    743 1.445455 0.997117    
8 56 57 57 8 30 1.445418    744 1.447368 1.001349    
8 58 59 59 8 31 1.427785    732 1.423729 0.997159    
8 60 61 61 8 32 1.416894    729 1.418033 1.000804    
8 62 64 63 8 33 1.410200    726 1.412698 1.001772    
8 65 67 66 8 34 1.403772    720 1.401515 0.998393    
8 68 70 69 8 35 1.389605    715 1.391304 1.001223    
8 71 73 72 8 36 1.378170    706 1.375000 0.997700    
8 74 76 75 8 37 1.363663    702 1.366667 1.002203    
8 77 79 78 8 38 1.360887    698 1.358974 0.998595    
8 80 82 81 8 39 1.347740    691 1.345679 0.998471    
8 83 85 84 8 40 1.338609    687 1.339286 1.000506    
8 86 88 87 8 41 1.329436    681 1.327586 0.998609    
8 89 91 90 8 42 1.325323    681 1.327778 1.001853    
8 92 94 93 8 43 1.319619    676 1.317204 0.998170    
8 95 97 96 8 44 1.309988    673 1.312500 1.001917    
8 98 100 99 8 45 1.307061    671 1.308081 1.000780    
8 101 103 102 8 46 1.303651    669 1.303922 1.000207    
8 104 109 107 8 47 1.292889    664 1.294393 1.001163    
8 110 115 113 8 48 1.282864    658 1.283186 1.000251    
8 116 121 119 8 49 1.280834    658 1.281513 1.000530    
8 122 127 125 8 50 1.270059    653 1.272000 1.001529    
8 128 133 131 8 51 1.267030    650 1.267176 1.000115    
8 134 139 137 8 52 1.263765    648 1.262774 0.999216    
8 140 145 143 8 53 1.255299    644 1.255245 0.999957    
8 146 151 149 8 54 1.253770    644 1.255034 1.001008    
8 152 157 155 8 55 1.249302    640 1.248387 0.999267    
8 158 163 161 8 56 1.248162    640 1.248447 1.000229    
8 164 169 167 8 57 1.242895    637 1.242515 0.999694    
8 170 175 173 8 58 1.240632    636 1.239884 0.999397    
8 176 181 179 8 59 1.237095    634 1.237430 1.000271    
8 182 187 185 8 60 1.232435    632 1.232432 0.999998    
8 188 193 191 8 61 1.228291    629 1.227749 0.999558    
8 194 254 224 8 62 1.221096    626 1.220982 0.999907    
8 255 255 255 8 63 1.214069    622 1.213725 0.999717    
9 0 0 0 9 0 1.000000    512 1.000000 1.000000       # ieta [10], pt 0
9 15 15 15 9 1 1.941360    1000 1.933333 0.995865    
9 16 16 16 9 2 1.921784    987 1.906250 0.991917    
9 17 17 17 9 3 1.900271    986 1.911765 1.006048    
9 18 18 18 9 4 1.874571    963 1.861111 0.992820    
9 19 19 19 9 5 1.852546    952 1.842105 0.994364    
9 20 20 20 9 6 1.846326    954 1.850000 1.001990    
9 21 21 21 9 7 1.819279    935 1.809524 0.994638    
9 22 22 22 9 8 1.816339    937 1.818182 1.001014    
9 23 23 23 9 9 1.788570    919 1.782609 0.996667    
9 24 24 24 9 10 1.755313    902 1.750000 0.996973    
9 25 25 25 9 11 1.745999    897 1.740000 0.996564    
9 26 26 26 9 12 1.733938    891 1.730769 0.998173    
9 27 27 27 9 13 1.728610    888 1.722222 0.996305    
9 28 28 28 9 14 1.704328    875 1.696429 0.995365    
9 29 29 29 9 15 1.684260    870 1.689655 1.003203    
9 30 30 30 9 16 1.675518    866 1.683333 1.004665    
9 31 31 31 9 17 1.672870    863 1.677419 1.002720    
9 32 33 33 9 18 1.652066    850 1.651515 0.999667    
9 34 35 35 9 19 1.631690    838 1.628571 0.998089    
9 36 37 37 9 20 1.606437    827 1.608108 1.001040    
9 38 39 39 9 21 1.590145    817 1.589744 0.999748    
9 40 41 41 9 22 1.560648    803 1.560976 1.000210    
9 42 43 43 9 23 1.538387    789 1.534884 0.997723    
9 44 45 45 9 24 1.519618    783 1.522222 1.001714    
9 46 47 47 9 25 1.512255    776 1.510638 0.998931    
9 48 49 49 9 26 1.491438    765 1.489796 0.998899    
9 50 51 51 9 27 1.483665    761 1.480392 0.997794    
9 52 53 53 9 28 1.471617    756 1.471698 1.000055    
9 54 55 55 9 29 1.459545    752 1.463636 1.002803    
9 56 57 57 9 30 1.455301    748 1.456140 1.000577    
9 58 59 59 9 31 1.437547    740 1.440678 1.002178    
9 60 61 61 9 32 1.426581    733 1.426230 0.999754    
9 62 64 63 9 33 1.419435    730 1.420635 1.000845    
9 65 67 66 9 34 1.412762    724 1.409091 0.997402    
9 68 70 69 9 35 1.398504    718 1.398551 1.000033    
9 71 73 72 9 36 1.386996    713 1.388889 1.001365    
9 74 76 75 9 37 1.372396    705 1.373333 1.000683    
9 77 79 78 9 38 1.369602    704 1.371795 1.001601    
9 80 82 81 9 39 1.356371    697 1.358025 1.001219    
9 83 85 84 9 40 1.347182    690 1.345238 0.998557    
9 86 88 87 9 41 1.337950    687 1.339080 1.000845    
9 89 91 90 9 42 1.333810    684 1.333333 0.999642    
9 92 94 93 9 43 1.328070    681 1.327957 0.999915    
9 95 97 96 9 44 1.318378    676 1.317708 0.999492    
9 98 100 99 9 45 1.315432    674 1.313131 0.998251    
9 101 103 102 9 46 1.312000    674 1.313725 1.001315    
9 104 109 107 9 47 1.301169    667 1.299065 0.998384    
9 110 115 113 9 48 1.291080    663 1.292035 1.000740    
9 116 121 119 9 49 1.289037    662 1.289916 1.000682    
9 122 127 125 9 50 1.277696    655 1.276000 0.998672    
9 128 133 131 9 51 1.274155    654 1.274809 1.000514    
9 134 139 137 9 52 1.270871    652 1.270073 0.999372    
9 140 145 143 9 53 1.262357    648 1.262238 0.999905    
9 146 151 149 9 54 1.260819    647 1.261745 1.000734    
9 152 157 155 9 55 1.256327    644 1.254839 0.998815    
9 158 163 161 9 56 1.255180    643 1.254658 0.999584    
9 164 169 167 9 57 1.249884    640 1.248503 0.998895    
9 170 175 173 9 58 1.247608    640 1.248555 1.000759    
9 176 181 179 9 59 1.244051    637 1.243017 0.999168    
9 182 187 185 9 60 1.239364    636 1.240541 1.000949    
9 188 193 191 9 61 1.235141    633 1.235602 1.000373    
9 194 254 224 9 62 1.227665    629 1.227679 1.000011    
9 255 255 255 9 63 1.220450    625 1.219608 0.999310    
10 0 0 0 10 0 1.000000    512 1.000000 1.000000       # ieta [11], pt 0
10 15 15 15 10 1 1.938670    999 1.933333 0.997247    
10 16 16 16 10 2 1.919120    987 1.906250 0.993294    
10 17 17 17 10 3 1.897638    986 1.911765 1.007445    
10 18 18 18 10 4 1.871973    963 1.861111 0.994198    
10 19 19 19 10 5 1.849979    952 1.842105 0.995744    
10 20 20 20 10 6 1.843768    954 1.850000 1.003380    
10 21 21 21 10 7 1.816758    934 1.809524 0.996018    
10 22 22 22 10 8 1.813822    937 1.818182 1.002403    
10 23 23 23 10 9 1.787342    919 1.782609 0.997352    
10 24 24 24 10 10 1.754108    902 1.750000 0.997658    
10 25 25 25 10 11 1.744801    897 1.740000 0.997249    
10 26 26 26 10 12 1.734048    891 1.730769 0.998109    
10 27 27 27 10 13 1.728720    888 1.722222 0.996241    
10 28 28 28 10 14 1.705549    882 1.714286 1.005122    
10 29 29 29 10 15 1.685467    870 1.689655 1.002485    
10 30 30 30 10 16 1.676718    866 1.683333 1.003945    
10 31 31 31 10 17 1.674068    863 1.677419 1.002002    
10 32 33 33 10 18 1.655300    850 1.651515 0.997714    
10 34 35 35 10 19 1.635812    845 1.642857 1.004307    
10 36 37 37 10 20 1.609963    827 1.608108 0.998848    
10 38 39 39 10 21 1.594750    818 1.589744 0.996860    
10 40 41 41 10 22 1.566280    803 1.560976 0.996613    
10 42 43 43 10 23 1.543939    795 1.546512 1.001666    
10 44 45 45 10 24 1.525102    783 1.522222 0.998112    
10 46 47 47 10 25 1.517960    782 1.521277 1.002185    
10 48 49 49 10 26 1.497311    771 1.500000 1.001796    
10 50 51 51 10 27 1.489508    765 1.490196 1.000462    
10 52 53 53 10 28 1.477412    761 1.481132 1.002518    
10 54 55 55 10 29 1.465292    752 1.463636 0.998870    
10 56 57 57 10 30 1.461031    753 1.464912 1.002656    
10 58 59 59 10 31 1.443208    740 1.440678 0.998247    
10 60 61 61 10 32 1.432199    737 1.434426 1.001555    
10 62 64 63 10 33 1.425025    734 1.428571 1.002489    
10 65 67 66 10 34 1.418325    728 1.416667 0.998831    
10 68 70 69 10 35 1.404012    722 1.405797 1.001272    
10 71 73 72 10 36 1.392458    717 1.395833 1.002424    
10 74 76 75 10 37 1.377801    708 1.380000 1.001596    
10 77 79 78 10 38 1.374996    704 1.371795 0.997672    
10 80 82 81 10 39 1.361712    700 1.364198 1.001825    
10 83 85 84 10 40 1.352487    693 1.351190 0.999042    
10 86 88 87 10 41 1.343219    690 1.344828 1.001198    
10 89 91 90 10 42 1.339063    687 1.338889 0.999870    
10 92 94 93 10 43 1.333300    684 1.333333 1.000025    
10 95 97 96 10 44 1.323569    679 1.322917 0.999507    
10 98 100 99 10 45 1.320612    677 1.318182 0.998160    
10 101 103 102 10 46 1.318033    677 1.318627 1.000451    
10 104 109 107 10 47 1.309903    671 1.308411 0.998861    
10 110 115 113 10 48 1.299747    668 1.300885 1.000875    
10 116 121 119 10 49 1.297690    666 1.298319 1.000485    
10 122 127 125 10 50 1.286274    661 1.288000 1.001342    
10 128 133 131 10 51 1.282708    658 1.282443 0.999793    
10 134 139 137 10 52 1.279402    657 1.281022 1.001266    
10 140 145 143 10 53 1.270831    651 1.269231 0.998741    
10 146 151 149 10 54 1.269283    651 1.268456 0.999349    
10 152 157 155 10 55 1.264692    649 1.264516 0.999861    
10 158 163 161 10 56 1.263192    648 1.263975 1.000620    
10 164 169 167 10 57 1.257862    645 1.257485 0.999701    
10 170 175 173 10 58 1.255572    643 1.254335 0.999015    
10 176 181 179 10 59 1.251992    642 1.251397 0.999524    
10 182 187 185 10 60 1.247275    639 1.245946 0.998934    
10 188 193 191 10 61 1.243025    637 1.243455 1.000346    
10 194 254 224 10 62 1.235632    634 1.236607 1.000789    
10 255 255 255 10 63 1.228240    629 1.227451 0.999358    
11 0 0 0 11 0 1.000000    512 1.000000 1.000000       # ieta [12], pt 0
11 15 15 15 11 1 1.935558    999 1.933333 0.998850    
11 16 16 16 11 2 1.916041    986 1.906250 0.994890    
11 17 17 17 11 3 1.894592    974 1.882353 0.993540    
11 18 18 18 11 4 1.868969    962 1.861111 0.995796    
11 19 19 19 11 5 1.847010    951 1.842105 0.997344    
11 20 20 20 11 6 1.838479    954 1.850000 1.006267    
11 21 21 21 11 7 1.811546    933 1.809524 0.998884    
11 22 22 22 11 8 1.816655    937 1.818182 1.000840    
11 23 23 23 11 9 1.790133    920 1.782609 0.995797    
11 24 24 24 11 10 1.752483    902 1.750000 0.998583    
11 25 25 25 11 11 1.743185    897 1.740000 0.998173    
11 26 26 26 11 12 1.732442    891 1.730769 0.999034    
11 27 27 27 11 13 1.727119    888 1.722222 0.997165    
11 28 28 28 11 14 1.703969    875 1.696429 0.995575    
11 29 29 29 11 15 1.683905    870 1.689655 1.003415    
11 30 30 30 11 16 1.672648    859 1.666667 0.996424    
11 31 31 31 11 17 1.670004    863 1.677419 1.004440    
11 32 33 33 11 18 1.655006    850 1.651515 0.997891    
11 34 35 35 11 19 1.636512    845 1.642857 1.003877    
11 36 37 37 11 20 1.610652    827 1.608108 0.998420    
11 38 39 39 11 21 1.595433    818 1.589744 0.996434    
11 40 41 41 11 22 1.566951    804 1.560976 0.996187    
11 42 43 43 11 23 1.544600    795 1.546512 1.001238    
11 44 45 45 11 24 1.525755    783 1.522222 0.997685    
11 46 47 47 11 25 1.518610    782 1.521277 1.001756    
11 48 49 49 11 26 1.497618    771 1.500000 1.001591    
11 50 51 51 11 27 1.489813    765 1.490196 1.000257    
11 52 53 53 11 28 1.478983    761 1.481132 1.001453    
11 54 55 55 11 29 1.466849    753 1.463636 0.997810    
11 56 57 57 11 30 1.463549    753 1.464912 1.000931    
11 58 59 59 11 31 1.447571    744 1.449153 1.001092    
11 60 61 61 11 32 1.437668    737 1.434426 0.997745    
11 62 64 63 11 33 1.431606    734 1.428571 0.997880    
11 65 67 66 11 34 1.425955    732 1.424242 0.998799    
11 68 70 69 11 35 1.411565    726 1.413043 1.001047    
11 71 73 72 11 36 1.399949    720 1.402778 1.002021    
11 74 76 75 11 37 1.385213    712 1.386667 1.001050    
11 77 79 78 11 38 1.383458    711 1.384615 1.000837    
11 80 82 81 11 39 1.372795    703 1.370370 0.998234    
11 83 85 84 11 40 1.366343    702 1.369048 1.001979    
11 86 88 87 11 41 1.357822    696 1.356322 0.998895    
11 89 91 90 11 42 1.353621    696 1.355556 1.001429    
11 92 94 93 11 43 1.346746    690 1.344086 0.998025    
11 95 97 96 11 44 1.336536    687 1.338542 1.001501    
11 98 100 99 11 45 1.332787    684 1.333333 1.000410    
11 101 103 102 11 46 1.330184    682 1.328431 0.998682    
11 104 109 107 11 47 1.324815    681 1.327103 1.001727    
11 110 115 113 11 48 1.317014    677 1.318584 1.001192    
11 116 121 119 11 49 1.314929    675 1.315126 1.000150    
11 122 127 125 11 50 1.299606    667 1.300000 1.000303    
11 128 133 131 11 51 1.296003    666 1.297710 1.001317    
11 134 139 137 11 52 1.293133    663 1.291971 0.999101    
11 140 145 143 11 53 1.286157    660 1.286713 1.000433    
11 146 151 149 11 54 1.282086    658 1.281879 0.999839    
11 152 157 155 11 55 1.276259    655 1.277419 1.000909    
11 158 163 161 11 56 1.274746    653 1.273292 0.998860    
11 164 169 167 11 57 1.269366    651 1.269461 1.000075    
11 170 175 173 11 58 1.267056    649 1.265896 0.999085    
11 176 181 179 11 59 1.263443    647 1.262570 0.999309    
11 182 187 185 11 60 1.258683    646 1.259459 1.000617    
11 188 193 191 11 61 1.254394    643 1.253927 0.999627    
11 194 254 224 11 62 1.246933    639 1.247768 1.000670    
11 255 255 255 11 63 1.239474    635 1.239216 0.999792    
12 0 0 0 12 0 1.000000    512 1.000000 1.000000       # ieta [13], pt 0
12 15 15 15 12 1 1.989283    2042 2.000000 1.005387    
12 16 16 16 12 2 1.974815    1017 1.968750 0.996929    
12 17 17 17 12 3 1.945514    1002 1.941176 0.997771    
12 18 18 18 12 4 1.920997    989 1.916667 0.997746    
12 19 19 19 12 5 1.898502    978 1.894737 0.998017    
12 20 20 20 12 6 1.882919    968 1.875000 0.995794    
12 21 21 21 12 7 1.853862    957 1.857143 1.001769    
12 22 22 22 12 8 1.849710    951 1.840909 0.995242    
12 23 23 23 12 9 1.823792    941 1.826087 1.001259    
12 24 24 24 12 10 1.789880    923 1.791667 1.000998    
12 25 25 25 12 11 1.780383    917 1.780000 0.999785    
12 26 26 26 12 12 1.770364    911 1.769231 0.999360    
12 27 27 27 12 13 1.764924    907 1.759259 0.996790    
12 28 28 28 12 14 1.740685    893 1.732143 0.995093    
12 29 29 29 12 15 1.715364    880 1.706897 0.995064    
12 30 30 30 12 16 1.699498    875 1.700000 1.000295    
12 31 31 31 12 17 1.696813    872 1.693548 0.998076    
12 32 33 33 12 18 1.675823    865 1.681818 1.003578    
12 34 35 35 12 19 1.651910    852 1.657143 1.003167    
12 36 37 37 12 20 1.625162    835 1.621622 0.997822    
12 38 39 39 12 21 1.611087    831 1.615385 1.002667    
12 40 41 41 12 22 1.580939    815 1.585366 1.002800    
12 42 43 43 12 23 1.559290    801 1.558140 0.999262    
12 44 45 45 12 24 1.541162    794 1.544444 1.002130    
12 46 47 47 12 25 1.533532    787 1.531915 0.998946    
12 48 49 49 12 26 1.511922    776 1.510204 0.998863    
12 50 51 51 12 27 1.503163    771 1.500000 0.997896    
12 52 53 53 12 28 1.492235    766 1.490566 0.998881    
12 54 55 55 12 29 1.478722    761 1.481818 1.002094    
12 56 57 57 12 30 1.475396    757 1.473684 0.998840    
12 58 59 59 12 31 1.459259    749 1.457627 0.998882    
12 60 61 61 12 32 1.448221    745 1.450820 1.001794    
12 62 64 63 12 33 1.441032    742 1.444444 1.002368    
12 65 67 66 12 34 1.434803    735 1.431818 0.997920    
12 68 70 69 12 35 1.420323    729 1.420290 0.999976    
12 71 73 72 12 36 1.410658    724 1.409722 0.999337    
12 74 76 75 12 37 1.396821    719 1.400000 1.002276    
12 77 79 78 12 38 1.395051    717 1.397436 1.001709    
12 80 82 81 12 39 1.384299    710 1.382716 0.998857    
12 83 85 84 12 40 1.377793    706 1.375000 0.997973    
12 86 88 87 12 41 1.372339    705 1.373563 1.000892    
12 89 91 90 12 42 1.369671    704 1.372222 1.001863    
12 92 94 93 12 43 1.363466    701 1.365591 1.001559    
12 95 97 96 12 44 1.354626    695 1.354167 0.999661    
12 98 100 99 12 45 1.350825    692 1.348485 0.998267    
12 101 103 102 12 46 1.348188    692 1.348039 0.999890    
12 104 109 107 12 47 1.342740    688 1.341121 0.998794    
12 110 115 113 12 48 1.339215    688 1.340708 1.001115    
12 116 121 119 12 49 1.337161    686 1.336134 0.999232    
12 122 127 125 12 50 1.328375    681 1.328000 0.999718    
12 128 133 131 12 51 1.322794    680 1.324427 1.001235    
12 134 139 137 12 52 1.313372    674 1.313869 1.000378    
12 140 145 143 12 53 1.305301    669 1.304196 0.999153    
12 146 151 149 12 54 1.302756    668 1.302013 0.999430    
12 152 157 155 12 55 1.298422    667 1.300000 1.001215    
12 158 163 161 12 56 1.296883    666 1.298137 1.000967    
12 164 169 167 12 57 1.291410    662 1.290419 0.999233    
12 170 175 173 12 58 1.289059    661 1.289017 0.999968    
12 176 181 179 12 59 1.285384    659 1.284916 0.999636    
12 182 187 185 12 60 1.280175    657 1.281081 1.000708    
12 188 193 191 12 61 1.276963    655 1.277487 1.000410    
12 194 254 224 12 62 1.267964    650 1.267857 0.999916    
12 255 255 255 12 63 1.260265    646 1.260784 1.000412    
13 0 0 0 13 0 1.000000    512 1.000000 1.000000       # ieta [14], pt 0
13 15 15 15 13 1 1.992877    2044 2.000000 1.003574    
13 16 16 16 13 2 1.978382    1018 1.968750 0.995131    
13 17 17 17 13 3 1.949028    1003 1.941176 0.995971    
13 18 18 18 13 4 1.924468    990 1.916667 0.995946    
13 19 19 19 13 5 1.901932    978 1.894737 0.996217    
13 20 20 20 13 6 1.886321    969 1.875000 0.993999    
13 21 21 21 13 7 1.857212    957 1.857143 0.999963    
13 22 22 22 13 8 1.853051    960 1.863636 1.005712    
13 23 23 23 13 9 1.827087    941 1.826087 0.999453    
13 24 24 24 13 10 1.793114    923 1.791667 0.999193    
13 25 25 25 13 11 1.783599    917 1.780000 0.997982    
13 26 26 26 13 12 1.770364    911 1.769231 0.999360    
13 27 27 27 13 13 1.764924    907 1.759259 0.996790    
13 28 28 28 13 14 1.740685    893 1.732143 0.995093    
13 29 29 29 13 15 1.715364    880 1.706897 0.995064    
13 30 30 30 13 16 1.699498    875 1.700000 1.000295    
13 31 31 31 13 17 1.696813    872 1.693548 0.998076    
13 32 33 33 13 18 1.675823    865 1.681818 1.003578    
13 34 35 35 13 19 1.651910    852 1.657143 1.003167    
13 36 37 37 13 20 1.625162    835 1.621622 0.997822    
13 38 39 39 13 21 1.611087    831 1.615385 1.002667    
13 40 41 41 13 22 1.580939    815 1.585366 1.002800    
13 42 43 43 13 23 1.559290    801 1.558140 0.999262    
13 44 45 45 13 24 1.541162    794 1.544444 1.002130    
13 46 47 47 13 25 1.533532    787 1.531915 0.998946    
13 48 49 49 13 26 1.511922    776 1.510204 0.998863    
13 50 51 51 13 27 1.503163    771 1.500000 0.997896    
13 52 53 53 13 28 1.492235    766 1.490566 0.998881    
13 54 55 55 13 29 1.478722    761 1.481818 1.002094    
13 56 57 57 13 30 1.475396    757 1.473684 0.998840    
13 58 59 59 13 31 1.459259    749 1.457627 0.998882    
13 60 61 61 13 32 1.448221    745 1.450820 1.001794    
13 62 64 63 13 33 1.441032    742 1.444444 1.002368    
13 65 67 66 13 34 1.434803    735 1.431818 0.997920    
13 68 70 69 13 35 1.420323    729 1.420290 0.999976    
13 71 73 72 13 36 1.410658    724 1.409722 0.999337    
13 74 76 75 13 37 1.396821    719 1.400000 1.002276    
13 77 79 78 13 38 1.395051    717 1.397436 1.001709    
13 80 82 81 13 39 1.384299    710 1.382716 0.998857    
13 83 85 84 13 40 1.377793    706 1.375000 0.997973    
13 86 88 87 13 41 1.372339    705 1.373563 1.000892    
13 89 91 90 13 42 1.369671    704 1.372222 1.001863    
13 92 94 93 13 43 1.363466    701 1.365591 1.001559    
13 95 97 96 13 44 1.354626    695 1.354167 0.999661    
13 98 100 99 13 45 1.350825    692 1.348485 0.998267    
13 101 103 102 13 46 1.349412    692 1.348039 0.998983    
13 104 109 107 13 47 1.346564    691 1.345794 0.999428    
13 110 115 113 13 48 1.342600    688 1.340708 0.998591    
13 116 121 119 13 49 1.340541    688 1.340336 0.999847    
13 122 127 125 13 50 1.331733    683 1.332000 1.000201    
13 128 133 131 13 51 1.326138    680 1.324427 0.998710    
13 134 139 137 13 52 1.316692    676 1.317518 1.000627    
13 140 145 143 13 53 1.308601    671 1.307692 0.999306    
13 146 151 149 13 54 1.306049    670 1.305369 0.999479    
13 152 157 155 13 55 1.301705    668 1.303226 1.001169    
13 158 163 161 13 56 1.300161    667 1.301242 1.000831    
13 164 169 167 13 57 1.294675    663 1.293413 0.999026    
13 170 175 173 13 58 1.292318    662 1.291908 0.999683    
13 176 181 179 13 59 1.288633    660 1.287709 0.999283    
13 182 187 185 13 60 1.283411    658 1.283784 1.000290    
13 188 193 191 13 61 1.280191    656 1.280105 0.999932    
13 194 254 224 13 62 1.271138    651 1.270089 0.999175    
13 255 255 255 13 63 1.263451    647 1.262745 0.999442    
14 0 0 0 14 0 1.000000    512 1.000000 1.000000       # ieta [15], pt 0
14 15 15 15 14 1 1.837328    948 1.833333 0.997826    
14 16 16 16 14 2 1.822504    938 1.812500 0.994511    
14 17 17 17 14 3 1.802033    928 1.794118 0.995607    
14 18 18 18 14 4 1.783934    919 1.777778 0.996549    
14 19 19 19 14 5 1.771698    912 1.763158 0.995180    
14 20 20 20 14 6 1.774167    915 1.775000 1.000470    
14 21 21 21 14 7 1.763690    909 1.761905 0.998988    
14 22 22 22 14 8 1.757496    903 1.750000 0.995735    
14 23 23 23 14 9 1.738532    896 1.739130 1.000344    
14 24 24 24 14 10 1.715079    882 1.708333 0.996067    
14 25 25 25 14 11 1.705978    877 1.700000 0.996496    
14 26 26 26 14 12 1.700801    873 1.692308 0.995006    
14 27 27 27 14 13 1.702345    877 1.703704 1.000798    
14 28 28 28 14 14 1.683110    865 1.678571 0.997304    
14 29 29 29 14 15 1.666438    861 1.672414 1.003586    
14 30 30 30 14 16 1.659523    858 1.666667 1.004305    
14 31 31 31 14 17 1.660433    855 1.661290 1.000516    
14 32 33 33 14 18 1.652365    850 1.651515 0.999486    
14 34 35 35 14 19 1.638037    845 1.642857 1.002943    
14 36 37 37 14 20 1.618262    834 1.621622 1.002076    
14 38 39 39 14 21 1.606363    825 1.602564 0.997635    
14 40 41 41 14 22 1.577656    809 1.573171 0.997157    
14 42 43 43 14 23 1.556052    801 1.558140 1.001342    
14 44 45 45 14 24 1.537960    789 1.533333 0.996991    
14 46 47 47 14 25 1.530346    787 1.531915 1.001025    
14 48 49 49 14 26 1.508782    776 1.510204 1.000942    
14 50 51 51 14 27 1.500919    771 1.500000 0.999388    
14 52 53 53 14 28 1.490008    766 1.490566 1.000375    
14 54 55 55 14 29 1.476515    757 1.472727 0.997435    
14 56 57 57 14 30 1.473193    757 1.473684 1.000333    
14 58 59 59 14 31 1.457080    749 1.457627 1.000375    
14 60 61 61 14 32 1.447083    745 1.450820 1.002582    
14 62 64 63 14 33 1.440707    742 1.444444 1.002594    
14 65 67 66 14 34 1.434883    735 1.431818 0.997864    
14 68 70 69 14 35 1.420403    729 1.420290 0.999921    
14 71 73 72 14 36 1.410737    724 1.409722 0.999281    
14 74 76 75 14 37 1.396899    719 1.400000 1.002220    
14 77 79 78 14 38 1.395129    717 1.397436 1.001653    
14 80 82 81 14 39 1.384376    710 1.382716 0.998801    
14 83 85 84 14 40 1.377870    706 1.375000 0.997917    
14 86 88 87 14 41 1.372416    705 1.373563 1.000836    
14 89 91 90 14 42 1.369748    704 1.372222 1.001807    
14 92 94 93 14 43 1.363542    701 1.365591 1.001503    
14 95 97 96 14 44 1.354701    695 1.354167 0.999605    
14 98 100 99 14 45 1.350901    692 1.348485 0.998212    
14 101 103 102 14 46 1.349532    692 1.348039 0.998894    
14 104 109 107 14 47 1.346774    691 1.345794 0.999273    
14 110 115 113 14 48 1.342809    688 1.340708 0.998435    
14 116 121 119 14 49 1.340750    688 1.340336 0.999691    
14 122 127 125 14 50 1.332822    683 1.332000 0.999383    
14 128 133 131 14 51 1.327636    682 1.328244 1.000458    
14 134 139 137 14 52 1.319715    678 1.321168 1.001101    
14 140 145 143 14 53 1.311605    673 1.311189 0.999682    
14 146 151 149 14 54 1.309048    671 1.308725 0.999753    
14 152 157 155 14 55 1.304693    668 1.303226 0.998875    
14 158 163 161 14 56 1.303146    669 1.304348 1.000922    
14 164 169 167 14 57 1.297647    665 1.296407 0.999045    
14 170 175 173 14 58 1.295285    664 1.294798 0.999624    
14 176 181 179 14 59 1.291592    662 1.290503 0.999157    
14 182 187 185 14 60 1.286358    660 1.286486 1.000100    
14 188 193 191 14 61 1.283088    658 1.282723 0.999715    
14 194 254 224 14 62 1.273632    653 1.274554 1.000723    
14 255 255 255 14 63 1.265933    649 1.266667 1.000580    
15 0 0 0 15 0 1.000000    512 1.000000 1.000000       # ieta [16], pt 0
15 15 15 15 15 1 1.744755    899 1.733333 0.993454    
15 16 16 16 15 2 1.732761    891 1.718750 0.991914    
15 17 17 17 15 3 1.707405    881 1.705882 0.999108    
15 18 18 18 15 4 1.690256    875 1.694444 1.002478    
15 19 19 19 15 5 1.709633    883 1.710526 1.000522    
15 20 20 20 15 6 1.714052    890 1.725000 1.006387    
15 21 21 21 15 7 1.716354    884 1.714286 0.998795    
15 22 22 22 15 8 1.709271    880 1.704545 0.997235    
15 23 23 23 15 9 1.690828    874 1.695652 1.002853    
15 24 24 24 15 10 1.677899    869 1.687500 1.005722    
15 25 25 25 15 11 1.668996    857 1.660000 0.994610    
15 26 26 26 15 12 1.668996    862 1.673077 1.002445    
15 27 27 27 15 13 1.665618    858 1.666667 1.000629    
15 28 28 28 15 14 1.646798    847 1.642857 0.997607    
15 29 29 29 15 15 1.630487    843 1.637931 1.004566    
15 30 30 30 15 16 1.630802    841 1.633333 1.001552    
15 31 31 31 15 17 1.644985    847 1.645161 1.000107    
15 32 33 33 15 18 1.637168    842 1.636364 0.999509    
15 34 35 35 15 19 1.623853    838 1.628571 1.002906    
15 36 37 37 15 20 1.607067    827 1.608108 1.000648    
15 38 39 39 15 21 1.603266    824 1.602564 0.999562    
15 40 41 41 15 22 1.578731    810 1.573171 0.996478    
15 42 43 43 15 23 1.557592    801 1.558140 1.000352    
15 44 45 45 15 24 1.539959    794 1.544444 1.002913    
15 46 47 47 15 25 1.533001    787 1.531915 0.999292    
15 48 49 49 15 26 1.514903    777 1.510204 0.996899    
15 50 51 51 15 27 1.507007    776 1.509804 1.001856    
15 52 53 53 15 28 1.496052    770 1.500000 1.002639    
15 54 55 55 15 29 1.483779    761 1.481818 0.998679    
15 56 57 57 15 30 1.480441    762 1.482456 1.001361    
15 58 59 59 15 31 1.464591    753 1.466102 1.001032    
15 60 61 61 15 32 1.454886    746 1.450820 0.997205    
15 62 64 63 15 33 1.448046    742 1.444444 0.997513    
15 65 67 66 15 34 1.441977    739 1.439394 0.998209    
15 68 70 69 15 35 1.427608    733 1.427536 0.999950    
15 71 73 72 15 36 1.417893    727 1.416667 0.999135    
15 74 76 75 15 37 1.403985    722 1.406667 1.001910    
15 77 79 78 15 38 1.402207    721 1.403846 1.001169    
15 80 82 81 15 39 1.391399    713 1.388889 0.998196    
15 83 85 84 15 40 1.384860    712 1.386905 1.001477    
15 86 88 87 15 41 1.379378    708 1.379310 0.999951    
15 89 91 90 15 42 1.376696    707 1.377778 1.000786    
15 92 94 93 15 43 1.370459    703 1.370968 1.000371    
15 95 97 96 15 44 1.361574    698 1.359375 0.998385    
15 98 100 99 15 45 1.357754    697 1.358586 1.000613    
15 101 103 102 15 46 1.356655    697 1.357843 1.000876    
15 104 109 107 15 47 1.354436    695 1.355140 1.000520    
15 110 115 113 15 48 1.350449    692 1.349558 0.999340    
15 116 121 119 15 49 1.348251    692 1.348739 1.000362    
15 122 127 125 15 50 1.339645    688 1.340000 1.000265    
15 128 133 131 15 51 1.334433    685 1.335878 1.001083    
15 134 139 137 15 52 1.326472    680 1.324818 0.998753    
15 140 145 143 15 53 1.318320    676 1.318182 0.999895    
15 146 151 149 15 54 1.315750    675 1.315436 0.999762    
15 152 157 155 15 55 1.311373    673 1.312903 1.001167    
15 158 163 161 15 56 1.309818    672 1.310559 1.000566    
15 164 169 167 15 57 1.304290    669 1.305389 1.000843    
15 170 175 173 15 58 1.301916    667 1.300578 0.998972    
15 176 181 179 15 59 1.298204    666 1.298883 1.000523    
15 182 187 185 15 60 1.292943    662 1.291892 0.999187    
15 188 193 191 15 61 1.289657    662 1.290576 1.000713    
15 194 254 224 15 62 1.280535    657 1.281250 1.000558    
15 255 255 255 15 63 1.272414    652 1.272549 1.000106    
16 0 0 0 16 0 1.000000    512 1.000000 1.000000       # ieta [17], pt 0
16 15 15 15 16 1 1.905608    982 1.900000 0.997057    
16 16 16 16 16 2 1.883438    970 1.875000 0.995520    
16 17 17 17 16 3 1.862370    958 1.852941 0.994937    
16 18 18 18 16 4 1.843665    948 1.833333 0.994396    
16 19 19 19 16 5 1.827230    939 1.815789 0.993739    
16 20 20 20 16 6 1.812110    931 1.800000 0.993317    
16 21 21 21 16 7 1.810343    933 1.809524 0.999548    
16 22 22 22 16 8 1.796000    925 1.795455 0.999696    
16 23 23 23 16 9 1.771535    910 1.760870 0.993980    
16 24 24 24 16 10 1.757989    903 1.750000 0.995455    
16 25 25 25 16 11 1.748661    898 1.740000 0.995047    
16 26 26 26 16 12 1.748661    901 1.750000 1.000766    
16 27 27 27 16 13 1.745123    897 1.740741 0.997489    
16 28 28 28 16 14 1.725404    891 1.732143 1.003906    
16 29 29 29 16 15 1.708314    878 1.706897 0.999170    
16 30 30 30 16 16 1.688877    867 1.683333 0.996718    
16 31 31 31 16 17 1.694083    872 1.693548 0.999685    
16 32 33 33 16 18 1.672033    859 1.666667 0.996790    
16 34 35 35 16 19 1.662098    853 1.657143 0.997019    
16 36 37 37 16 20 1.642611    848 1.648649 1.003676    
16 38 39 39 16 21 1.627991    837 1.628205 1.000131    
16 40 41 41 16 22 1.599793    822 1.597561 0.998605    
16 42 43 43 16 23 1.578372    813 1.581395 1.001916    
16 44 45 45 16 24 1.560504    800 1.555556 0.996829    
16 46 47 47 16 25 1.546079    793 1.542553 0.997720    
16 48 49 49 16 26 1.524962    782 1.520408 0.997014    
16 50 51 51 16 27 1.517014    781 1.519608 1.001710    
16 52 53 53 16 28 1.505986    775 1.509434 1.002289    
16 54 55 55 16 29 1.493631    766 1.490909 0.998178    
16 56 57 57 16 30 1.490271    766 1.491228 1.000642    
16 58 59 59 16 31 1.474316    757 1.474576 1.000176    
16 60 61 61 16 32 1.464547    754 1.467213 1.001821    
16 62 64 63 16 33 1.456544    750 1.460317 1.002591    
16 65 67 66 16 34 1.449881    743 1.446970 0.997992    
16 68 70 69 16 35 1.435434    737 1.434783 0.999547    
16 71 73 72 16 36 1.425665    731 1.423611 0.998559    
16 74 76 75 16 37 1.411681    726 1.413333 1.001170    
16 77 79 78 16 38 1.409893    724 1.410256 1.000258    
16 80 82 81 16 39 1.399026    719 1.401235 1.001579    
16 83 85 84 16 40 1.392451    715 1.392857 1.000292    
16 86 88 87 16 41 1.386939    711 1.385057 0.998643    
16 89 91 90 16 42 1.384242    710 1.383333 0.999343    
16 92 94 93 16 43 1.377971    706 1.376344 0.998819    
16 95 97 96 16 44 1.369037    703 1.369792 1.000551    
16 98 100 99 16 45 1.365196    700 1.363636 0.998857    
16 101 103 102 16 46 1.361821    699 1.362745 1.000679    
16 104 109 107 16 47 1.355050    695 1.355140 1.000067    
16 110 115 113 16 48 1.351061    692 1.349558 0.998887    
16 116 121 119 16 49 1.348863    692 1.348739 0.999909    
16 122 127 125 16 50 1.340253    688 1.340000 0.999811    
16 128 133 131 16 51 1.335038    685 1.335878 1.000629    
16 134 139 137 16 52 1.327073    682 1.328467 1.001050    
16 140 145 143 16 53 1.318918    676 1.318182 0.999442    
16 146 151 149 16 54 1.316346    675 1.315436 0.999309    
16 152 157 155 16 55 1.311967    673 1.312903 1.000713    
16 158 163 161 16 56 1.310412    672 1.310559 1.000112    
16 164 169 167 16 57 1.304882    669 1.305389 1.000389    
16 170 175 173 16 58 1.302506    668 1.303468 1.000738    
16 176 181 179 16 59 1.298793    666 1.298883 1.000069    
16 182 187 185 16 60 1.293529    664 1.294595 1.000823    
16 188 193 191 16 61 1.290242    662 1.290576 1.000259    
16 194 254 224 16 62 1.280934    657 1.281250 1.000247    
16 255 255 255 16 63 1.272901    652 1.272549 0.999724    
17 0 0 0 17 0 1.000000    512 1.000000 1.000000       # ieta [18], pt 0
17 15 15 15 17 1 1.687848    879 1.700000 1.007200    
17 16 16 16 17 2 1.649522    856 1.656250 1.004079    
17 17 17 17 17 3 1.643348    851 1.647059 1.002258    
17 18 18 18 17 4 1.628506    847 1.638889 1.006376    
17 19 19 19 17 5 1.632732    842 1.631579 0.999294    
17 20 20 20 17 6 1.615188    838 1.625000 1.006075    
17 21 21 21 17 7 1.605088    825 1.595238 0.993863    
17 22 22 22 17 8 1.593390    821 1.590909 0.998443    
17 23 23 23 17 9 1.592090    819 1.586957 0.996776    
17 24 24 24 17 10 1.586692    817 1.583333 0.997883    
17 25 25 25 17 11 1.584265    815 1.580000 0.997308    
17 26 26 26 17 12 1.584265    814 1.576923 0.995366    
17 27 27 27 17 13 1.589982    820 1.592593 1.001642    
17 28 28 28 17 14 1.569519    809 1.571429 1.001216    
17 29 29 29 17 15 1.553973    799 1.551724 0.998553    
17 30 30 30 17 16 1.549588    798 1.550000 1.000266    
17 31 31 31 17 17 1.556958    806 1.564516 1.004854    
17 32 33 33 17 18 1.558422    803 1.560606 1.001401    
17 34 35 35 17 19 1.533375    787 1.528571 0.996867    
17 36 37 37 17 20 1.521939    785 1.527027 1.003343    
17 38 39 39 17 21 1.515551    778 1.512821 0.998199    
17 40 41 41 17 22 1.500092    771 1.500000 0.999939    
17 42 43 43 17 23 1.480442    760 1.476744 0.997502    
17 44 45 45 17 24 1.460662    749 1.455556 0.996504    
17 46 47 47 17 25 1.459496    749 1.457447 0.998596    
17 48 49 49 17 26 1.445373    745 1.448980 1.002495    
17 50 51 51 17 27 1.437840    740 1.441176 1.002320    
17 52 53 53 17 28 1.433088    737 1.433962 1.000610    
17 54 55 55 17 29 1.421332    729 1.418182 0.997784    
17 56 57 57 17 30 1.418134    730 1.421053 1.002058    
17 58 59 59 17 31 1.403459    723 1.406780 1.002366    
17 60 61 61 17 32 1.394669    716 1.393443 0.999121    
17 62 64 63 17 33 1.388295    714 1.388889 1.000428    
17 65 67 66 17 34 1.383099    712 1.386364 1.002360    
17 68 70 69 17 35 1.370049    703 1.369565 0.999647    
17 71 73 72 17 36 1.360725    699 1.361111 1.000284    
17 74 76 75 17 37 1.347378    691 1.346667 0.999472    
17 77 79 78 17 38 1.345672    691 1.346154 1.000358    
17 80 82 81 17 39 1.335300    684 1.333333 0.998527    
17 83 85 84 17 40 1.329024    681 1.327381 0.998764    
17 86 88 87 17 41 1.323763    678 1.321839 0.998547    
17 89 91 90 17 42 1.321189    678 1.322222 1.000782    
17 92 94 93 17 43 1.316229    676 1.317204 1.000741    
17 95 97 96 17 44 1.307695    671 1.307292 0.999691    
17 98 100 99 17 45 1.304027    669 1.303030 0.999236    
17 101 103 102 17 46 1.303674    669 1.303922 1.000190    
17 104 109 107 17 47 1.302950    669 1.303738 1.000605    
17 110 115 113 17 48 1.299115    668 1.300885 1.001363    
17 116 121 119 17 49 1.298540    666 1.298319 0.999830    
17 122 127 125 17 50 1.290294    663 1.292000 1.001322    
17 128 133 131 17 51 1.285734    660 1.286260 1.000409    
17 134 139 137 17 52 1.278064    655 1.277372 0.999459    
17 140 145 143 17 53 1.270210    651 1.269231 0.999229    
17 146 151 149 17 54 1.267733    651 1.268456 1.000571    
17 152 157 155 17 55 1.263516    649 1.264516 1.000792    
17 158 163 161 17 56 1.262018    647 1.260870 0.999090    
17 164 169 167 17 57 1.256692    645 1.257485 1.000631    
17 170 175 173 17 58 1.254404    643 1.254335 0.999945    
17 176 181 179 17 59 1.250828    642 1.251397 1.000455    
17 182 187 185 17 60 1.245759    639 1.245946 1.000150    
17 188 193 191 17 61 1.242592    637 1.243455 1.000695    
17 194 254 224 17 62 1.234434    633 1.234375 0.999952    
17 255 255 255 17 63 1.227903    629 1.227451 0.999632    
18 0 0 0 18 0 1.000000    512 1.000000 1.000000       # ieta [19], pt 0
18 15 15 15 18 1 1.637742    846 1.633333 0.997308    
18 16 16 16 18 2 1.612550    840 1.625000 1.007721    
18 17 17 17 18 3 1.602386    824 1.588235 0.991169    
18 18 18 18 18 4 1.587967    819 1.583333 0.997082    
18 19 19 19 18 5 1.591480    818 1.578947 0.992125    
18 20 20 20 18 6 1.598562    826 1.600000 1.000900    
18 21 21 21 18 7 1.600322    824 1.595238 0.996823    
18 22 22 22 18 8 1.589043    821 1.590909 1.001174    
18 23 23 23 18 9 1.592408    819 1.586957 0.996576    
18 24 24 24 18 10 1.608153    827 1.604167 0.997521    
18 25 25 25 18 11 1.605359    825 1.600000 0.996662    
18 26 26 26 18 12 1.605559    825 1.596154 0.994142    
18 27 27 27 18 13 1.607331    830 1.611111 1.002352    
18 28 28 28 18 14 1.588936    818 1.589286 1.000220    
18 29 29 29 18 15 1.574134    809 1.568966 0.996717    
18 30 30 30 18 16 1.569691    807 1.566667 0.998073    
18 31 31 31 18 17 1.577157    814 1.580645 1.002211    
18 32 33 33 18 18 1.583301    812 1.575758 0.995236    
18 34 35 35 18 19 1.572599    808 1.571429 0.999256    
18 36 37 37 18 20 1.558901    800 1.554054 0.996891    
18 38 39 39 18 21 1.554290    798 1.551282 0.998065    
18 40 41 41 18 22 1.538436    790 1.536585 0.998797    
18 42 43 43 18 23 1.520815    783 1.523256 1.001605    
18 44 45 45 18 24 1.503011    771 1.500000 0.997996    
18 46 47 47 18 25 1.501811    771 1.500000 0.998794    
18 48 49 49 18 26 1.487279    765 1.489796 1.001693    
18 50 51 51 18 27 1.479527    760 1.480392 1.000584    
18 52 53 53 18 28 1.479077    761 1.481132 1.001389    
18 54 55 55 18 29 1.466943    753 1.463636 0.997746    
18 56 57 57 18 30 1.463643    753 1.464912 1.000867    
18 58 59 59 18 31 1.448497    744 1.449153 1.000452    
18 60 61 61 18 32 1.439425    741 1.442623 1.002222    
18 62 64 63 18 33 1.432847    738 1.436508 1.002555    
18 65 67 66 18 34 1.427484    732 1.424242 0.997729    
18 68 70 69 18 35 1.414015    726 1.413043 0.999313    
18 71 73 72 18 36 1.404392    720 1.402778 0.998851    
18 74 76 75 18 37 1.390617    715 1.393333 1.001953    
18 77 79 78 18 38 1.388855    714 1.391026 1.001563    
18 80 82 81 18 39 1.378150    706 1.376543 0.998834    
18 83 85 84 18 40 1.369722    702 1.369048 0.999508    
18 86 88 87 18 41 1.363327    699 1.362069 0.999077    
18 89 91 90 18 42 1.360676    698 1.361111 1.000319    
18 92 94 93 18 43 1.355568    695 1.354839 0.999462    
18 95 97 96 18 44 1.346779    692 1.348958 1.001618    
18 98 100 99 18 45 1.343001    689 1.343434 1.000323    
18 101 103 102 18 46 1.342235    689 1.343137 1.000672    
18 104 109 107 18 47 1.339855    688 1.341121 1.000946    
18 110 115 113 18 48 1.335497    686 1.336283 1.000588    
18 116 121 119 18 49 1.334907    686 1.336134 1.000920    
18 122 127 125 18 50 1.328175    681 1.328000 0.999868    
18 128 133 131 18 51 1.323481    680 1.324427 1.000715    
18 134 139 137 18 52 1.315586    674 1.313869 0.998695    
18 140 145 143 18 53 1.306555    671 1.307692 1.000871    
18 146 151 149 18 54 1.303818    670 1.305369 1.001190    
18 152 157 155 18 55 1.299481    667 1.300000 1.000400    
18 158 163 161 18 56 1.297940    666 1.298137 1.000152    
18 164 169 167 18 57 1.292463    663 1.293413 1.000735    
18 170 175 173 18 58 1.290110    661 1.289017 0.999153    
18 176 181 179 18 59 1.286432    660 1.287709 1.000993    
18 182 187 185 18 60 1.281218    657 1.281081 0.999893    
18 188 193 191 18 61 1.279745    656 1.280105 1.000281    
18 194 254 224 18 62 1.273347    652 1.272321 0.999195    
18 255 255 255 18 63 1.269716    651 1.270588 1.000687    
19 0 0 0 19 0 1.000000    512 1.000000 1.000000       # ieta [20], pt 0
19 15 15 15 19 1 1.924300    998 1.933333 1.004694    
19 16 16 16 19 2 1.903885    984 1.906250 1.001242    
19 17 17 17 19 3 1.888120    972 1.882353 0.996946    
19 18 18 18 19 4 1.840336    947 1.833333 0.996195    
19 19 19 19 19 5 1.828717    940 1.815789 0.992931    
19 20 20 20 19 6 1.813692    941 1.825000 1.006235    
19 21 21 21 19 7 1.800404    933 1.809524 1.005065    
19 22 22 22 19 8 1.785717    925 1.795455 1.005453    
19 23 23 23 19 9 1.765725    908 1.760870 0.997250    
19 24 24 24 19 10 1.725171    891 1.729167 1.002316    
19 25 25 25 19 11 1.722173    886 1.720000 0.998738    
19 26 26 26 19 12 1.719333    883 1.711538 0.995466    
19 27 27 27 19 13 1.708786    878 1.703704 0.997026    
19 28 28 28 19 14 1.686596    866 1.678571 0.995242    
19 29 29 29 19 15 1.667248    861 1.672414 1.003098    
19 30 30 30 19 16 1.657543    851 1.650000 0.995449    
19 31 31 31 19 17 1.663171    855 1.661290 0.998869    
19 32 33 33 19 18 1.657491    851 1.651515 0.996395    
19 34 35 35 19 19 1.634171    839 1.628571 0.996573    
19 36 37 37 19 20 1.612547    828 1.608108 0.997247    
19 38 39 39 19 21 1.604215    824 1.602564 0.998971    
19 40 41 41 19 22 1.578180    810 1.573171 0.996826    
19 42 43 43 19 23 1.555681    801 1.558140 1.001580    
19 44 45 45 19 24 1.542195    794 1.544444 1.001459    
19 46 47 47 19 25 1.534830    787 1.531915 0.998101    
19 48 49 49 19 26 1.513899    777 1.510204 0.997560    
19 50 51 51 19 27 1.502868    771 1.500000 0.998092    
19 52 53 53 19 28 1.497592    770 1.500000 1.001608    
19 54 55 55 19 29 1.485306    762 1.481818 0.997652    
19 56 57 57 19 30 1.481964    762 1.482456 1.000332    
19 58 59 59 19 31 1.466629    753 1.466102 0.999641    
19 60 61 61 19 32 1.455201    750 1.459016 1.002622    
19 62 64 63 19 33 1.447669    742 1.444444 0.997773    
19 65 67 66 19 34 1.444012    743 1.446970 1.002048    
19 68 70 69 19 35 1.436038    737 1.434783 0.999126    
19 71 73 72 19 36 1.423430    731 1.423611 1.000127    
19 74 76 75 19 37 1.408051    722 1.406667 0.999016    
19 77 79 78 19 38 1.406268    721 1.403846 0.998278    
19 80 82 81 19 39 1.395429    716 1.395062 0.999737    
19 83 85 84 19 40 1.386895    712 1.386905 1.000007    
19 86 88 87 19 41 1.380420    708 1.379310 0.999197    
19 89 91 90 19 42 1.377736    707 1.377778 1.000031    
19 92 94 93 19 43 1.372563    703 1.370968 0.998838    
19 95 97 96 19 44 1.365860    700 1.364583 0.999065    
19 98 100 99 19 45 1.362029    700 1.363636 1.001180    
19 101 103 102 19 46 1.359887    697 1.357843 0.998497    
19 104 109 107 19 47 1.354744    695 1.355140 1.000292    
19 110 115 113 19 48 1.350339    692 1.349558 0.999421    
19 116 121 119 19 49 1.349742    692 1.348739 0.999258    
19 122 127 125 19 50 1.342935    690 1.344000 1.000793    
19 128 133 131 19 51 1.338189    687 1.339695 1.001125    
19 134 139 137 19 52 1.330206    682 1.328467 0.998693    
19 140 145 143 19 53 1.319647    676 1.318182 0.998890    
19 146 151 149 19 54 1.315457    675 1.315436 0.999984    
19 152 157 155 19 55 1.313561    673 1.312903 0.999499    
19 158 163 161 19 56 1.312501    674 1.313665 1.000887    
19 164 169 167 19 57 1.306962    671 1.308383 1.001087    
19 170 175 173 19 58 1.304583    668 1.303468 0.999145    
19 176 181 179 19 59 1.300864    667 1.301676 1.000624    
19 182 187 185 19 60 1.295592    664 1.294595 0.999230    
19 188 193 191 19 61 1.294101    663 1.293194 0.999299    
19 194 254 224 19 62 1.287196    660 1.287946 1.000583    
19 255 255 255 19 63 1.283323    657 1.282353 0.999244    
20 0 0 0 20 0 1.000000    512 1.000000 1.000000       # ieta [21], pt 0
20 15 15 15 20 1 2.143862    6143 2.133333 0.995089    
20 16 16 16 20 2 2.100143    5119 2.093750 0.996956    
20 17 17 17 20 3 2.072097    4095 2.058824 0.993594    
20 18 18 18 20 4 2.020938    3071 2.027778 1.003384    
20 19 19 19 20 5 1.996334    2046 2.000000 1.001836    
20 20 20 20 20 6 1.985460    1020 1.975000 0.994732    
20 21 21 21 20 7 1.935409    995 1.928571 0.996467    
20 22 22 22 20 8 1.919621    986 1.909091 0.994515    
20 23 23 23 20 9 1.884568    974 1.891304 1.003575    
20 24 24 24 20 10 1.840216    946 1.833333 0.996260    
20 25 25 25 20 11 1.837019    948 1.840000 1.001623    
20 26 26 26 20 12 1.833989    942 1.826923 0.996147    
20 27 27 27 20 13 1.811561    934 1.814815 1.001796    
20 28 28 28 20 14 1.774561    911 1.767857 0.996222    
20 29 29 29 20 15 1.754951    905 1.758621 1.002091    
20 30 30 30 20 16 1.735259    892 1.733333 0.998890    
20 31 31 31 20 17 1.725500    888 1.725806 1.000177    
20 32 33 33 20 18 1.710888    881 1.712121 1.000721    
20 34 35 35 20 19 1.693119    874 1.700000 1.004064    
20 36 37 37 20 20 1.673117    861 1.675676 1.001529    
20 38 39 39 20 21 1.666114    857 1.666667 1.000332    
20 40 41 41 20 22 1.643124    846 1.646341 1.001958    
20 42 43 43 20 23 1.598035    820 1.593023 0.996864    
20 44 45 45 20 24 1.593503    817 1.588889 0.997104    
20 46 47 47 20 25 1.580708    815 1.585106 1.002782    
20 48 49 49 20 26 1.542510    792 1.540816 0.998902    
20 50 51 51 20 27 1.525326    786 1.529412 1.002679    
20 52 53 53 20 28 1.517695    780 1.518868 1.000773    
20 54 55 55 20 29 1.503557    771 1.500000 0.997634    
20 56 57 57 20 30 1.500174    770 1.500000 0.999884    
20 58 59 59 20 31 1.480222    762 1.483051 1.001911    
20 60 61 61 20 32 1.468688    754 1.467213 0.998996    
20 62 64 63 20 33 1.464081    750 1.460317 0.997430    
20 65 67 66 20 34 1.461882    751 1.462121 1.000163    
20 68 70 69 20 35 1.457654    748 1.456522 0.999223    
20 71 73 72 20 36 1.443402    742 1.444444 1.000722    
20 74 76 75 20 37 1.429316    732 1.426667 0.998146    
20 77 79 78 20 38 1.427505    734 1.429487 1.001388    
20 80 82 81 20 39 1.416172    726 1.413580 0.998170    
20 83 85 84 20 40 1.407345    721 1.404762 0.998164    
20 86 88 87 20 41 1.398552    717 1.396552 0.998570    
20 89 91 90 20 42 1.394718    715 1.394444 0.999804    
20 92 94 93 20 43 1.391782    714 1.392473 1.000496    
20 95 97 96 20 44 1.384986    711 1.385417 1.000311    
20 98 100 99 20 45 1.381100    708 1.378788 0.998326    
20 101 103 102 20 46 1.377676    707 1.377451 0.999837    
20 104 109 107 20 47 1.368554    703 1.369159 1.000442    
20 110 115 113 20 48 1.361290    699 1.362832 1.001133    
20 116 121 119 20 49 1.358554    696 1.357143 0.998961    
20 122 127 125 20 50 1.347453    692 1.348000 1.000406    
20 128 133 131 20 51 1.342691    689 1.343511 1.000611    
20 134 139 137 20 52 1.335339    685 1.335766 1.000320    
20 140 145 143 20 53 1.328015    682 1.328671 1.000494    
20 146 151 149 20 54 1.323798    678 1.322148 0.998753    
20 152 157 155 20 55 1.321891    678 1.322581 1.000522    
20 158 163 161 20 56 1.320824    677 1.319876 0.999282    
20 164 169 167 20 57 1.315250    674 1.314371 0.999332    
20 170 175 173 20 58 1.312855    673 1.312139 0.999454    
20 176 181 179 20 59 1.309113    672 1.310056 1.000720    
20 182 187 185 20 60 1.303807    668 1.302703 0.999153    
20 188 193 191 20 61 1.302084    667 1.301047 0.999204    
20 194 254 224 20 62 1.285653    659 1.285714 1.000047    
20 255 255 255 20 63 1.274331    653 1.274510 1.000140    
21 0 0 0 21 0 1.000000    512 1.000000 1.000000       # ieta [22], pt 0
21 15 15 15 21 1 2.199852    8191 2.200000 1.000067    
21 16 16 16 21 2 2.149961    7167 2.156250 1.002925    
21 17 17 17 21 3 2.094947    5119 2.088235 0.996796    
21 18 18 18 21 4 2.043224    4095 2.055556 1.006035    
21 19 19 19 21 5 2.006771    2047 2.000000 0.996626    
21 20 20 20 21 6 2.001870    2047 2.000000 0.999066    
21 21 21 21 21 7 1.951405    1006 1.952381 1.000500    
21 22 22 22 21 8 1.937729    996 1.931818 0.996950    
21 23 23 23 21 9 1.902345    985 1.913043 1.005624    
21 24 24 24 21 10 1.859568    956 1.854167 0.997095    
21 25 25 25 21 11 1.853498    958 1.860000 1.003508    
21 26 26 26 21 12 1.850441    951 1.846154 0.997683    
21 27 27 27 21 13 1.845181    953 1.851852 1.003615    
21 28 28 28 21 14 1.818121    937 1.821429 1.001819    
21 29 29 29 21 15 1.798030    923 1.793103 0.997260    
21 30 30 30 21 16 1.785946    918 1.783333 0.998537    
21 31 31 31 21 17 1.775903    913 1.774194 0.999037    
21 32 33 33 21 18 1.762117    905 1.757576 0.997423    
21 34 35 35 21 19 1.736881    896 1.742857 1.003441    
21 36 37 37 21 20 1.708221    876 1.702703 0.996769    
21 38 39 39 21 21 1.696117    871 1.692308 0.997754    
21 40 41 41 21 22 1.667793    859 1.670732 1.001762    
21 42 43 43 21 23 1.631908    837 1.627907 0.997548    
21 44 45 45 21 24 1.615247    829 1.611111 0.997439    
21 46 47 47 21 25 1.605013    825 1.606383 1.000853    
21 48 49 49 21 26 1.580574    813 1.581633 1.000670    
21 50 51 51 21 27 1.566542    806 1.568627 1.001331    
21 52 53 53 21 28 1.556645    799 1.556604 0.999973    
21 54 55 55 21 29 1.542144    794 1.545455 1.002147    
21 56 57 57 21 30 1.536691    788 1.535088 0.998957    
21 58 59 59 21 31 1.514876    779 1.516949 1.001368    
21 60 61 61 21 32 1.503661    771 1.500000 0.997565    
21 62 64 63 21 33 1.499266    770 1.500000 1.000489    
21 65 67 66 21 34 1.497176    770 1.500000 1.001886    
21 68 70 69 21 35 1.492846    766 1.492754 0.999938    
21 71 73 72 21 36 1.483022    763 1.486111 1.002083    
21 74 76 75 21 37 1.465902    753 1.466667 1.000521    
21 77 79 78 21 38 1.465040    753 1.467949 1.001985    
21 80 82 81 21 39 1.450357    744 1.450617 1.000179    
21 83 85 84 21 40 1.436364    736 1.434524 0.998719    
21 86 88 87 21 41 1.419752    728 1.419540 0.999851    
21 89 91 90 21 42 1.412022    724 1.411111 0.999355    
21 92 94 93 21 43 1.407356    723 1.408602 1.000886    
21 95 97 96 21 44 1.398428    716 1.395833 0.998144    
21 98 100 99 21 45 1.397149    718 1.398990 1.001318    
21 101 103 102 21 46 1.393684    714 1.392157 0.998904    
21 104 109 107 21 47 1.384456    710 1.383178 0.999077    
21 110 115 113 21 48 1.370855    704 1.371681 1.000603    
21 116 121 119 21 49 1.368100    703 1.369748 1.001204    
21 122 127 125 21 50 1.356921    696 1.356000 0.999321    
21 128 133 131 21 51 1.352502    693 1.351145 0.998997    
21 134 139 137 21 52 1.346969    691 1.346715 0.999812    
21 140 145 143 21 53 1.339581    687 1.339161 0.999686    
21 146 151 149 21 54 1.335328    685 1.335570 1.000182    
21 152 157 155 21 55 1.333404    683 1.332258 0.999141    
21 158 163 161 21 56 1.332327    683 1.332298 0.999978    
21 164 169 167 21 57 1.329177    682 1.329341 1.000124    
21 170 175 173 21 58 1.325779    680 1.326590 1.000611    
21 176 181 179 21 59 1.315810    675 1.315642 0.999872    
21 182 187 185 21 60 1.310215    672 1.310811 1.000455    
21 188 193 191 21 61 1.308343    671 1.308901 1.000426    
21 194 254 224 21 62 1.291556    662 1.292411 1.000662    
21 255 255 255 21 63 1.280182    656 1.280392 1.000164    
22 0 0 0 22 0 1.000000    512 1.000000 1.000000       # ieta [23], pt 0
22 15 15 15 22 1 2.237726    9215 2.233333 0.998037    
22 16 16 16 22 2 2.201368    8191 2.187500 0.993700    
22 17 17 17 22 3 2.134406    7167 2.147059 1.005928    
22 18 18 18 22 4 2.090002    5119 2.083333 0.996809    
22 19 19 19 22 5 2.047691    4095 2.052632 1.002413    
22 20 20 20 22 6 2.050661    4095 2.050000 0.999677    
22 21 21 21 22 7 1.998967    2047 2.000000 1.000517    
22 22 22 22 22 8 1.984957    1020 1.977273 0.996129    
22 23 23 23 22 9 1.940878    997 1.934783 0.996859    
22 24 24 24 22 10 1.888335    976 1.895833 1.003971    
22 25 25 25 22 11 1.883960    968 1.880000 0.997898    
22 26 26 26 22 12 1.880854    970 1.884615 1.002000    
22 27 27 27 22 13 1.873103    963 1.870370 0.998541    
22 28 28 28 22 14 1.845633    947 1.839286 0.996561    
22 29 29 29 22 15 1.826666    940 1.827586 1.000504    
22 30 30 30 22 16 1.822659    936 1.816667 0.996712    
22 31 31 31 22 17 1.812409    930 1.806452 0.996713    
22 32 33 33 22 18 1.792870    920 1.787879 0.997216    
22 34 35 35 22 19 1.765835    911 1.771429 1.003168    
22 36 37 37 22 20 1.733615    890 1.729730 0.997759    
22 38 39 39 22 21 1.721331    884 1.717949 0.998035    
22 40 41 41 22 22 1.684907    865 1.682927 0.998825    
22 42 43 43 22 23 1.648653    849 1.651163 1.001522    
22 44 45 45 22 24 1.631822    839 1.633333 1.000926    
22 46 47 47 22 25 1.622183    832 1.617021 0.996818    
22 48 49 49 22 26 1.598180    823 1.602041 1.002416    
22 50 51 51 22 27 1.582947    812 1.578431 0.997147    
22 52 53 53 22 28 1.571905    809 1.575472 1.002269    
22 54 55 55 22 29 1.558438    799 1.554545 0.997502    
22 56 57 57 22 30 1.552927    797 1.552632 0.999810    
22 58 59 59 22 31 1.527179    784 1.525424 0.998851    
22 60 61 61 22 32 1.516169    779 1.516393 1.000148    
22 62 64 63 22 33 1.513666    779 1.515873 1.001458    
22 65 67 66 22 34 1.511318    774 1.507576 0.997524    
22 68 70 69 22 35 1.510413    774 1.507246 0.997904    
22 71 73 72 22 36 1.500474    770 1.500000 0.999684    
22 74 76 75 22 37 1.486069    763 1.486667 1.000402    
22 77 79 78 22 38 1.485195    763 1.487179 1.001336    
22 80 82 81 22 39 1.470310    754 1.469136 0.999201    
22 83 85 84 22 40 1.456124    748 1.458333 1.001517    
22 86 88 87 22 41 1.439283    737 1.436782 0.998262    
22 89 91 90 22 42 1.431447    735 1.433333 1.001318    
22 92 94 93 22 43 1.425612    731 1.424731 0.999382    
22 95 97 96 22 44 1.416569    727 1.416667 1.000069    
22 98 100 99 22 45 1.415273    726 1.414141 0.999200    
22 101 103 102 22 46 1.411764    724 1.411765 1.000001    
22 104 109 107 22 47 1.400942    719 1.401869 1.000662    
22 110 115 113 22 48 1.384242    711 1.384956 1.000516    
22 116 121 119 22 49 1.381460    709 1.382353 1.000646    
22 122 127 125 22 50 1.368875    702 1.368000 0.999361    
22 128 133 131 22 51 1.364233    699 1.362595 0.998799    
22 134 139 137 22 52 1.361005    698 1.361314 1.000227    
22 140 145 143 22 53 1.349385    692 1.349650 1.000196    
22 146 151 149 22 54 1.340947    688 1.342282 1.000995    
22 152 157 155 22 55 1.338331    687 1.338710 1.000283    
22 158 163 161 22 56 1.337114    686 1.338509 1.001044    
22 164 169 167 22 57 1.333952    685 1.335329 1.001032    
22 170 175 173 22 58 1.330542    682 1.329480 0.999201    
22 176 181 179 22 59 1.320163    677 1.321229 1.000807    
22 182 187 185 22 60 1.314175    673 1.313514 0.999497    
22 188 193 191 22 61 1.302700    668 1.303665 1.000740    
22 194 254 224 22 62 1.283368    658 1.283482 1.000089    
22 255 255 255 22 63 1.278680    655 1.278431 0.999805    
23 0 0 0 23 0 1.000000    512 1.000000 1.000000       # ieta [24], pt 0
23 15 15 15 23 1 2.340521    12287 2.333333 0.996929    
23 16 16 16 23 2 2.289394    11263 2.281250 0.996443    
23 17 17 17 23 3 2.226896    10239 2.235294 1.003771    
23 18 18 18 23 4 2.174516    8191 2.166667 0.996390    
23 19 19 19 23 5 2.124723    7167 2.131579 1.003227    
23 20 20 20 23 6 2.120108    7167 2.125000 1.002307    
23 21 21 21 23 7 2.060025    5119 2.071429 1.005536    
23 22 22 22 23 8 2.046847    4095 2.045455 0.999320    
23 23 23 23 23 9 1.995097    2045 2.000000 1.002458    
23 24 24 24 23 10 1.937042    997 1.937500 1.000236    
23 25 25 25 23 11 1.886756    969 1.880000 0.996419    
23 26 26 26 23 12 1.914705    990 1.923077 1.004373    
23 27 27 27 23 13 1.901157    982 1.907407 1.003288    
23 28 28 28 23 14 1.876700    965 1.875000 0.999094    
23 29 29 29 23 15 1.857413    958 1.862069 1.002507    
23 30 30 30 23 16 1.844776    952 1.850000 1.002832    
23 31 31 31 23 17 1.839687    946 1.838710 0.999469    
23 32 33 33 23 18 1.819854    935 1.818182 0.999081    
23 34 35 35 23 19 1.784347    918 1.785714 1.000766    
23 36 37 37 23 20 1.755177    903 1.756757 1.000900    
23 38 39 39 23 21 1.740254    896 1.743590 1.001917    
23 40 41 41 23 22 1.700963    872 1.695122 0.996566    
23 42 43 43 23 23 1.664364    855 1.662791 0.999055    
23 44 45 45 23 24 1.647371    845 1.644444 0.998223    
23 46 47 47 23 25 1.637640    842 1.638298 1.000401    
23 48 49 49 23 26 1.613409    828 1.612245 0.999279    
23 50 51 51 23 27 1.598031    821 1.598039 1.000005    
23 52 53 53 23 28 1.586884    814 1.584906 0.998754    
23 54 55 55 23 29 1.576889    808 1.572727 0.997361    
23 56 57 57 23 30 1.564898    802 1.561404 0.997767    
23 58 59 59 23 31 1.538951    792 1.542373 1.002223    
23 60 61 61 23 32 1.527857    783 1.524590 0.997862    
23 62 64 63 23 33 1.524564    783 1.523810 0.999505    
23 65 67 66 23 34 1.522461    782 1.522727 1.000175    
23 68 70 69 23 35 1.521549    781 1.521739 1.000125    
23 71 73 72 23 36 1.511536    777 1.513889 1.001557    
23 74 76 75 23 37 1.497025    770 1.500000 1.001987    
23 77 79 78 23 38 1.496144    767 1.493590 0.998293    
23 80 82 81 23 39 1.481150    760 1.481481 1.000224    
23 83 85 84 23 40 1.466859    752 1.464286 0.998246    
23 86 88 87 23 41 1.449894    743 1.448276 0.998884    
23 89 91 90 23 42 1.442000    741 1.444444 1.001695    
23 92 94 93 23 43 1.436123    736 1.435484 0.999555    
23 95 97 96 23 44 1.427013    732 1.427083 1.000049    
23 98 100 99 23 45 1.425707    731 1.424242 0.998973    
23 101 103 102 23 46 1.421337    729 1.421569 1.000163    
23 104 109 107 23 47 1.408773    722 1.406542 0.998417    
23 110 115 113 23 48 1.391979    715 1.393805 1.001312    
23 116 121 119 23 49 1.389181    714 1.390756 1.001134    
23 122 127 125 23 50 1.376526    706 1.376000 0.999618    
23 128 133 131 23 51 1.371859    703 1.370229 0.998812    
23 134 139 137 23 52 1.368612    702 1.368613 1.000001    
23 140 145 143 23 53 1.356927    696 1.356643 0.999791    
23 146 151 149 23 54 1.348442    692 1.348993 1.000409    
23 152 157 155 23 55 1.345812    690 1.345161 0.999517    
23 158 163 161 23 56 1.344587    690 1.344720 1.000099    
23 164 169 167 23 57 1.341408    688 1.341317 0.999932    
23 170 175 173 23 58 1.337979    686 1.338150 1.000128    
23 176 181 179 23 59 1.327542    680 1.326816 0.999453    
23 182 187 185 23 60 1.321520    678 1.321622 1.000077    
23 188 193 191 23 61 1.309233    671 1.308901 0.999746    
23 194 254 224 23 62 1.286872    660 1.287946 1.000835    
23 255 255 255 23 63 1.280525    656 1.280392 0.999897    
24 0 0 0 24 0 1.000000    512 1.000000 1.000000       # ieta [25], pt 0
24 15 15 15 24 1 2.272955    10239 2.266667 0.997233    
24 16 16 16 24 2 2.224425    9215 2.218750 0.997449    
24 17 17 17 24 3 2.157332    7167 2.147059 0.995238    
24 18 18 18 24 4 2.102557    6143 2.111111 1.004069    
24 19 19 19 24 5 2.047929    4095 2.052632 1.002296    
24 20 20 20 24 6 2.046875    4095 2.050000 1.001527    
24 21 21 21 24 7 1.988867    2042 2.000000 1.005598    
24 22 22 22 24 8 1.976144    1018 1.977273 1.000571    
24 23 23 23 24 9 1.928878    996 1.934783 1.003061    
24 24 24 24 24 10 1.872750    965 1.875000 1.001201    
24 25 25 25 24 11 1.866834    959 1.860000 0.996339    
24 26 26 26 24 12 1.866834    960 1.865385 0.999224    
24 27 27 27 24 13 1.856247    954 1.851852 0.997632    
24 28 28 28 24 14 1.832369    946 1.839286 1.003775    
24 29 29 29 24 15 1.813538    932 1.810345 0.998239    
24 30 30 30 24 16 1.807411    928 1.800000 0.995900    
24 31 31 31 24 17 1.803768    929 1.806452 1.001488    
24 32 33 33 24 18 1.786022    920 1.787879 1.001040    
24 34 35 35 24 19 1.760785    904 1.757143 0.997932    
24 36 37 37 24 20 1.728657    889 1.729730 1.000621    
24 38 39 39 24 21 1.713959    883 1.717949 1.002328    
24 40 41 41 24 22 1.675261    859 1.670732 0.997296    
24 42 43 43 24 23 1.639215    843 1.639535 1.000195    
24 44 45 45 24 24 1.622480    834 1.622222 0.999841    
24 46 47 47 24 25 1.613790    831 1.617021 1.002002    
24 48 49 49 24 26 1.590950    818 1.591837 1.000558    
24 50 51 51 24 27 1.575934    811 1.578431 1.001585    
24 52 53 53 24 28 1.567347    804 1.566038 0.999165    
24 54 55 55 24 29 1.553919    798 1.554545 1.000403    
24 56 57 57 24 30 1.548424    797 1.552632 1.002717    
24 58 59 59 24 31 1.523664    784 1.525424 1.001155    
24 60 61 61 24 32 1.513599    779 1.516393 1.001847    
24 62 64 63 24 33 1.510336    775 1.507937 0.998411    
24 65 67 66 24 34 1.508947    774 1.507576 0.999091    
24 68 70 69 24 35 1.508043    774 1.507246 0.999472    
24 71 73 72 24 36 1.498119    770 1.500000 1.001255    
24 74 76 75 24 37 1.483737    763 1.486667 1.001975    
24 77 79 78 24 38 1.482864    760 1.480769 0.998587    
24 80 82 81 24 39 1.468003    754 1.469136 1.000772    
24 83 85 84 24 40 1.453839    745 1.452381 0.998997    
24 86 88 87 24 41 1.437025    737 1.436782 0.999831    
24 89 91 90 24 42 1.429201    733 1.427778 0.999004    
24 92 94 93 24 43 1.423375    731 1.424731 1.000953    
24 95 97 96 24 44 1.414346    727 1.416667 1.001640    
24 98 100 99 24 45 1.413052    726 1.414141 1.000771    
24 101 103 102 24 46 1.409345    724 1.411765 1.001717    
24 104 109 107 24 47 1.398135    717 1.397196 0.999329    
24 110 115 113 24 48 1.381468    708 1.380531 0.999322    
24 116 121 119 24 49 1.378692    707 1.378151 0.999608    
24 122 127 125 24 50 1.366131    702 1.368000 1.001368    
24 128 133 131 24 51 1.361499    699 1.362595 1.000805    
24 134 139 137 24 52 1.358278    696 1.357664 0.999548    
24 140 145 143 24 53 1.346681    691 1.346154 0.999609    
24 146 151 149 24 54 1.338260    687 1.338926 1.000498    
24 152 157 155 24 55 1.335649    685 1.335484 0.999876    
24 158 163 161 24 56 1.334434    685 1.335404 1.000727    
24 164 169 167 24 57 1.330954    683 1.332335 1.001038    
24 170 175 173 24 58 1.325925    680 1.326590 1.000501    
24 176 181 179 24 59 1.315582    675 1.315642 1.000046    
24 182 187 185 24 60 1.309614    672 1.310811 1.000914    
24 188 193 191 24 61 1.297438    666 1.298429 1.000764    
24 194 254 224 24 62 1.275360    653 1.274554 0.999368    
24 255 255 255 24 63 1.269410    650 1.268627 0.999383    
25 0 0 0 25 0 1.000000    512 1.000000 1.000000       # ieta [26], pt 0
25 15 15 15 25 1 2.236243    9215 2.233333 0.998699    
25 16 16 16 25 2 2.176808    8191 2.187500 1.004912    
25 17 17 17 25 3 2.111151    6143 2.117647 1.003077    
25 18 18 18 25 4 2.057549    4095 2.055556 0.999031    
25 19 19 19 25 5 2.010113    2047 2.000000 0.994969    
25 20 20 20 25 6 2.008827    2047 2.000000 0.995606    
25 21 21 21 25 7 1.951897    1006 1.952381 1.000248    
25 22 22 22 25 8 1.939411    996 1.931818 0.996085    
25 23 23 23 25 9 1.895519    975 1.891304 0.997777    
25 24 24 24 25 10 1.840361    946 1.833333 0.996181    
25 25 25 25 25 11 1.834547    948 1.840000 1.002972    
25 26 26 26 25 12 1.834547    942 1.826923 0.995844    
25 27 27 27 25 13 1.830225    944 1.833333 1.001699    
25 28 28 28 25 14 1.803384    928 1.803571 1.000104    
25 29 29 29 25 15 1.784850    923 1.793103 1.004624    
25 30 30 30 25 16 1.778821    918 1.783333 1.002537    
25 31 31 31 25 17 1.775235    913 1.774194 0.999413    
25 32 33 33 25 18 1.759411    904 1.757576 0.998957    
25 34 35 35 25 19 1.737375    896 1.742857 1.003155    
25 36 37 37 25 20 1.709336    877 1.702703 0.996119    
25 38 39 39 25 21 1.697078    871 1.692308 0.997189    
25 40 41 41 25 22 1.661022    853 1.658537 0.998504    
25 42 43 43 25 23 1.625282    837 1.627907 1.001615    
25 44 45 45 25 24 1.608689    828 1.611111 1.001506    
25 46 47 47 25 25 1.601742    825 1.606383 1.002897    
25 48 49 49 25 26 1.580736    813 1.581633 1.000567    
25 50 51 51 25 27 1.565816    806 1.568627 1.001795    
25 52 53 53 25 28 1.557284    799 1.556604 0.999563    
25 54 55 55 25 29 1.543943    794 1.545455 1.000979    
25 56 57 57 25 30 1.538483    789 1.535088 0.997793    
25 58 59 59 25 31 1.513882    779 1.516949 1.002026    
25 60 61 61 25 32 1.503881    771 1.500000 0.997419    
25 62 64 63 25 33 1.501639    770 1.500000 0.998909    
25 65 67 66 25 34 1.500758    770 1.500000 0.999495    
25 68 70 69 25 35 1.499858    770 1.500000 1.000094    
25 71 73 72 25 36 1.489988    766 1.493056 1.002058    
25 74 76 75 25 37 1.475684    756 1.473333 0.998407    
25 77 79 78 25 38 1.474816    757 1.474359 0.999690    
25 80 82 81 25 39 1.460035    751 1.462963 1.002005    
25 83 85 84 25 40 1.445948    742 1.446429 1.000332    
25 86 88 87 25 41 1.429225    734 1.431034 1.001266    
25 89 91 90 25 42 1.421695    730 1.422222 1.000371    
25 92 94 93 25 43 1.416402    726 1.413978 0.998289    
25 95 97 96 25 44 1.407417    721 1.406250 0.999171    
25 98 100 99 25 45 1.406129    720 1.404040 0.998514    
25 101 103 102 25 46 1.402933    719 1.401961 0.999307    
25 104 109 107 25 47 1.391778    714 1.392523 1.000536    
25 110 115 113 25 48 1.374561    706 1.376106 1.001124    
25 116 121 119 25 49 1.370960    703 1.369748 0.999116    
25 122 127 125 25 50 1.357628    696 1.356000 0.998801    
25 128 133 131 25 51 1.353025    693 1.351145 0.998611    
25 134 139 137 25 52 1.349824    693 1.350365 1.000401    
25 140 145 143 25 53 1.335227    685 1.335664 1.000328    
25 146 151 149 25 54 1.326180    680 1.325503 0.999490    
25 152 157 155 25 55 1.323319    678 1.322581 0.999442    
25 158 163 161 25 56 1.320750    677 1.319876 0.999338    
25 164 169 167 25 57 1.317306    676 1.317365 1.000045    
25 170 175 173 25 58 1.312328    673 1.312139 0.999856    
25 176 181 179 25 59 1.302091    667 1.301676 0.999681    
25 182 187 185 25 60 1.295136    664 1.294595 0.999582    
25 188 193 191 25 61 1.281956    658 1.282723 1.000598    
25 194 254 224 25 62 1.254163    643 1.254464 1.000240    
25 255 255 255 25 63 1.239838    635 1.239216 0.999498    
26 0 0 0 26 0 1.000000    512 1.000000 1.000000       # ieta [27], pt 0
26 15 15 15 26 1 2.386385    14335 2.400000 1.005705    
26 16 16 16 26 2 2.333253    13311 2.343750 1.004499    
26 17 17 17 26 3 2.243496    10239 2.235294 0.996344    
26 18 18 18 26 4 2.208722    10239 2.222222 1.006112    
26 19 19 19 26 5 2.133400    7167 2.131579 0.999146    
26 20 20 20 26 6 2.151110    8191 2.150000 0.999484    
26 21 21 21 26 7 2.070686    5119 2.071429 1.000359    
26 22 22 22 26 8 2.057440    5119 2.068182 1.005221    
26 23 23 23 26 9 2.010877    3071 2.021739 1.005402    
26 24 24 24 26 10 1.911917    987 1.916667 1.002484    
26 25 25 25 26 11 1.905877    979 1.900000 0.996916    
26 26 26 26 26 12 1.905877    980 1.903846 0.998934    
26 27 27 27 26 13 1.908371    982 1.907407 0.999495    
26 28 28 28 26 14 1.880384    966 1.875000 0.997137    
26 29 29 29 26 15 1.858935    958 1.862069 1.001686    
26 30 30 30 26 16 1.852655    952 1.850000 0.998567    
26 31 31 31 26 17 1.848921    954 1.854839 1.003201    
26 32 33 33 26 18 1.824747    936 1.818182 0.996402    
26 34 35 35 26 19 1.803191    926 1.800000 0.998230    
26 36 37 37 26 20 1.769988    910 1.770270 1.000159    
26 38 39 39 26 21 1.759262    903 1.756410 0.998379    
26 40 41 41 26 22 1.734065    890 1.731707 0.998640    
26 42 43 43 26 23 1.717383    885 1.720930 1.002065    
26 44 45 45 26 24 1.698756    874 1.700000 1.000732    
26 46 47 47 26 25 1.695256    869 1.691489 0.997778    
26 48 49 49 26 26 1.681586    865 1.683673 1.001241    
26 50 51 51 26 27 1.670451    857 1.666667 0.997735    
26 52 53 53 26 28 1.662956    853 1.660377 0.998449    
26 54 55 55 26 29 1.657756    850 1.654545 0.998063    
26 56 57 57 26 30 1.649037    847 1.649123 1.000052    
26 58 59 59 26 31 1.637009    840 1.635593 0.999135    
26 60 61 61 26 32 1.630178    838 1.631148 1.000595    
26 62 64 63 26 33 1.628770    836 1.626984 0.998904    
26 65 67 66 26 34 1.619981    832 1.621212 1.000760    
26 68 70 69 26 35 1.605009    822 1.601449 0.997782    
26 71 73 72 26 36 1.591411    816 1.590278 0.999288    
26 74 76 75 26 37 1.570955    807 1.573333 1.001514    
26 77 79 78 26 38 1.567808    806 1.570513 1.001725    
26 80 82 81 26 39 1.544524    792 1.543210 0.999149    
26 83 85 84 26 40 1.532390    785 1.529762 0.998285    
26 86 88 87 26 41 1.516463    778 1.517241 1.000513    
26 89 91 90 26 42 1.509283    775 1.511111 1.001212    
26 92 94 93 26 43 1.505036    772 1.505376 1.000226    
26 95 97 96 26 44 1.491060    764 1.489583 0.999010    
26 98 100 99 26 45 1.483280    762 1.484848 1.001058    
26 101 103 102 26 46 1.479908    759 1.480392 1.000327    
26 104 109 107 26 47 1.470766    755 1.471963 1.000814    
26 110 115 113 26 48 1.457812    747 1.455752 0.998587    
26 116 121 119 26 49 1.453994    746 1.453782 0.999854    
26 122 127 125 26 50 1.445067    741 1.444000 0.999261    
26 128 133 131 26 51 1.440168    738 1.438931 0.999141    
26 134 139 137 26 52 1.436760    738 1.437956 1.000832    
26 140 145 143 26 53 1.424019    730 1.423077 0.999339    
26 146 151 149 26 54 1.414370    725 1.412752 0.998856    
26 152 157 155 26 55 1.411319    725 1.412903 1.001122    
26 158 163 161 26 56 1.408866    723 1.409938 1.000761    
26 164 169 167 26 57 1.407798    722 1.407186 0.999565    
26 170 175 173 26 58 1.403657    720 1.404624 1.000689    
26 176 181 179 26 59 1.380804    707 1.379888 0.999337    
26 182 187 185 26 60 1.374696    705 1.375676 1.000712    
26 188 193 191 26 61 1.358139    696 1.358639 1.000368    
26 194 254 224 26 62 1.323665    678 1.323661 0.999996    
26 255 255 255 26 63 1.308408    670 1.307843 0.999569    
27 0 0 0 27 0 1.000000    512 1.000000 1.000000       # ieta [28], pt 0
27 15 15 15 27 1 1.889246    981 1.900000 1.005692    
27 16 16 16 27 2 1.869116    968 1.875000 1.003148    
27 17 17 17 27 3 1.848586    956 1.852941 1.002356    
27 18 18 18 27 4 1.823982    946 1.833333 1.005127    
27 19 19 19 27 5 1.782989    923 1.789474 1.003637    
27 20 20 20 27 6 1.793450    928 1.800000 1.003652    
27 21 21 21 27 7 1.783401    921 1.785714 1.001297    
27 22 22 22 27 8 1.760120    904 1.750000 0.994250    
27 23 23 23 27 9 1.740403    896 1.739130 0.999269    
27 24 24 24 27 10 1.754982    902 1.750000 0.997161    
27 25 25 25 27 11 1.755869    907 1.760000 1.002353    
27 26 26 26 27 12 1.755869    902 1.750000 0.996658    
27 27 27 27 27 13 1.777617    915 1.777778 1.000090    
27 28 28 28 27 14 1.758437    903 1.750000 0.995202    
27 29 29 29 27 15 1.743249    896 1.741379 0.998927    
27 30 30 30 27 16 1.739919    893 1.733333 0.996215    
27 31 31 31 27 17 1.761495    905 1.758065 0.998053    
27 32 33 33 27 18 1.772391    912 1.772727 1.000190    
27 34 35 35 27 19 1.758988    903 1.757143 0.998951    
27 36 37 37 27 20 1.749263    897 1.743243 0.996559    
27 38 39 39 27 21 1.743371    896 1.743590 1.000125    
27 40 41 41 27 22 1.719646    884 1.719512 0.999922    
27 42 43 43 27 23 1.713431    879 1.709302 0.997590    
27 44 45 45 27 24 1.698070    874 1.700000 1.001137    
27 46 47 47 27 25 1.696455    870 1.691489 0.997073    
27 48 49 49 27 26 1.684651    865 1.683673 0.999420    
27 50 51 51 27 27 1.673495    861 1.676471 1.001778    
27 52 53 53 27 28 1.665987    857 1.669811 1.002296    
27 54 55 55 27 29 1.662443    854 1.663636 1.000718    
27 56 57 57 27 30 1.655357    851 1.657895 1.001533    
27 58 59 59 27 31 1.645520    844 1.644068 0.999118    
27 60 61 61 27 32 1.640895    842 1.639344 0.999055    
27 62 64 63 27 33 1.639079    844 1.642857 1.002305    
27 65 67 66 27 34 1.633214    840 1.636364 1.001928    
27 68 70 69 27 35 1.618119    830 1.615942 0.998655    
27 71 73 72 27 36 1.604410    823 1.604167 0.999848    
27 74 76 75 27 37 1.583787    814 1.586667 1.001818    
27 77 79 78 27 38 1.580615    812 1.583333 1.001720    
27 80 82 81 27 39 1.557141    798 1.555556 0.998982    
27 83 85 84 27 40 1.544907    794 1.547619 1.001755    
27 86 88 87 27 41 1.528850    784 1.528736 0.999925    
27 89 91 90 27 42 1.521611    781 1.522222 1.000402    
27 92 94 93 27 43 1.517330    778 1.516129 0.999209    
27 95 97 96 27 44 1.503239    772 1.505208 1.001310    
27 98 100 99 27 45 1.495396    767 1.494949 0.999701    
27 101 103 102 27 46 1.492569    765 1.490196 0.998410    
27 104 109 107 27 47 1.484494    762 1.485981 1.001002    
27 110 115 113 27 48 1.472202    756 1.473451 1.000849    
27 116 121 119 27 49 1.470551    754 1.470588 1.000025    
27 122 127 125 27 50 1.462221    751 1.464000 1.001217    
27 128 133 131 27 51 1.457938    748 1.458015 1.000053    
27 134 139 137 27 52 1.457948    747 1.456204 0.998804    
27 140 145 143 27 53 1.445481    741 1.444056 0.999014    
27 146 151 149 27 54 1.435687    737 1.436242 1.000387    
27 152 157 155 27 55 1.432590    734 1.432258 0.999768    
27 158 163 161 27 56 1.430100    733 1.428571 0.998931    
27 164 169 167 27 57 1.429016    732 1.428144 0.999390    
27 170 175 173 27 58 1.424812    731 1.424855 1.000030    
27 176 181 179 27 59 1.401615    719 1.402235 1.000442    
27 182 187 185 27 60 1.395415    715 1.394595 0.999412    
27 188 193 191 27 61 1.376224    706 1.376963 1.000537    
27 194 254 224 27 62 1.333087    683 1.332589 0.999626    
27 255 255 255 27 63 1.316787    675 1.317647 1.000653    
28 0 0 0 28 0 1.000000    512 1.000000 1.000000       # ieta [29], pt 0
28 15 15 15 28 1 1.991949    2043 2.000000 1.004042    
28 16 16 16 28 2 1.946636    1002 1.937500 0.995307    
28 17 17 17 28 3 1.878543    971 1.882353 1.002028    
28 18 18 18 28 4 1.849510    960 1.861111 1.006273    
28 19 19 19 28 5 1.797939    925 1.789474 0.995291    
28 20 20 20 28 6 1.777009    915 1.775000 0.998870    
28 21 21 21 28 7 1.700462    874 1.690476 0.994128    
28 22 22 22 28 8 1.676842    867 1.681818 1.002968    
28 23 23 23 28 9 1.647222    852 1.652174 1.003006    
28 24 24 24 28 10 1.602901    827 1.604167 1.000789    
28 25 25 25 28 11 1.584218    815 1.580000 0.997337    
28 26 26 26 28 12 1.580756    813 1.576923 0.997575    
28 27 27 27 28 13 1.557608    801 1.555556 0.998683    
28 28 28 28 28 14 1.526511    784 1.517857 0.994331    
28 29 29 29 28 15 1.500873    772 1.500000 0.999418    
28 30 30 30 28 16 1.490245    765 1.483333 0.995362    
28 31 31 31 28 17 1.478822    764 1.483871 1.003414    
28 32 33 33 28 18 1.444971    742 1.439394 0.996141    
28 34 35 35 28 19 1.414668    728 1.414286 0.999730    
28 36 37 37 28 20 1.391363    716 1.391892 1.000380    
28 38 39 39 28 21 1.384457    712 1.384615 1.000114    
28 40 41 41 28 22 1.390373    715 1.390244 0.999907    
28 42 43 43 28 23 1.378291    712 1.383721 1.003939    
28 44 45 45 28 24 1.359356    697 1.355556 0.997204    
28 46 47 47 28 25 1.356236    696 1.351064 0.996186    
28 48 49 49 28 26 1.358725    698 1.357143 0.998836    
28 50 51 51 28 27 1.354224    695 1.352941 0.999053    
28 52 53 53 28 28 1.339184    688 1.339623 1.000327    
28 54 55 55 28 29 1.340501    687 1.336364 0.996914    
28 56 57 57 28 30 1.337483    686 1.333333 0.996897    
28 58 59 59 28 31 1.336678    688 1.338983 1.001724    
28 60 61 61 28 32 1.322007    678 1.319672 0.998234    
28 62 64 63 28 33 1.311699    673 1.309524 0.998342    
28 65 67 66 28 34 1.309486    673 1.310606 1.000855    
28 68 70 69 28 35 1.296100    666 1.297101 1.000773    
28 71 73 72 28 36 1.293473    663 1.291667 0.998603    
28 74 76 75 28 37 1.288070    661 1.286667 0.998911    
28 77 79 78 28 38 1.286018    661 1.288462 1.001900    
28 80 82 81 28 39 1.275096    656 1.277778 1.002103    
28 83 85 84 28 40 1.272098    654 1.273810 1.001345    
28 86 88 87 28 41 1.272331    652 1.270115 0.998258    
28 89 91 90 28 42 1.272531    653 1.272222 0.999758    
28 92 94 93 28 43 1.273205    654 1.274194 1.000776    
28 95 97 96 28 44 1.270195    652 1.270833 1.000502    
28 98 100 99 28 45 1.267820    651 1.267677 0.999887    
28 101 103 102 28 46 1.268344    652 1.269608 1.000997    
28 104 109 107 28 47 1.269612    652 1.271028 1.001115    
28 110 115 113 28 48 1.270202    652 1.269912 0.999771    
28 116 121 119 28 49 1.269807    651 1.268908 0.999292    
28 122 127 125 28 50 1.263673    649 1.264000 1.000259    
28 128 133 131 28 51 1.262916    648 1.263359 1.000350    
28 134 139 137 28 52 1.268271    652 1.270073 1.001421    
28 140 145 143 28 53 1.264119    649 1.265734 1.001277    
28 146 151 149 28 54 1.260805    647 1.261745 1.000745    
28 152 157 155 28 55 1.257618    645 1.258065 1.000355    
28 158 163 161 28 56 1.255941    643 1.254658 0.998978    
28 164 169 167 28 57 1.253531    643 1.254491 1.000766    
28 170 175 173 28 58 1.248760    640 1.248555 0.999836    
28 176 181 179 28 59 1.246770    639 1.245810 0.999230    
28 182 187 185 28 60 1.238743    635 1.237838 0.999269    
28 188 193 191 28 61 1.227420    629 1.227749 1.000268    
28 194 254 224 28 62 1.191845    611 1.191964 1.000100    
28 255 255 255 28 63 1.190845    610 1.190196 0.999455    
29 0 0 0 29 0 1.000000    512 1.000000 1.000000       # ieta [30], pt 0
29 15 15 15 29 1 2.222985    9215 2.233333 1.004655    
29 16 16 16 29 2 2.138509    6143 2.125000 0.993683    
29 17 17 17 29 3 2.008774    2047 2.000000 0.995632    
29 18 18 18 29 4 1.934489    1003 1.944444 1.005146    
29 19 19 19 29 5 1.835406    950 1.842105 1.003650    
29 20 20 20 29 6 1.803288    929 1.800000 0.998177    
29 21 21 21 29 7 1.724687    886 1.714286 0.993969    
29 22 22 22 29 8 1.701067    879 1.704545 1.002045    
29 23 23 23 29 9 1.650835    852 1.652174 1.000811    
29 24 24 24 29 10 1.601466    827 1.604167 1.001686    
29 25 25 25 29 11 1.581090    814 1.580000 0.999311    
29 26 26 26 29 12 1.573770    813 1.576923 1.002003    
29 27 27 27 29 13 1.546588    801 1.555556 1.005799    
29 28 28 28 29 14 1.508068    775 1.500000 0.994650    
29 29 29 29 29 15 1.481086    764 1.482759 1.001129    
29 30 30 30 29 16 1.471285    756 1.466667 0.996861    
29 31 31 31 29 17 1.460490    756 1.467742 1.004965    
29 32 33 33 29 18 1.425790    733 1.424242 0.998914    
29 34 35 35 29 19 1.392861    721 1.400000 1.005125    
29 36 37 37 29 20 1.371711    709 1.378378 1.004861    
29 38 39 39 29 21 1.362403    700 1.358974 0.997484    
29 40 41 41 29 22 1.358167    697 1.353659 0.996680    
29 42 43 43 29 23 1.338399    688 1.337209 0.999111    
29 44 45 45 29 24 1.321315    680 1.322222 1.000687    
29 46 47 47 29 25 1.315836    678 1.319149 1.002517    
29 48 49 49 29 26 1.312979    677 1.316327 1.002550    
29 50 51 51 29 27 1.309464    675 1.313725 1.003255    
29 52 53 53 29 28 1.296743    665 1.292453 0.996691    
29 54 55 55 29 29 1.289751    663 1.290909 1.000898    
29 56 57 57 29 30 1.282836    658 1.280702 0.998336    
29 58 59 59 29 31 1.279809    658 1.279661 0.999884    
29 60 61 61 29 32 1.266829    653 1.270492 1.002892    
29 62 64 63 29 33 1.257279    645 1.253968 0.997367    
29 65 67 66 29 34 1.254469    646 1.257576 1.002477    
29 68 70 69 29 35 1.242759    640 1.246377 1.002911    
29 71 73 72 29 36 1.239122    635 1.236111 0.997570    
29 74 76 75 29 37 1.230710    633 1.233333 1.002132    
29 77 79 78 29 38 1.228658    632 1.230769 1.001718    
29 80 82 81 29 39 1.223308    627 1.222222 0.999112    
29 83 85 84 29 40 1.221922    626 1.220238 0.998622    
29 86 88 87 29 41 1.219406    625 1.218391 0.999168    
29 89 91 90 29 42 1.218031    624 1.216667 0.998880    
29 92 94 93 29 43 1.217675    624 1.215054 0.997847    
29 95 97 96 29 44 1.214292    623 1.213542 0.999382    
29 98 100 99 29 45 1.210422    622 1.212121 1.001404    
29 101 103 102 29 46 1.208681    621 1.210784 1.001740    
29 104 109 107 29 47 1.205848    619 1.205607 0.999800    
29 110 115 113 29 48 1.205971    620 1.207965 1.001653    
29 116 121 119 29 49 1.205087    619 1.205882 1.000660    
29 122 127 125 29 50 1.200985    616 1.200000 0.999180    
29 128 133 131 29 51 1.198264    615 1.198473 1.000175    
29 134 139 137 29 52 1.198831    614 1.197080 0.998540    
29 140 145 143 29 53 1.197016    614 1.195804 0.998988    
29 146 151 149 29 54 1.195703    613 1.194631 0.999103    
29 152 157 155 29 55 1.194339    612 1.193548 0.999338    
29 158 163 161 29 56 1.193027    612 1.192547 0.999597    
29 164 169 167 29 57 1.194285    613 1.194611 1.000273    
29 170 175 173 29 58 1.189725    611 1.190751 1.000863    
29 176 181 179 29 59 1.189183    610 1.189944 1.000640    
29 182 187 185 29 60 1.183434    607 1.183784 1.000295    
29 188 193 191 29 61 1.177071    604 1.178010 1.000798    
29 194 254 224 29 62 1.155564    593 1.156250 1.000594    
29 255 255 255 29 63 1.157450    593 1.156863 0.999493    
30 0 0 0 30 0 1.000000    512 1.000000 1.000000       # ieta [31], pt 0
30 15 15 15 30 1 2.221813    9215 2.233333 1.005185    
30 16 16 16 30 2 2.137303    6143 2.125000 0.994244    
30 17 17 17 30 3 2.007568    2047 2.000000 0.996230    
30 18 18 18 30 4 1.926583    991 1.916667 0.994853    
30 19 19 19 30 5 1.822997    938 1.815789 0.996046    
30 20 20 20 30 6 1.782801    917 1.775000 0.995624    
30 21 21 21 30 7 1.702884    884 1.714286 1.006696    
30 22 22 22 30 8 1.679193    867 1.681818 1.001563    
30 23 23 23 30 9 1.627190    840 1.630435 1.001994    
30 24 24 24 30 10 1.572201    807 1.562500 0.993830    
30 25 25 25 30 11 1.551824    804 1.560000 1.005268    
30 26 26 26 30 12 1.546256    794 1.538462 0.994959    
30 27 27 27 30 13 1.511278    782 1.518519 1.004791    
30 28 28 28 30 14 1.464888    754 1.464286 0.999589    
30 29 29 29 30 15 1.431106    737 1.431034 0.999950    
30 30 30 30 30 16 1.424234    731 1.416667 0.994687    
30 31 31 31 30 17 1.401360    723 1.403226 1.001331    
30 32 33 33 30 18 1.373428    710 1.378788 1.003903    
30 34 35 35 30 19 1.346916    692 1.342857 0.996987    
30 36 37 37 30 20 1.329674    682 1.324324 0.995977    
30 38 39 39 30 21 1.314870    680 1.320513 1.004291    
30 40 41 41 30 22 1.309701    672 1.304878 0.996317    
30 42 43 43 30 23 1.295742    665 1.290698 0.996107    
30 44 45 45 30 24 1.272400    657 1.277778 1.004227    
30 46 47 47 30 25 1.269343    651 1.265957 0.997333    
30 48 49 49 30 26 1.263812    651 1.265306 1.001182    
30 50 51 51 30 27 1.253028    645 1.254902 1.001496    
30 52 53 53 30 28 1.237025    635 1.235849 0.999049    
30 54 55 55 30 29 1.230384    631 1.227273 0.997471    
30 56 57 57 30 30 1.222530    627 1.219298 0.997356    
30 58 59 59 30 31 1.218562    627 1.220339 1.001458    
30 60 61 61 30 32 1.213371    624 1.213115 0.999789    
30 62 64 63 30 33 1.203821    620 1.206349 1.002100    
30 65 67 66 30 34 1.201818    619 1.204545 1.002269    
30 68 70 69 30 35 1.191724    611 1.188406 0.997216    
30 71 73 72 30 36 1.189780    610 1.187500 0.998084    
30 74 76 75 30 37 1.184957    609 1.186667 1.001443    
30 77 79 78 30 38 1.184284    609 1.185897 1.001363    
30 80 82 81 30 39 1.182103    608 1.185185 1.002607    
30 83 85 84 30 40 1.181061    605 1.178571 0.997892    
30 86 88 87 30 41 1.178613    605 1.178161 0.999617    
30 89 91 90 30 42 1.177327    605 1.177778 1.000383    
30 92 94 93 30 43 1.177147    604 1.177419 1.000232    
30 95 97 96 30 44 1.173764    601 1.171875 0.998391    
30 98 100 99 30 45 1.169894    601 1.171717 1.001558    
30 101 103 102 30 46 1.168153    599 1.166667 0.998728    
30 104 109 107 30 47 1.165320    597 1.163551 0.998482    
30 110 115 113 30 48 1.165442    597 1.163717 0.998519    
30 116 121 119 30 49 1.164559    597 1.163866 0.999404    
30 122 127 125 30 50 1.161443    595 1.160000 0.998757    
30 128 133 131 30 51 1.159200    596 1.160305 1.000954    
30 134 139 137 30 52 1.159768    596 1.160584 1.000704    
30 140 145 143 30 53 1.157952    594 1.157343 0.999473    
30 146 151 149 30 54 1.156640    594 1.157718 1.000932    
30 152 157 155 30 55 1.156059    592 1.154839 0.998944    
30 158 163 161 30 56 1.154904    593 1.155280 1.000325    
30 164 169 167 30 57 1.156162    593 1.155689 0.999591    
30 170 175 173 30 58 1.151601    590 1.150289 0.998860    
30 176 181 179 30 59 1.151406    590 1.150838 0.999507    
30 182 187 185 30 60 1.145657    588 1.145946 1.000252    
30 188 193 191 30 61 1.139293    584 1.138743 0.999517    
30 194 254 224 30 62 1.117786    573 1.118304 1.000463    
30 255 255 255 30 63 1.119672    574 1.119608 0.999943    
31 0 0 0 31 0 1.000000    512 1.000000 1.000000       # ieta [32], pt 0
31 15 15 15 31 1 2.212027    8191 2.200000 0.994563    
31 16 16 16 31 2 2.136468    6143 2.125000 0.994632    
31 17 17 17 31 3 2.006180    2047 2.000000 0.996919    
31 18 18 18 31 4 1.925196    990 1.916667 0.995570    
31 19 19 19 31 5 1.816709    937 1.815789 0.999494    
31 20 20 20 31 6 1.759177    904 1.750000 0.994783    
31 21 21 21 31 7 1.658337    860 1.666667 1.005023    
31 22 22 22 31 8 1.630713    844 1.636364 1.003465    
31 23 23 23 31 9 1.564747    807 1.565217 1.000301    
31 24 24 24 31 10 1.505796    774 1.500000 0.996151    
31 25 25 25 31 11 1.497356    773 1.500000 1.001766    
31 26 26 26 31 12 1.493934    773 1.500000 1.004061    
31 27 27 27 31 13 1.458300    754 1.462963 1.003197    
31 28 28 28 31 14 1.415332    728 1.410714 0.996737    
31 29 29 29 31 15 1.388941    720 1.396552 1.005480    
31 30 30 30 31 16 1.382068    713 1.383333 1.000915    
31 31 31 31 31 17 1.356401    698 1.354839 0.998848    
31 32 33 33 31 18 1.296522    671 1.303030 1.005020    
31 34 35 35 31 19 1.240226    640 1.242857 1.002122    
31 36 37 37 31 20 1.213138    626 1.216216 1.002538    
31 38 39 39 31 21 1.186625    614 1.192308 1.004789    
31 40 41 41 31 22 1.164507    598 1.158537 0.994873    
31 42 43 43 31 23 1.153154    593 1.151163 0.998274    
31 44 45 45 31 24 1.145696    589 1.144444 0.998907    
31 46 47 47 31 25 1.142958    587 1.138298 0.995923    
31 48 49 49 31 26 1.141388    588 1.142857 1.001287    
31 50 51 51 31 27 1.131370    581 1.127451 0.996536    
31 52 53 53 31 28 1.125202    578 1.122642 0.997725    
31 54 55 55 31 29 1.124569    580 1.127273 1.002404    
31 56 57 57 31 30 1.123081    577 1.122807 0.999756    
31 58 59 59 31 31 1.119114    575 1.118644 0.999581    
31 60 61 61 31 32 1.117263    573 1.114754 0.997755    
31 62 64 63 31 33 1.114120    571 1.111111 0.997300    
31 65 67 66 31 34 1.113064    573 1.113636 1.000514    
31 68 70 69 31 35 1.111798    570 1.108696 0.997210    
31 71 73 72 31 36 1.111004    571 1.111111 1.000096    
31 74 76 75 31 37 1.110546    572 1.113333 1.002510    
31 77 79 78 31 38 1.110750    570 1.108974 0.998401    
31 80 82 81 31 39 1.110324    571 1.111111 1.000709    
31 83 85 84 31 40 1.109940    569 1.107143 0.997480    
31 86 88 87 31 41 1.108498    569 1.109195 1.000629    
31 89 91 90 31 42 1.107534    568 1.105556 0.998214    
31 92 94 93 31 43 1.107427    569 1.107527 1.000090    
31 95 97 96 31 44 1.106504    567 1.104167 0.997888    
31 98 100 99 31 45 1.103864    568 1.106061 1.001990    
31 101 103 102 31 46 1.103187    566 1.102941 0.999777    
31 104 109 107 31 47 1.102482    566 1.102804 1.000292    
31 110 115 113 31 48 1.102605    566 1.101770 0.999243    
31 116 121 119 31 49 1.102857    565 1.100840 0.998172    
31 122 127 125 31 50 1.104827    567 1.104000 0.999252    
31 128 133 131 31 51 1.105587    568 1.106870 1.001161    
31 134 139 137 31 52 1.104629    568 1.105839 1.001096    
31 140 145 143 31 53 1.102813    565 1.101399 0.998717    
31 146 151 149 31 54 1.101501    565 1.100671 0.999247    
31 152 157 155 31 55 1.100920    564 1.100000 0.999164    
31 158 163 161 31 56 1.099765    564 1.099379 0.999649    
31 164 169 167 31 57 1.101023    565 1.101796 1.000703    
31 170 175 173 31 58 1.096462    562 1.095376 0.999009    
31 176 181 179 31 59 1.096267    562 1.094972 0.998819    
31 182 187 185 31 60 1.090518    559 1.089189 0.998782    
31 188 193 191 31 61 1.082771    556 1.083770 1.000922    
31 194 254 224 31 62 1.045638    535 1.044643 0.999048    
31 255 255 255 31 63 1.036651    532 1.037255 1.000583    
32 0 0 0 32 0 1.000000    512 1.000000 1.000000       # ieta [33], pt 0
32 15 15 15 32 1 2.229715    9215 2.233333 1.001623    
32 16 16 16 32 2 2.167429    7167 2.156250 0.994842    
32 17 17 17 32 3 2.037141    3071 2.029412 0.996206    
32 18 18 18 32 4 1.970646    1017 1.972222 1.000800    
32 19 19 19 32 5 1.860166    964 1.868421 1.004438    
32 20 20 20 32 6 1.750799    902 1.750000 0.999544    
32 21 21 21 32 7 1.648287    848 1.642857 0.996706    
32 22 22 22 32 8 1.620664    833 1.613636 0.995664    
32 23 23 23 32 9 1.548702    797 1.543478 0.996627    
32 24 24 24 32 10 1.486853    764 1.479167 0.994830    
32 25 25 25 32 11 1.477109    763 1.480000 1.001957    
32 26 26 26 32 12 1.473686    763 1.480769 1.004806    
32 27 27 27 32 13 1.438053    745 1.444444 1.004444    
32 28 28 28 32 14 1.398660    719 1.392857 0.995851    
32 29 29 29 32 15 1.368883    703 1.362069 0.995022    
32 30 30 30 32 16 1.362011    704 1.366667 1.003418    
32 31 31 31 32 17 1.333997    690 1.338710 1.003532    
32 32 33 33 32 18 1.271873    656 1.272727 1.000671    
32 34 35 35 32 19 1.212933    626 1.214286 1.001116    
32 36 37 37 32 20 1.182243    607 1.175676 0.994445    
32 38 39 39 32 21 1.153613    594 1.153846 1.000203    
32 40 41 41 32 22 1.128144    584 1.134146 1.005321    
32 42 43 43 32 23 1.117231    575 1.116279 0.999148    
32 44 45 45 32 24 1.109517    572 1.111111 1.001437    
32 46 47 47 32 25 1.108053    569 1.106383 0.998493    
32 48 49 49 32 26 1.106486    568 1.102041 0.995983    
32 50 51 51 32 27 1.096223    565 1.098039 1.001657    
32 52 53 53 32 28 1.088350    559 1.084906 0.996835    
32 54 55 55 32 29 1.082849    556 1.081818 0.999048    
32 56 57 57 32 30 1.081283    555 1.078947 0.997840    
32 58 59 59 32 31 1.080392    554 1.076271 0.996186    
32 60 61 61 32 32 1.079796    556 1.081967 1.002011    
32 62 64 63 32 33 1.079796    555 1.079365 0.999601    
32 65 67 66 32 34 1.079796    557 1.083333 1.003276    
32 68 70 69 32 35 1.079612    555 1.079710 1.000091    
32 71 73 72 32 36 1.079357    553 1.076389 0.997250    
32 74 76 75 32 37 1.078899    555 1.080000 1.001020    
32 77 79 78 32 38 1.079103    553 1.076923 0.997980    
32 80 82 81 32 39 1.078677    555 1.080247 1.001456    
32 83 85 84 32 40 1.078293    553 1.077381 0.999154    
32 86 88 87 32 41 1.076851    552 1.074713 0.998014    
32 89 91 90 32 42 1.076086    553 1.077778 1.001573    
32 92 94 93 32 43 1.076375    552 1.075269 0.998972    
32 95 97 96 32 44 1.076427    553 1.078125 1.001578    
32 98 100 99 32 45 1.074888    552 1.075758 1.000809    
32 101 103 102 32 46 1.074211    551 1.073529 0.999365    
32 104 109 107 32 47 1.073506    552 1.074766 1.001174    
32 110 115 113 32 48 1.073629    552 1.075221 1.001483    
32 116 121 119 32 49 1.073881    552 1.075630 1.001629    
32 122 127 125 32 50 1.075980    552 1.076000 1.000019    
32 128 133 131 32 51 1.076868    553 1.076336 0.999506    
32 134 139 137 32 52 1.075910    553 1.076642 1.000681    
32 140 145 143 32 53 1.074095    551 1.073427 0.999378    
32 146 151 149 32 54 1.072782    551 1.073826 1.000972    
32 152 157 155 32 55 1.072202    549 1.070968 0.998849    
32 158 163 161 32 56 1.071047    550 1.071429 1.000357    
32 164 169 167 32 57 1.072757    550 1.071856 0.999160    
32 170 175 173 32 58 1.068197    548 1.069364 1.001093    
32 176 181 179 32 59 1.068001    547 1.067039 0.999099    
32 182 187 185 32 60 1.062252    545 1.062162 0.999915    
32 188 193 191 32 61 1.054506    541 1.054974 1.000444    
32 194 254 224 32 62 1.017372    522 1.017857 1.000476    
32 255 255 255 32 63 1.008385    517 1.007843 0.999462    
33 0 0 0 33 0 1.000000    512 1.000000 1.000000       # ieta [34], pt 0
33 15 15 15 33 1 2.243714    9215 2.233333 0.995373    
33 16 16 16 33 2 2.196619    8191 2.187500 0.995849    
33 17 17 17 33 3 2.102100    5119 2.088235 0.993404    
33 18 18 18 33 4 2.038376    3071 2.027778 0.994801    
33 19 19 19 33 5 1.965482    1017 1.973684 1.004173    
33 20 20 20 33 6 1.833576    943 1.825000 0.995323    
33 21 21 21 33 7 1.696309    873 1.690476 0.996562    
33 22 22 22 33 8 1.668685    858 1.659091 0.994250    
33 23 23 23 33 9 1.573202    809 1.565217 0.994925    
33 24 24 24 33 10 1.492223    773 1.500000 1.005212    
33 25 25 25 33 11 1.474495    763 1.480000 1.003734    
33 26 26 26 33 12 1.471072    756 1.461538 0.993520    
33 27 27 27 33 13 1.435438    745 1.444444 1.006274    
33 28 28 28 33 14 1.396045    718 1.392857 0.997717    
33 29 29 29 33 15 1.365036    702 1.362069 0.997826    
33 30 30 30 33 16 1.358164    697 1.350000 0.993989    
33 31 31 31 33 17 1.330151    683 1.322581 0.994309    
33 32 33 33 33 18 1.268027    656 1.272727 1.003707    
33 34 35 35 33 19 1.209086    626 1.214286 1.004301    
33 36 37 37 33 20 1.177350    605 1.175676 0.998578    
33 38 39 39 33 21 1.147674    594 1.153846 1.005378    
33 40 41 41 33 22 1.121554    578 1.121951 1.000355    
33 42 43 43 33 23 1.109649    570 1.104651 0.995496    
33 44 45 45 33 24 1.101595    566 1.100000 0.998552    
33 46 47 47 33 25 1.100131    565 1.095745 0.996013    
33 48 49 49 33 26 1.098564    567 1.102041 1.003165    
33 50 51 51 33 27 1.091146    560 1.088235 0.997333    
33 52 53 53 33 28 1.083273    558 1.084906 1.001507    
33 54 55 55 33 29 1.077772    556 1.081818 1.003754    
33 56 57 57 33 30 1.076206    555 1.078947 1.002547    
33 58 59 59 33 31 1.075315    554 1.076271 1.000889    
33 60 61 61 33 32 1.074719    552 1.073770 0.999117    
33 62 64 63 33 33 1.074719    551 1.071429 0.996938    
33 65 67 66 33 34 1.074719    553 1.075758 1.000966    
33 68 70 69 33 35 1.074535    551 1.072464 0.998072    
33 71 73 72 33 36 1.074507    553 1.076389 1.001751    
33 74 76 75 33 37 1.074503    551 1.073333 0.998912    
33 77 79 78 33 38 1.074706    553 1.076923 1.002063    
33 80 82 81 33 39 1.074280    552 1.074074 0.999808    
33 83 85 84 33 40 1.074299    551 1.071429 0.997328    
33 86 88 87 33 41 1.073058    552 1.074713 1.001542    
33 89 91 90 33 42 1.072502    550 1.072222 0.999739    
33 92 94 93 33 43 1.073761    552 1.075269 1.001405    
33 95 97 96 33 44 1.073812    551 1.072917 0.999166    
33 98 100 99 33 45 1.072274    550 1.070707 0.998539    
33 101 103 102 33 46 1.071597    551 1.073529 1.001804    
33 104 109 107 33 47 1.070892    549 1.070093 0.999255    
33 110 115 113 33 48 1.071817    550 1.070796 0.999048    
33 116 121 119 33 49 1.072229    550 1.071429 0.999253    
33 122 127 125 33 50 1.075617    552 1.076000 1.000356    
33 128 133 131 33 51 1.077795    553 1.076336 0.998646    
33 134 139 137 33 52 1.076837    553 1.076642 0.999820    
33 140 145 143 33 53 1.075022    551 1.073427 0.998516    
33 146 151 149 33 54 1.073709    551 1.073826 1.000109    
33 152 157 155 33 55 1.074151    551 1.074194 1.000040    
33 158 163 161 33 56 1.075041    551 1.074534 0.999528    
33 164 169 167 33 57 1.076752    553 1.077844 1.001015    
33 170 175 173 33 58 1.072191    550 1.072254 1.000059    
33 176 181 179 33 59 1.071996    550 1.072626 1.000588    
33 182 187 185 33 60 1.066247    547 1.067568 1.001239    
33 188 193 191 33 61 1.058500    542 1.057592 0.999141    
33 194 254 224 33 62 1.020860    523 1.020089 0.999245    
33 255 255 255 33 63 1.009802    518 1.009804 1.000002    
34 0 0 0 34 0 1.000000    512 1.000000 1.000000       # ieta [35], pt 0
34 15 15 15 34 1 2.325417    12287 2.333333 1.003404    
34 16 16 16 34 2 2.265247    10239 2.250000 0.993269    
34 17 17 17 34 3 2.245188    10239 2.235294 0.995593    
34 18 18 18 34 4 2.218839    10239 2.222222 1.001525    
34 19 19 19 34 5 2.237263    11263 2.236842 0.999812    
34 20 20 20 34 6 2.110608    6143 2.100000 0.994974    
34 21 21 21 34 7 2.005283    2047 2.000000 0.997365    
34 22 22 22 34 8 1.975058    1018 1.977273 1.001121    
34 23 23 23 34 9 1.776569    918 1.782609 1.003400    
34 24 24 24 34 10 1.614598    837 1.625000 1.006442    
34 25 25 25 34 11 1.503074    774 1.500000 0.997955    
34 26 26 26 34 12 1.496520    773 1.500000 1.002325    
34 27 27 27 34 13 1.460887    754 1.462963 1.001421    
34 28 28 28 34 14 1.416472    728 1.410714 0.995935    
34 29 29 29 34 15 1.405615    728 1.413793 1.005818    
34 30 30 30 34 16 1.407768    723 1.400000 0.994482    
34 31 31 31 34 17 1.389751    715 1.387097 0.998090    
34 32 33 33 34 18 1.365270    702 1.363636 0.998804    
34 34 35 35 34 19 1.311252    677 1.314286 1.002314    
34 36 37 37 34 20 1.272516    654 1.270270 0.998235    
34 38 39 39 34 21 1.227695    634 1.230769 1.002504    
34 40 41 41 34 22 1.160115    597 1.158537 0.998639    
34 42 43 43 34 23 1.137691    587 1.139535 1.001621    
34 44 45 45 34 24 1.129964    583 1.133333 1.002981    
34 46 47 47 34 25 1.137077    586 1.138298 1.001074    
34 48 49 49 34 26 1.143795    588 1.142857 0.999180    
34 50 51 51 34 27 1.136469    585 1.137255 1.000692    
34 52 53 53 34 28 1.128596    582 1.132075 1.003083    
34 54 55 55 34 29 1.122720    576 1.118182 0.995958    
34 56 57 57 34 30 1.117479    573 1.114035 0.996918    
34 58 59 59 34 31 1.115490    575 1.118644 1.002827    
34 60 61 61 34 32 1.113797    573 1.114754 1.000860    
34 62 64 63 34 33 1.113797    571 1.111111 0.997589    
34 65 67 66 34 34 1.113797    573 1.113636 0.999856    
34 68 70 69 34 35 1.111351    570 1.108696 0.997610    
34 71 73 72 34 36 1.111509    571 1.111111 0.999642    
34 74 76 75 34 37 1.111390    572 1.113333 1.001748    
34 77 79 78 34 38 1.111594    570 1.108974 0.997643    
34 80 82 81 34 39 1.111168    571 1.111111 0.999949    
34 83 85 84 34 40 1.110595    571 1.113095 1.002251    
34 86 88 87 34 41 1.107740    569 1.109195 1.001314    
34 89 91 90 34 42 1.102412    565 1.100000 0.997812    
34 92 94 93 34 43 1.101828    566 1.102151 1.000293    
34 95 97 96 34 44 1.101879    567 1.104167 1.002076    
34 98 100 99 34 45 1.100341    565 1.101010 1.000608    
34 101 103 102 34 46 1.099357    564 1.098039 0.998801    
34 104 109 107 34 47 1.098039    564 1.098131 1.000083    
34 110 115 113 34 48 1.098964    563 1.097345 0.998527    
34 116 121 119 34 49 1.099377    565 1.100840 1.001331    
34 122 127 125 34 50 1.107080    569 1.108000 1.000831    
34 128 133 131 34 51 1.111342    570 1.110687 0.999410    
34 134 139 137 34 52 1.110384    569 1.109489 0.999194    
34 140 145 143 34 53 1.108569    569 1.108392 0.999840    
34 146 151 149 34 54 1.107257    568 1.107383 1.000114    
34 152 157 155 34 55 1.107699    568 1.106452 0.998874    
34 158 163 161 34 56 1.108589    569 1.108696 1.000096    
34 164 169 167 34 57 1.110299    570 1.110778 1.000431    
34 170 175 173 34 58 1.105739    568 1.106936 1.001083    
34 176 181 179 34 59 1.105543    567 1.106145 1.000544    
34 182 187 185 34 60 1.099795    564 1.100000 1.000187    
34 188 193 191 34 61 1.092048    560 1.091623 0.999611    
34 194 254 224 34 62 1.054408    540 1.053571 0.999207    
34 255 255 255 34 63 1.043349    535 1.043137 0.999797    
35 0 0 0 35 0 1.000000    512 1.000000 1.000000       # ieta [36], pt 0
35 15 15 15 35 1 2.668721    22527 2.666667 0.999230    
35 16 16 16 35 2 2.543529    19455 2.531250 0.995172    
35 17 17 17 35 3 2.504050    19455 2.500000 0.998383    
35 18 18 18 35 4 2.447872    18431 2.444444 0.998600    
35 19 19 19 35 5 2.379755    16383 2.368421 0.995237    
35 20 20 20 35 6 2.251566    12287 2.250000 0.999304    
35 21 21 21 35 7 2.183295    10239 2.190476 1.003289    
35 22 22 22 35 8 2.129151    8191 2.136364 1.003388    
35 23 23 23 35 9 2.034756    4095 2.043478 1.004287    
35 24 24 24 35 10 1.932064    997 1.937500 1.002813    
35 25 25 25 35 11 1.896738    978 1.900000 1.001720    
35 26 26 26 35 12 1.896041    980 1.903846 1.004117    
35 27 27 27 35 13 1.842907    953 1.851852 1.004854    
35 28 28 28 35 14 1.791521    920 1.785714 0.996759    
35 29 29 29 35 15 1.788252    923 1.793103 1.002713    
35 30 30 30 35 16 1.770020    910 1.766667 0.998106    
35 31 31 31 35 17 1.721132    888 1.725806 1.002716    
35 32 33 33 35 18 1.683942    865 1.681818 0.998739    
35 34 35 35 35 19 1.637659    845 1.642857 1.003174    
35 36 37 37 35 20 1.591552    820 1.594595 1.001912    
35 38 39 39 35 21 1.547889    798 1.551282 1.002192    
35 40 41 41 35 22 1.494552    771 1.500000 1.003645    
35 42 43 43 35 23 1.442906    742 1.441860 0.999276    
35 44 45 45 35 24 1.400174    720 1.400000 0.999876    
35 46 47 47 35 25 1.399509    722 1.404255 1.003392    
35 48 49 49 35 26 1.389284    713 1.387755 0.998900    
35 50 51 51 35 27 1.369079    705 1.372549 1.002534    
35 52 53 53 35 28 1.351307    693 1.349057 0.998334    
35 54 55 55 35 29 1.344160    691 1.345455 1.000963    
35 56 57 57 35 30 1.333072    685 1.333333 1.000196    
35 58 59 59 35 31 1.327726    684 1.330508 1.002096    
35 60 61 61 35 32 1.324578    682 1.327869 1.002484    
35 62 64 63 35 33 1.324578    681 1.325397 1.000618    
35 65 67 66 35 34 1.324578    681 1.325758 1.000890    
35 68 70 69 35 35 1.322133    677 1.318841 0.997510    
35 71 73 72 35 36 1.321844    678 1.319444 0.998184    
35 74 76 75 35 37 1.320832    678 1.320000 0.999370    
35 77 79 78 35 38 1.318093    678 1.320513 1.001836    
35 80 82 81 35 39 1.317667    675 1.314815 0.997836    
35 83 85 84 35 40 1.317094    675 1.315476 0.998772    
35 86 88 87 35 41 1.314239    675 1.316092 1.001410    
35 89 91 90 35 42 1.308911    673 1.311111 1.001681    
35 92 94 93 35 43 1.308326    670 1.306452 0.998567    
35 95 97 96 35 44 1.308378    671 1.307292 0.999170    
35 98 100 99 35 45 1.306839    671 1.308081 1.000950    
35 101 103 102 35 46 1.305856    669 1.303922 0.998519    
35 104 109 107 35 47 1.304538    669 1.303738 0.999387    
35 110 115 113 35 48 1.305463    670 1.305310 0.999883    
35 116 121 119 35 49 1.305875    671 1.306723 1.000649    
35 122 127 125 35 50 1.312641    673 1.312000 0.999512    
35 128 133 131 35 51 1.315968    676 1.316794 1.000628    
35 134 139 137 35 52 1.315009    674 1.313869 0.999132    
35 140 145 143 35 53 1.313194    674 1.314685 1.001135    
35 146 151 149 35 54 1.311882    673 1.312081 1.000152    
35 152 157 155 35 55 1.312324    673 1.312903 1.000442    
35 158 163 161 35 56 1.313214    674 1.313665 1.000343    
35 164 169 167 35 57 1.314925    674 1.314371 0.999579    
35 170 175 173 35 58 1.310364    671 1.309249 0.999149    
35 176 181 179 35 59 1.310169    672 1.310056 0.999914    
35 182 187 185 35 60 1.304420    669 1.305405 1.000756    
35 188 193 191 35 61 1.296673    664 1.295812 0.999335    
35 194 254 224 35 62 1.259033    645 1.258929 0.999917    
35 255 255 255 35 63 1.247975    639 1.247059 0.999266    
36 0 0 0 36 0 1.000000    512 1.000000 1.000000       # ieta [37], pt 0
36 15 15 15 36 1 2.782301    25599 2.766667 0.994381    
36 16 16 16 36 2 2.667865    23551 2.656250 0.995646    
36 17 17 17 36 3 2.642721    24575 2.647059 1.001641    
36 18 18 18 36 4 2.591172    23551 2.583333 0.996975    
36 19 19 19 36 5 2.522102    22527 2.526316 1.001671    
36 20 20 20 36 6 2.425099    19455 2.425000 0.999959    
36 21 21 21 36 7 2.239450    12287 2.238095 0.999395    
36 22 22 22 36 8 2.185305    10239 2.181818 0.998404    
36 23 23 23 36 9 2.138540    8191 2.130435 0.996210    
36 24 24 24 36 10 2.096411    7167 2.104167 1.003699    
36 25 25 25 36 11 2.099162    7167 2.100000 1.000399    
36 26 26 26 36 12 2.098464    7167 2.096154 0.998899    
36 27 27 27 36 13 2.054655    5119 2.055556 1.000438    
36 28 28 28 36 14 2.093941    7167 2.089286 0.997777    
36 29 29 29 36 15 2.062325    6143 2.068966 1.003220    
36 30 30 30 36 16 2.037652    4095 2.033333 0.997880    
36 31 31 31 36 17 1.969851    1012 1.967742 0.998930    
36 32 33 33 36 18 1.910232    982 1.909091 0.999403    
36 34 35 35 36 19 1.849292    948 1.842857 0.996520    
36 36 37 37 36 20 1.803009    925 1.797297 0.996832    
36 38 39 39 36 21 1.765530    909 1.769231 1.002096    
36 40 41 41 36 22 1.712657    878 1.707317 0.996882    
36 42 43 43 36 23 1.662980    855 1.662791 0.999886    
36 44 45 45 36 24 1.624052    834 1.622222 0.998874    
36 46 47 47 36 25 1.612512    831 1.617021 1.002796    
36 48 49 49 36 26 1.588294    818 1.591837 1.002230    
36 50 51 51 36 27 1.556397    801 1.558824 1.001559    
36 52 53 53 36 28 1.495551    770 1.500000 1.002975    
36 54 55 55 36 29 1.460003    752 1.463636 1.002488    
36 56 57 57 36 30 1.433397    735 1.429825 0.997508    
36 58 59 59 36 31 1.430693    736 1.432203 1.001056    
36 60 61 61 36 32 1.427959    733 1.426230 0.998789    
36 62 64 63 36 33 1.427959    734 1.428571 1.000429    
36 65 67 66 36 34 1.427959    732 1.424242 0.997398    
36 68 70 69 36 35 1.421153    729 1.420290 0.999393    
36 71 73 72 36 36 1.416133    727 1.416667 1.000377    
36 74 76 75 36 37 1.412755    726 1.413333 1.000409    
36 77 79 78 36 38 1.410017    724 1.410256 1.000170    
36 80 82 81 36 39 1.409590    722 1.407407 0.998451    
36 83 85 84 36 40 1.409018    724 1.410714 1.001204    
36 86 88 87 36 41 1.406163    722 1.408046 1.001339    
36 89 91 90 36 42 1.400835    718 1.400000 0.999404    
36 92 94 93 36 43 1.400250    717 1.397849 0.998286    
36 95 97 96 36 44 1.400302    719 1.401042 1.000528    
36 98 100 99 36 45 1.398763    718 1.398990 1.000162    
36 101 103 102 36 46 1.397780    717 1.397059 0.999484    
36 104 109 107 36 47 1.396462    717 1.397196 1.000526    
36 110 115 113 36 48 1.396720    717 1.398230 1.001081    
36 116 121 119 36 49 1.396933    716 1.394958 0.998586    
36 122 127 125 36 50 1.403699    720 1.404000 1.000215    
36 128 133 131 36 51 1.407025    723 1.408397 1.000975    
36 134 139 137 36 52 1.406067    721 1.405109 0.999319    
36 140 145 143 36 53 1.400210    717 1.398601 0.998851    
36 146 151 149 36 54 1.398088    718 1.399329 1.000887    
36 152 157 155 36 55 1.392818    715 1.393548 1.000524    
36 158 163 161 36 56 1.390725    713 1.391304 1.000416    
36 164 169 167 36 57 1.392436    714 1.392216 0.999842    
36 170 175 173 36 58 1.387876    711 1.387283 0.999573    
36 176 181 179 36 59 1.387680    712 1.388268 1.000424    
36 182 187 185 36 60 1.381931    708 1.381081 0.999385    
36 188 193 191 36 61 1.374185    705 1.374346 1.000117    
36 194 254 224 36 62 1.336544    685 1.337054 1.000381    
36 255 255 255 36 63 1.325486    679 1.325490 1.000003    
37 0 0 0 37 0 1.000000    512 1.000000 1.000000       # ieta [38], pt 0
37 15 15 15 37 1 2.935691    30719 2.933333 0.999197    
37 16 16 16 37 2 2.884361    30719 2.875000 0.996755    
37 17 17 17 37 3 2.845967    31743 2.852941 1.002451    
37 18 18 18 37 4 2.715193    28671 2.722222 1.002589    
37 19 19 19 37 5 2.655877    27647 2.657895 1.000760    
37 20 20 20 37 6 2.572370    25599 2.575000 1.001023    
37 21 21 21 37 7 2.445250    21503 2.452381 1.002916    
37 22 22 22 37 8 2.411454    20479 2.409091 0.999020    
37 23 23 23 37 9 2.352808    18431 2.347826 0.997883    
37 24 24 24 37 10 2.315634    17407 2.312500 0.998646    
37 25 25 25 37 11 2.294253    17407 2.300000 1.002505    
37 26 26 26 37 12 2.245258    15359 2.250000 1.002112    
37 27 27 27 37 13 2.202276    13311 2.203704 1.000648    
37 28 28 28 37 14 2.223419    15359 2.232143 1.003924    
37 29 29 29 37 15 2.187850    13311 2.189655 1.000825    
37 30 30 30 37 16 2.169749    12287 2.166667 0.998580    
37 31 31 31 37 17 2.103008    8191 2.096774 0.997036    
37 32 33 33 37 18 2.058956    6143 2.060606 1.000801    
37 34 35 35 37 19 1.972830    1013 1.971429 0.999290    
37 36 37 37 37 20 1.988294    1021 1.986486 0.999091    
37 38 39 39 37 21 1.883772    968 1.884615 1.000448    
37 40 41 41 37 22 1.831009    940 1.829268 0.999049    
37 42 43 43 37 23 1.774502    914 1.779070 1.002574    
37 44 45 45 37 24 1.751751    902 1.755556 1.002172    
37 46 47 47 37 25 1.739411    896 1.744681 1.003029    
37 48 49 49 37 26 1.700739    875 1.704082 1.001965    
37 50 51 51 37 27 1.661805    856 1.666667 1.002926    
37 52 53 53 37 28 1.588601    815 1.584906 0.997674    
37 54 55 55 37 29 1.550677    798 1.554545 1.002495    
37 56 57 57 37 30 1.517939    779 1.517544 0.999740    
37 58 59 59 37 31 1.515235    779 1.516949 1.001131    
37 60 61 61 37 32 1.512501    779 1.516393 1.002574    
37 62 64 63 37 33 1.512501    779 1.515873 1.002229    
37 65 67 66 37 34 1.512501    778 1.515152 1.001752    
37 68 70 69 37 35 1.497347    770 1.500000 1.001772    
37 71 73 72 37 36 1.497059    770 1.500000 1.001965    
37 74 76 75 37 37 1.496046    766 1.493333 0.998187    
37 77 79 78 37 38 1.493307    766 1.493590 1.000189    
37 80 82 81 37 39 1.492919    766 1.493827 1.000608    
37 83 85 84 37 40 1.492464    766 1.494048 1.001061    
37 86 88 87 37 41 1.489804    764 1.488506 0.999129    
37 89 91 90 37 42 1.484476    761 1.483333 0.999230    
37 92 94 93 37 43 1.483891    761 1.483871 0.999986    
37 95 97 96 37 44 1.483943    761 1.484375 1.000291    
37 98 100 99 37 45 1.482404    762 1.484848 1.001649    
37 101 103 102 37 46 1.481456    759 1.480392 0.999282    
37 104 109 107 37 47 1.475262    758 1.476636 1.000931    
37 110 115 113 37 48 1.475521    756 1.473451 0.998597    
37 116 121 119 37 49 1.475145    757 1.474790 0.999759    
37 122 127 125 37 50 1.480848    759 1.480000 0.999428    
37 128 133 131 37 51 1.484287    762 1.484733 1.000301    
37 134 139 137 37 52 1.483329    760 1.481752 0.998937    
37 140 145 143 37 53 1.477471    759 1.479021 1.001049    
37 146 151 149 37 54 1.475350    757 1.476510 1.000786    
37 152 157 155 37 55 1.470080    754 1.470968 1.000604    
37 158 163 161 37 56 1.467987    753 1.468944 1.000652    
37 164 169 167 37 57 1.469697    754 1.470060 1.000247    
37 170 175 173 37 58 1.465137    751 1.465318 1.000123    
37 176 181 179 37 59 1.464941    750 1.463687 0.999144    
37 182 187 185 37 60 1.459193    748 1.459459 1.000183    
37 188 193 191 37 61 1.451446    743 1.450262 0.999184    
37 194 254 224 37 62 1.417547    726 1.417411 0.999904    
37 255 255 255 37 63 1.410894    723 1.411765 1.000617    
38 0 0 0 38 0 1.000000    512 1.000000 1.000000       # ieta [39], pt 0
38 15 15 15 38 1 3.143279    36863 3.133333 0.996836    
38 16 16 16 38 2 3.107648    37887 3.093750 0.995528    
38 17 17 17 38 3 3.096447    39935 3.088235 0.997348    
38 18 18 18 38 4 2.970169    37887 2.972222 1.000691    
38 19 19 19 38 5 2.883177    36863 2.894737 1.004009    
38 20 20 20 38 6 2.788864    34815 2.800000 1.003993    
38 21 21 21 38 7 2.662745    30719 2.666667 1.001473    
38 22 22 22 38 8 2.615862    29695 2.613636 0.999149    
38 23 23 23 38 9 2.549057    27647 2.543478 0.997811    
38 24 24 24 38 10 2.521179    27647 2.520833 0.999863    
38 25 25 25 38 11 2.498886    27647 2.500000 1.000446    
38 26 26 26 38 12 2.456576    26623 2.461538 1.002020    
38 27 27 27 38 13 2.420886    25599 2.425926 1.002082    
38 28 28 28 38 14 2.449970    27647 2.446429 0.998555    
38 29 29 29 38 15 2.431320    27647 2.431034 0.999882    
38 30 30 30 38 16 2.424448    27647 2.416667 0.996790    
38 31 31 31 38 17 2.363294    25599 2.370968 1.003247    
38 32 33 33 38 18 2.319241    23551 2.318182 0.999543    
38 34 35 35 38 19 2.258006    20479 2.257143 0.999618    
38 36 37 37 38 20 2.174964    15359 2.175676 1.000327    
38 38 39 39 38 21 2.117332    11263 2.115385 0.999080    
38 40 41 41 38 22 2.064569    7167 2.060976 0.998259    
38 42 43 43 38 23 2.000828    2047 2.000000 0.999586    
38 44 45 45 38 24 1.940601    999 1.944444 1.001981    
38 46 47 47 38 25 1.924464    989 1.925532 1.000555    
38 48 49 49 38 26 1.881994    965 1.877551 0.997639    
38 50 51 51 38 27 1.843060    946 1.843137 1.000042    
38 52 53 53 38 28 1.762565    906 1.764151 1.000900    
38 54 55 55 38 29 1.724641    887 1.727273 1.001526    
38 56 57 57 38 30 1.674985    860 1.675439 1.000271    
38 58 59 59 38 31 1.664339    853 1.661017 0.998004    
38 60 61 61 38 32 1.661605    854 1.663934 1.001402    
38 62 64 63 38 33 1.661605    852 1.658730 0.998270    
38 65 67 66 38 34 1.661605    852 1.659091 0.998487    
38 68 70 69 38 35 1.646452    844 1.644928 0.999074    
38 71 73 72 38 36 1.643661    845 1.645833 1.001322    
38 74 76 75 38 37 1.637644    842 1.640000 1.001439    
38 77 79 78 38 38 1.637847    842 1.641026 1.001941    
38 80 82 81 38 39 1.637459    839 1.635802 0.998988    
38 83 85 84 38 40 1.637004    840 1.636905 0.999940    
38 86 88 87 38 41 1.634344    837 1.632184 0.998679    
38 89 91 90 38 42 1.629016    835 1.627778 0.999240    
38 92 94 93 38 43 1.628431    836 1.629032 1.000369    
38 95 97 96 38 44 1.628483    836 1.630208 1.001060    
38 98 100 99 38 45 1.626944    834 1.626263 0.999581    
38 101 103 102 38 46 1.625996    835 1.627451 1.000895    
38 104 109 107 38 47 1.619802    832 1.621495 1.001045    
38 110 115 113 38 48 1.620061    831 1.619469 0.999635    
38 116 121 119 38 49 1.617587    830 1.617647 1.000037    
38 122 127 125 38 50 1.619092    831 1.620000 1.000561    
38 128 133 131 38 51 1.622531    832 1.622137 0.999758    
38 134 139 137 38 52 1.621572    831 1.620438 0.999300    
38 140 145 143 38 53 1.615715    828 1.615385 0.999796    
38 146 151 149 38 54 1.613594    828 1.614094 1.000310    
38 152 157 155 38 55 1.608324    825 1.609677 1.000842    
38 158 163 161 38 56 1.606231    823 1.605590 0.999601    
38 164 169 167 38 57 1.607941    824 1.607784 0.999902    
38 170 175 173 38 58 1.603381    822 1.604046 1.000415    
38 176 181 179 38 59 1.603185    822 1.603352 1.000104    
38 182 187 185 38 60 1.597436    819 1.597297 0.999913    
38 188 193 191 38 61 1.589690    814 1.589005 0.999569    
38 194 254 224 38 62 1.555791    797 1.555804 1.000008    
38 255 255 255 38 63 1.549138    794 1.549020 0.999924    
39 0 0 0 39 0 1.000000    512 1.000000 1.000000       # ieta [40], pt 0
39 15 15 15 39 1 3.143279    36863 3.133333 0.996836    
39 16 16 16 39 2 3.107648    37887 3.093750 0.995528    
39 17 17 17 39 3 3.096447    39935 3.088235 0.997348    
39 18 18 18 39 4 2.970169    37887 2.972222 1.000691    
39 19 19 19 39 5 2.886818    36863 2.894737 1.002743    
39 20 20 20 39 6 2.792505    34815 2.800000 1.002684    
39 21 21 21 39 7 2.666386    30719 2.666667 1.000105    
39 22 22 22 39 8 2.619503    29695 2.613636 0.997760    
39 23 23 23 39 9 2.552698    27647 2.543478 0.996388    
39 24 24 24 39 10 2.521179    27647 2.520833 0.999863    
39 25 25 25 39 11 2.498886    27647 2.500000 1.000446    
39 26 26 26 39 12 2.456576    26623 2.461538 1.002020    
39 27 27 27 39 13 2.420886    25599 2.425926 1.002082    
39 28 28 28 39 14 2.449970    27647 2.446429 0.998555    
39 29 29 29 39 15 2.431320    27647 2.431034 0.999882    
39 30 30 30 39 16 2.424448    27647 2.416667 0.996790    
39 31 31 31 39 17 2.363294    25599 2.370968 1.003247    
39 32 33 33 39 18 2.319241    23551 2.318182 0.999543    
39 34 35 35 39 19 2.258006    20479 2.257143 0.999618    
39 36 37 37 39 20 2.174964    15359 2.175676 1.000327    
39 38 39 39 39 21 2.117332    11263 2.115385 0.999080    
39 40 41 41 39 22 2.064569    7167 2.060976 0.998259    
39 42 43 43 39 23 2.000828    2047 2.000000 0.999586    
39 44 45 45 39 24 1.940601    999 1.944444 1.001981    
39 46 47 47 39 25 1.924464    989 1.925532 1.000555    
39 48 49 49 39 26 1.881994    965 1.877551 0.997639    
39 50 51 51 39 27 1.843060    946 1.843137 1.000042    
39 52 53 53 39 28 1.762565    906 1.764151 1.000900    
39 54 55 55 39 29 1.724641    887 1.727273 1.001526    
39 56 57 57 39 30 1.674985    860 1.675439 1.000271    
39 58 59 59 39 31 1.664339    853 1.661017 0.998004    
39 60 61 61 39 32 1.661605    854 1.663934 1.001402    
39 62 64 63 39 33 1.661605    852 1.658730 0.998270    
39 65 67 66 39 34 1.661605    852 1.659091 0.998487    
39 68 70 69 39 35 1.646452    844 1.644928 0.999074    
39 71 73 72 39 36 1.643661    845 1.645833 1.001322    
39 74 76 75 39 37 1.637644    842 1.640000 1.001439    
39 77 79 78 39 38 1.637847    842 1.641026 1.001941    
39 80 82 81 39 39 1.637459    839 1.635802 0.998988    
39 83 85 84 39 40 1.637004    840 1.636905 0.999940    
39 86 88 87 39 41 1.634344    837 1.632184 0.998679    
39 89 91 90 39 42 1.629016    835 1.627778 0.999240    
39 92 94 93 39 43 1.628431    836 1.629032 1.000369    
39 95 97 96 39 44 1.628483    836 1.630208 1.001060    
39 98 100 99 39 45 1.626944    834 1.626263 0.999581    
39 101 103 102 39 46 1.625996    835 1.627451 1.000895    
39 104 109 107 39 47 1.619802    832 1.621495 1.001045    
39 110 115 113 39 48 1.620061    831 1.619469 0.999635    
39 116 121 119 39 49 1.617587    830 1.617647 1.000037    
39 122 127 125 39 50 1.619092    831 1.620000 1.000561    
39 128 133 131 39 51 1.622531    832 1.622137 0.999758    
39 134 139 137 39 52 1.621572    831 1.620438 0.999300    
39 140 145 143 39 53 1.615715    828 1.615385 0.999796    
39 146 151 149 39 54 1.613594    828 1.614094 1.000310    
39 152 157 155 39 55 1.608324    825 1.609677 1.000842    
39 158 163 161 39 56 1.606231    823 1.605590 0.999601    
39 164 169 167 39 57 1.607941    824 1.607784 0.999902    
39 170 175 173 39 58 1.603381    822 1.604046 1.000415    
39 176 181 179 39 59 1.603185    822 1.603352 1.000104    
39 182 187 185 39 60 1.597436    819 1.597297 0.999913    
39 188 193 191 39 61 1.589690    814 1.589005 0.999569    
39 194 254 224 39 62 1.555791    797 1.555804 1.000008    
39 255 255 255 39 63 1.549138    794 1.549020 0.999924    
