# columns 
# CaloToolMPEtaBin PtMin PtMax avgPt IEtaBin_forLUT_col1 PtBin_forLUT SF
0 0 0 0 0 0 1.000000    512 1.000000 1.000000       # ieta [1], pt 0
0 15 15 15 0 1 2.189047    8191 2.200000 1.005003    
0 16 16 16 0 2 2.162309    7167 2.156250 0.997198    
0 17 17 17 0 3 2.138625    7167 2.147059 1.003944    
0 18 18 18 0 4 2.132239    7167 2.138889 1.003119    
0 19 19 19 0 5 2.123877    7167 2.131579 1.003626    
0 20 20 20 0 6 2.101482    6143 2.100000 0.999295    
0 21 21 21 0 7 2.087616    6143 2.095238 1.003651    
0 22 22 22 0 8 2.053004    4095 2.045455 0.996323    
0 23 23 23 0 9 2.033348    4095 2.043478 1.004982    
0 24 24 24 0 10 2.013306    3071 2.020833 1.003739    
0 25 25 25 0 11 1.961784    1009 1.960000 0.999091    
0 26 26 26 0 12 1.972053    1019 1.980769 1.004420    
0 27 27 27 0 13 1.936605    1001 1.944444 1.004048    
0 28 28 28 0 14 1.929132    992 1.928571 0.999710    
0 29 29 29 0 15 1.901041    976 1.896552 0.997638    
0 30 30 30 0 16 1.912429    986 1.916667 1.002216    
0 31 31 31 0 17 1.893155    972 1.887097 0.996800    
0 32 33 33 0 18 1.865833    958 1.863636 0.998823    
0 34 35 35 0 19 1.833895    941 1.828571 0.997097    
0 36 37 37 0 20 1.794393    924 1.797297 1.001618    
0 38 39 39 0 21 1.789669    922 1.794872 1.002907    
0 40 41 41 0 22 1.770709    909 1.768293 0.998635    
0 42 43 43 0 23 1.758111    902 1.755814 0.998693    
0 44 45 45 0 24 1.734107    891 1.733333 0.999554    
0 46 47 47 0 25 1.711968    880 1.712766 1.000466    
0 48 49 49 0 26 1.700983    875 1.704082 1.001822    
0 50 51 51 0 27 1.687991    866 1.686275 0.998983    
0 52 53 53 0 28 1.662888    853 1.660377 0.998490    
0 54 55 55 0 29 1.659785    854 1.663636 1.002320    
0 56 57 57 0 30 1.647623    847 1.649123 1.000910    
0 58 59 59 0 31 1.638205    840 1.635593 0.998406    
0 60 61 61 0 32 1.633361    838 1.631148 0.998645    
0 62 64 63 0 33 1.621994    832 1.619048 0.998183    
0 65 67 66 0 34 1.603670    825 1.606061 1.001491    
0 68 70 69 0 35 1.590530    815 1.586957 0.997753    
0 71 73 72 0 36 1.577613    809 1.576389 0.999224    
0 74 76 75 0 37 1.569557    804 1.566667 0.998158    
0 77 79 78 0 38 1.557535    799 1.557692 1.000101    
0 80 82 81 0 39 1.543706    792 1.543210 0.999679    
0 83 85 84 0 40 1.528035    785 1.529762 1.001130    
0 86 88 87 0 41 1.520336    781 1.522989 1.001744    
0 89 91 90 0 42 1.511853    775 1.511111 0.999509    
0 92 94 93 0 43 1.501674    769 1.500000 0.998885    
0 95 97 96 0 44 1.496253    767 1.494792 0.999023    
0 98 100 99 0 45 1.484010    762 1.484848 1.000565    
0 101 103 102 0 46 1.471644    754 1.470588 0.999283    
0 104 109 107 0 47 1.464862    751 1.462617 0.998467    
0 110 115 113 0 48 1.450801    745 1.451327 1.000363    
0 116 121 119 0 49 1.436053    737 1.436975 1.000642    
0 122 127 125 0 50 1.430969    735 1.432000 1.000721    
0 128 133 131 0 51 1.430498    734 1.431298 1.000559    
0 134 139 137 0 52 1.410010    723 1.408759 0.999113    
0 140 145 143 0 53 1.401961    719 1.402098 1.000098    
0 146 151 149 0 54 1.397960    718 1.399329 1.000979    
0 152 157 155 0 55 1.383795    710 1.383871 1.000055    
0 158 163 161 0 56 1.383029    709 1.381988 0.999247    
0 164 169 167 0 57 1.374296    705 1.374251 0.999967    
0 170 175 173 0 58 1.365953    701 1.367052 1.000804    
0 176 181 179 0 59 1.365911    700 1.365922 1.000008    
0 182 187 185 0 60 1.365911    700 1.364865 0.999234    
0 188 193 191 0 61 1.363314    699 1.363874 1.000411    
0 194 254 224 0 62 1.337575    685 1.337054 0.999610    
0 255 255 255 0 63 1.331512    682 1.331373 0.999895    
1 0 0 0 1 0 1.000000    512 1.000000 1.000000       # ieta [2], pt 0
1 15 15 15 1 1 2.158465    7167 2.166667 1.003800    
1 16 16 16 1 2 2.134676    6143 2.125000 0.995467    
1 17 17 17 1 3 2.112065    6143 2.117647 1.002643    
1 18 18 18 1 4 2.107236    6143 2.111111 1.001839    
1 19 19 19 1 5 2.098973    6143 2.105263 1.002997    
1 20 20 20 1 6 2.087445    5119 2.075000 0.994038    
1 21 21 21 1 7 2.066545    5119 2.071429 1.002363    
1 22 22 22 1 8 2.042187    4095 2.045455 1.001600    
1 23 23 23 1 9 2.024939    3071 2.021739 0.998420    
1 24 24 24 1 10 2.002949    2047 2.000000 0.998528    
1 25 25 25 1 11 1.961076    1009 1.960000 0.999451    
1 26 26 26 1 12 1.971897    1019 1.980769 1.004499    
1 27 27 27 1 13 1.936042    1001 1.944444 1.004340    
1 28 28 28 1 14 1.926470    992 1.928571 1.001091    
1 29 29 29 1 15 1.898418    976 1.896552 0.999017    
1 30 30 30 1 16 1.901525    977 1.900000 0.999198    
1 31 31 31 1 17 1.882361    971 1.887097 1.002516    
1 32 33 33 1 18 1.866876    958 1.863636 0.998265    
1 34 35 35 1 19 1.833871    941 1.828571 0.997110    
1 36 37 37 1 20 1.800333    924 1.797297 0.998314    
1 38 39 39 1 21 1.790585    922 1.794872 1.002394    
1 40 41 41 1 22 1.772042    909 1.768293 0.997884    
1 42 43 43 1 23 1.759434    902 1.755814 0.997942    
1 44 45 45 1 24 1.735412    891 1.733333 0.998802    
1 46 47 47 1 25 1.713256    880 1.712766 0.999714    
1 48 49 49 1 26 1.702372    875 1.704082 1.001004    
1 50 51 51 1 27 1.689479    867 1.686275 0.998103    
1 52 53 53 1 28 1.665873    857 1.669811 1.002364    
1 54 55 55 1 29 1.662990    854 1.663636 1.000389    
1 56 57 57 1 30 1.650805    847 1.649123 0.998981    
1 58 59 59 1 31 1.641369    844 1.644068 1.001645    
1 60 61 61 1 32 1.636252    842 1.639344 1.001890    
1 62 64 63 1 33 1.624604    836 1.626984 1.001465    
1 65 67 66 1 34 1.604525    825 1.606061 1.000957    
1 68 70 69 1 35 1.593089    818 1.594203 1.000699    
1 71 73 72 1 36 1.580152    813 1.583333 1.002013    
1 74 76 75 1 37 1.571973    807 1.573333 1.000865    
1 77 79 78 1 38 1.559932    799 1.557692 0.998564    
1 80 82 81 1 39 1.545959    792 1.543210 0.998222    
1 83 85 84 1 40 1.530018    785 1.529762 0.999832    
1 86 88 87 1 41 1.522310    781 1.522989 1.000446    
1 89 91 90 1 42 1.513648    775 1.511111 0.998324    
1 92 94 93 1 43 1.503374    772 1.505376 1.001332    
1 95 97 96 1 44 1.497946    769 1.500000 1.001371    
1 98 100 99 1 45 1.485962    762 1.484848 0.999251    
1 101 103 102 1 46 1.473715    757 1.475490 1.001205    
1 104 109 107 1 47 1.466924    753 1.467290 1.000250    
1 110 115 113 1 48 1.453078    745 1.451327 0.998795    
1 116 121 119 1 49 1.437888    737 1.436975 0.999365    
1 122 127 125 1 50 1.432798    735 1.432000 0.999443    
1 128 133 131 1 51 1.432326    734 1.431298 0.999282    
1 134 139 137 1 52 1.411751    725 1.412409 1.000466    
1 140 145 143 1 53 1.403661    719 1.402098 0.998887    
1 146 151 149 1 54 1.399655    718 1.399329 0.999767    
1 152 157 155 1 55 1.386059    711 1.387097 1.000749    
1 158 163 161 1 56 1.385292    710 1.385093 0.999856    
1 164 169 167 1 57 1.376545    706 1.377246 1.000509    
1 170 175 173 1 58 1.368189    701 1.367052 0.999169    
1 176 181 179 1 59 1.368147    702 1.368715 1.000415    
1 182 187 185 1 60 1.368147    701 1.367568 0.999577    
1 188 193 191 1 61 1.365475    700 1.366492 1.000745    
1 194 254 224 1 62 1.338714    686 1.339286 1.000427    
1 255 255 255 1 63 1.332567    683 1.333333 1.000575    
2 0 0 0 2 0 1.000000    512 1.000000 1.000000       # ieta [3], pt 0
2 15 15 15 2 1 2.243130    9215 2.233333 0.995633    
2 16 16 16 2 2 2.197149    8191 2.187500 0.995608    
2 17 17 17 2 3 2.175881    8191 2.176471 1.000271    
2 18 18 18 2 4 2.166596    8191 2.166667 1.000033    
2 19 19 19 2 5 2.145114    8191 2.157895 1.005958    
2 20 20 20 2 6 2.123916    7167 2.125000 1.000510    
2 21 21 21 2 7 2.108222    7167 2.119048 1.005135    
2 22 22 22 2 8 2.059229    5119 2.068182 1.004348    
2 23 23 23 2 9 2.036993    4095 2.043478 1.003184    
2 24 24 24 2 10 2.014312    3071 2.020833 1.003238    
2 25 25 25 2 11 1.971335    1019 1.980000 1.004396    
2 26 26 26 2 12 1.982212    1019 1.980769 0.999272    
2 27 27 27 2 13 1.944655    1001 1.944444 0.999892    
2 28 28 28 2 14 1.939822    1001 1.946429 1.003406    
2 29 29 29 2 15 1.911934    984 1.913793 1.000972    
2 30 30 30 2 16 1.912916    986 1.916667 1.001960    
2 31 31 31 2 17 1.893638    972 1.887097 0.996546    
2 32 33 33 2 18 1.870935    959 1.863636 0.996099    
2 34 35 35 2 19 1.838983    947 1.842857 1.002106    
2 36 37 37 2 20 1.804304    931 1.810811 1.003606    
2 38 39 39 2 21 1.793010    922 1.794872 1.001038    
2 40 41 41 2 22 1.775950    915 1.780488 1.002555    
2 42 43 43 2 23 1.763315    908 1.767442 1.002341    
2 44 45 45 2 24 1.739240    896 1.744444 1.002993    
2 46 47 47 2 25 1.717035    881 1.712766 0.997514    
2 48 49 49 2 26 1.705699    875 1.704082 0.999052    
2 50 51 51 2 27 1.692676    871 1.696078 1.002010    
2 52 53 53 2 28 1.668309    857 1.669811 1.000900    
2 54 55 55 2 29 1.664646    854 1.663636 0.999393    
2 56 57 57 2 30 1.652294    847 1.649123 0.998081    
2 58 59 59 2 31 1.642849    844 1.644068 1.000742    
2 60 61 61 2 32 1.637728    842 1.639344 1.000987    
2 62 64 63 2 33 1.626070    836 1.626984 1.000562    
2 65 67 66 2 34 1.605658    825 1.606061 1.000251    
2 68 70 69 2 35 1.594138    818 1.594203 1.000041    
2 71 73 72 2 36 1.581179    813 1.583333 1.001363    
2 74 76 75 2 37 1.572843    807 1.573333 1.000312    
2 77 79 78 2 38 1.560562    800 1.557692 0.998161    
2 80 82 81 2 39 1.546532    795 1.549383 1.001843    
2 83 85 84 2 40 1.530482    785 1.529762 0.999529    
2 86 88 87 2 41 1.522771    781 1.522989 1.000143    
2 89 91 90 2 42 1.513996    778 1.516667 1.001764    
2 92 94 93 2 43 1.503664    772 1.505376 1.001139    
2 95 97 96 2 44 1.498182    769 1.500000 1.001214    
2 98 100 99 2 45 1.486030    762 1.484848 0.999205    
2 101 103 102 2 46 1.473754    757 1.475490 1.001178    
2 104 109 107 2 47 1.466962    753 1.467290 1.000223    
2 110 115 113 2 48 1.453097    745 1.451327 0.998782    
2 116 121 119 2 49 1.437888    737 1.436975 0.999365    
2 122 127 125 2 50 1.432798    735 1.432000 0.999443    
2 128 133 131 2 51 1.432326    734 1.431298 0.999282    
2 134 139 137 2 52 1.411751    725 1.412409 1.000466    
2 140 145 143 2 53 1.403661    719 1.402098 0.998887    
2 146 151 149 2 54 1.399655    718 1.399329 0.999767    
2 152 157 155 2 55 1.386059    711 1.387097 1.000749    
2 158 163 161 2 56 1.385292    710 1.385093 0.999856    
2 164 169 167 2 57 1.376545    706 1.377246 1.000509    
2 170 175 173 2 58 1.368189    701 1.367052 0.999169    
2 176 181 179 2 59 1.368147    702 1.368715 1.000415    
2 182 187 185 2 60 1.368147    701 1.367568 0.999577    
2 188 193 191 2 61 1.365475    700 1.366492 1.000745    
2 194 254 224 2 62 1.338714    686 1.339286 1.000427    
2 255 255 255 2 63 1.332567    683 1.333333 1.000575    
3 0 0 0 3 0 1.000000    512 1.000000 1.000000       # ieta [4], pt 0
3 15 15 15 3 1 2.263947    10239 2.266667 1.001201    
3 16 16 16 3 2 2.217865    9215 2.218750 1.000399    
3 17 17 17 3 3 2.193464    9215 2.205882 1.005661    
3 18 18 18 3 4 2.181184    9215 2.194444 1.006079    
3 19 19 19 3 5 2.153922    8191 2.157895 1.001845    
3 20 20 20 3 6 2.133103    7167 2.125000 0.996201    
3 21 21 21 3 7 2.120248    7167 2.119048 0.999434    
3 22 22 22 3 8 2.087046    6143 2.090909 1.001851    
3 23 23 23 3 9 2.067846    5119 2.065217 0.998729    
3 24 24 24 3 10 2.050460    4095 2.041667 0.995712    
3 25 25 25 3 11 2.026724    3071 2.020000 0.996682    
3 26 26 26 3 12 2.032062    4095 2.038462 1.003149    
3 27 27 27 3 13 1.993215    2044 2.000000 1.003404    
3 28 28 28 3 14 1.990155    1021 1.982143 0.995974    
3 29 29 29 3 15 1.962139    1011 1.965517 1.001722    
3 30 30 30 3 16 1.963147    1011 1.966667 1.001793    
3 31 31 31 3 17 1.943276    997 1.935484 0.995990    
3 32 33 33 3 18 1.914869    983 1.909091 0.996982    
3 34 35 35 3 19 1.877960    963 1.871429 0.996522    
3 36 37 37 3 20 1.833743    944 1.837838 1.002233    
3 38 39 39 3 21 1.816052    936 1.820513 1.002457    
3 40 41 41 3 22 1.796685    922 1.792683 0.997773    
3 42 43 43 3 23 1.786075    920 1.790698 1.002588    
3 44 45 45 3 24 1.764091    908 1.766667 1.001460    
3 46 47 47 3 25 1.744267    896 1.744681 1.000237    
3 48 49 49 3 26 1.734051    891 1.734694 1.000371    
3 50 51 51 3 27 1.721033    886 1.725490 1.002590    
3 52 53 53 3 28 1.695621    872 1.698113 1.001470    
3 54 55 55 3 29 1.692216    868 1.690909 0.999227    
3 56 57 57 3 30 1.679981    865 1.684211 1.002518    
3 58 59 59 3 31 1.667792    857 1.669492 1.001019    
3 60 61 61 3 32 1.659501    850 1.655738 0.997732    
3 62 64 63 3 33 1.647284    848 1.650794 1.002131    
3 65 67 66 3 34 1.628605    836 1.628788 1.000112    
3 68 70 69 3 35 1.617186    830 1.615942 0.999231    
3 71 73 72 3 36 1.603891    823 1.604167 1.000172    
3 74 76 75 3 37 1.593823    818 1.593333 0.999693    
3 77 79 78 3 38 1.581413    812 1.583333 1.001214    
3 80 82 81 3 39 1.567873    804 1.567901 1.000018    
3 83 85 84 3 40 1.552529    797 1.553571 1.000671    
3 86 88 87 3 41 1.546159    793 1.545977 0.999882    
3 89 91 90 3 42 1.536998    789 1.538889 1.001230    
3 92 94 93 3 43 1.527487    783 1.526882 0.999603    
3 95 97 96 3 44 1.522738    780 1.520833 0.998749    
3 98 100 99 3 45 1.510862    775 1.510101 0.999496    
3 101 103 102 3 46 1.499095    769 1.500000 1.000604    
3 104 109 107 3 47 1.492489    765 1.490654 0.998770    
3 110 115 113 3 48 1.476929    758 1.477876 1.000641    
3 116 121 119 3 49 1.455363    746 1.453782 0.998913    
3 122 127 125 3 50 1.447617    743 1.448000 1.000265    
3 128 133 131 3 51 1.447141    742 1.446565 0.999602    
3 134 139 137 3 52 1.430438    734 1.430657 1.000153    
3 140 145 143 3 53 1.425175    732 1.426573 1.000981    
3 146 151 149 3 54 1.419560    728 1.419463 0.999932    
3 152 157 155 3 55 1.401941    720 1.403226 1.000917    
3 158 163 161 3 56 1.400762    718 1.400621 0.999899    
3 164 169 167 3 57 1.392575    714 1.392216 0.999742    
3 170 175 173 3 58 1.384958    710 1.384393 0.999592    
3 176 181 179 3 59 1.384915    710 1.385475 1.000404    
3 182 187 185 3 60 1.384915    709 1.383784 0.999183    
3 188 193 191 3 61 1.382210    709 1.382199 0.999992    
3 194 254 224 3 62 1.359331    697 1.359375 1.000033    
3 255 255 255 3 63 1.354189    694 1.354902 1.000527    
4 0 0 0 4 0 1.000000    512 1.000000 1.000000       # ieta [5], pt 0
4 15 15 15 4 1 2.299095    11263 2.300000 1.000394    
4 16 16 16 4 2 2.258932    10239 2.250000 0.996046    
4 17 17 17 4 3 2.236092    10239 2.235294 0.999643    
4 18 18 18 4 4 2.226458    10239 2.222222 0.998097    
4 19 19 19 4 5 2.191027    9215 2.184211 0.996889    
4 20 20 20 4 6 2.170518    9215 2.175000 1.002065    
4 21 21 21 4 7 2.158052    9215 2.166667 1.003992    
4 22 22 22 4 8 2.120781    7167 2.113636 0.996631    
4 23 23 23 4 9 2.099367    7167 2.108696 1.004444    
4 24 24 24 4 10 2.078618    6143 2.083333 1.002269    
4 25 25 25 4 11 2.057310    5119 2.060000 1.001307    
4 26 26 26 4 12 2.056997    5119 2.057692 1.000338    
4 27 27 27 4 13 2.006105    2047 2.000000 0.996957    
4 28 28 28 4 14 2.003724    2047 2.000000 0.998141    
4 29 29 29 4 15 1.975517    1020 1.982759 1.003666    
4 30 30 30 4 16 1.976228    1020 1.983333 1.003595    
4 31 31 31 4 17 1.955868    1004 1.951613 0.997824    
4 32 33 33 4 18 1.930353    990 1.924242 0.996834    
4 34 35 35 4 19 1.898786    977 1.900000 1.000639    
4 36 37 37 4 20 1.875433    965 1.878378 1.001570    
4 38 39 39 4 21 1.859826    955 1.858974 0.999542    
4 40 41 41 4 22 1.832877    940 1.829268 0.998031    
4 42 43 43 4 23 1.816065    932 1.813953 0.998837    
4 44 45 45 4 24 1.790223    919 1.788889 0.999255    
4 46 47 47 4 25 1.766683    907 1.765957 0.999590    
4 48 49 49 4 26 1.752489    901 1.755102 1.001491    
4 50 51 51 4 27 1.740000    892 1.735294 0.997296    
4 52 53 53 4 28 1.721006    882 1.716981 0.997662    
4 54 55 55 4 29 1.717050    882 1.718182 1.000659    
4 56 57 57 4 30 1.705185    874 1.701754 0.997988    
4 58 59 59 4 31 1.692603    870 1.694915 1.001366    
4 60 61 61 4 32 1.684524    867 1.688525 1.002375    
4 62 64 63 4 33 1.671917    860 1.674603 1.001606    
4 65 67 66 4 34 1.653298    848 1.651515 0.998922    
4 68 70 69 4 35 1.640798    841 1.637681 0.998100    
4 71 73 72 4 36 1.626655    834 1.625000 0.998983    
4 74 76 75 4 37 1.616361    828 1.613333 0.998127    
4 77 79 78 4 38 1.601661    822 1.602564 1.000564    
4 80 82 81 4 39 1.588593    814 1.586420 0.998632    
4 83 85 84 4 40 1.572760    806 1.571429 0.999153    
4 86 88 87 4 41 1.564377    802 1.563218 0.999259    
4 89 91 90 4 42 1.555152    798 1.555556 1.000259    
4 92 94 93 4 43 1.544386    792 1.543011 0.999110    
4 95 97 96 4 44 1.538242    788 1.536458 0.998840    
4 98 100 99 4 45 1.526961    782 1.525253 0.998881    
4 101 103 102 4 46 1.515327    777 1.514706 0.999590    
4 104 109 107 4 47 1.508650    774 1.509346 1.000461    
4 110 115 113 4 48 1.494012    767 1.495575 1.001046    
4 116 121 119 4 49 1.472478    754 1.470588 0.998717    
4 122 127 125 4 50 1.464434    751 1.464000 0.999704    
4 128 133 131 4 51 1.464170    752 1.465649 1.001010    
4 134 139 137 4 52 1.451774    745 1.452555 1.000538    
4 140 145 143 4 53 1.445591    741 1.444056 0.998938    
4 146 151 149 4 54 1.439875    738 1.439597 0.999807    
4 152 157 155 4 55 1.421999    730 1.422581 1.000409    
4 158 163 161 4 56 1.420758    728 1.419255 0.998942    
4 164 169 167 4 57 1.412228    725 1.413174 1.000669    
4 170 175 173 4 58 1.404504    720 1.404624 1.000086    
4 176 181 179 4 59 1.404460    720 1.405028 1.000404    
4 182 187 185 4 60 1.404460    720 1.405405 1.000673    
4 188 193 191 4 61 1.401717    718 1.400524 0.999148    
4 194 254 224 4 62 1.379263    707 1.379464 1.000146    
4 255 255 255 4 63 1.374217    704 1.374510 1.000213    
5 0 0 0 5 0 1.000000    512 1.000000 1.000000       # ieta [6], pt 0
5 15 15 15 5 1 2.312267    11263 2.300000 0.994695    
5 16 16 16 5 2 2.273490    11263 2.281250 1.003413    
5 17 17 17 5 3 2.246360    10239 2.235294 0.995074    
5 18 18 18 5 4 2.236681    11263 2.250000 1.005955    
5 19 19 19 5 5 2.200339    10239 2.210526 1.004630    
5 20 20 20 5 6 2.179744    9215 2.175000 0.997824    
5 21 21 21 5 7 2.167224    9215 2.166667 0.999743    
5 22 22 22 5 8 2.128812    8191 2.136364 1.003548    
5 23 23 23 5 9 2.107543    7167 2.108696 1.000547    
5 24 24 24 5 10 2.086712    6143 2.083333 0.998381    
5 25 25 25 5 11 2.065322    5119 2.060000 0.997423    
5 26 26 26 5 12 2.065008    5119 2.057692 0.996457    
5 27 27 27 5 13 2.012589    3071 2.018519 1.002946    
5 28 28 28 5 14 2.010200    3071 2.017857 1.003809    
5 29 29 29 5 15 1.981901    1020 1.982759 1.000433    
5 30 30 30 5 16 1.982615    1020 1.983333 1.000362    
5 31 31 31 5 17 1.962190    1012 1.967742 1.002830    
5 32 33 33 5 18 1.936593    997 1.939394 1.001447    
5 34 35 35 5 19 1.904923    978 1.900000 0.997416    
5 36 37 37 5 20 1.881181    966 1.878378 0.998510    
5 38 39 39 5 21 1.865442    962 1.871795 1.003406    
5 40 41 41 5 22 1.838327    946 1.841463 1.001706    
5 42 43 43 5 23 1.823179    938 1.825581 1.001318    
5 44 45 45 5 24 1.797235    925 1.800000 1.001538    
5 46 47 47 5 25 1.773603    913 1.776596 1.001687    
5 48 49 49 5 26 1.759354    902 1.755102 0.997583    
5 50 51 51 5 27 1.746816    896 1.745098 0.999017    
5 52 53 53 5 28 1.727747    886 1.726415 0.999229    
5 54 55 55 5 29 1.723776    887 1.727273 1.002029    
5 56 57 57 5 30 1.711864    878 1.710526 0.999218    
5 58 59 59 5 31 1.699233    875 1.703390 1.002446    
5 60 61 61 5 32 1.691123    867 1.688525 0.998464    
5 62 64 63 5 33 1.678466    860 1.674603 0.997698    
5 65 67 66 5 34 1.660139    852 1.659091 0.999369    
5 68 70 69 5 35 1.647166    844 1.644928 0.998641    
5 71 73 72 5 36 1.632968    838 1.631944 0.999373    
5 74 76 75 5 37 1.622634    831 1.620000 0.998377    
5 77 79 78 5 38 1.607877    826 1.608974 1.000682    
5 80 82 81 5 39 1.594759    817 1.592593 0.998642    
5 83 85 84 5 40 1.578864    809 1.577381 0.999061    
5 86 88 87 5 41 1.570449    805 1.568966 0.999056    
5 89 91 90 5 42 1.562610    801 1.561111 0.999041    
5 92 94 93 5 43 1.551694    797 1.553763 1.001334    
5 95 97 96 5 44 1.545520    793 1.546875 1.000876    
5 98 100 99 5 45 1.534186    788 1.535354 1.000761    
5 101 103 102 5 46 1.522497    782 1.524510 1.001322    
5 104 109 107 5 47 1.515788    777 1.514019 0.998833    
5 110 115 113 5 48 1.501081    769 1.500000 0.999280    
5 116 121 119 5 49 1.479445    759 1.478992 0.999693    
5 122 127 125 5 50 1.471363    755 1.472000 1.000433    
5 128 133 131 5 51 1.471098    754 1.469466 0.998891    
5 134 139 137 5 52 1.458643    749 1.459854 1.000830    
5 140 145 143 5 53 1.452430    744 1.451049 0.999049    
5 146 151 149 5 54 1.446687    742 1.446309 0.999738    
5 152 157 155 5 55 1.428728    733 1.429032 1.000213    
5 158 163 161 5 56 1.427481    733 1.428571 1.000764    
5 164 169 167 5 57 1.418910    728 1.419162 1.000177    
5 170 175 173 5 58 1.411149    723 1.410405 0.999472    
5 176 181 179 5 59 1.411106    723 1.410615 0.999652    
5 182 187 185 5 60 1.411106    723 1.410811 0.999791    
5 188 193 191 5 61 1.408350    722 1.408377 1.000019    
5 194 254 224 5 62 1.385789    710 1.386161 1.000268    
5 255 255 255 5 63 1.380720    707 1.380392 0.999763    
6 0 0 0 6 0 1.000000    512 1.000000 1.000000       # ieta [7], pt 0
6 15 15 15 6 1 2.299216    11263 2.300000 1.000341    
6 16 16 16 6 2 2.260658    10239 2.250000 0.995285    
6 17 17 17 6 3 2.236211    10239 2.235294 0.999590    
6 18 18 18 6 4 2.226576    10239 2.222222 0.998045    
6 19 19 19 6 5 2.188668    9215 2.184211 0.997963    
6 20 20 20 6 6 2.168182    9215 2.175000 1.003145    
6 21 21 21 6 7 2.157199    9215 2.166667 1.004389    
6 22 22 22 6 8 2.118964    7167 2.113636 0.997486    
6 23 23 23 6 9 2.097371    6143 2.086957 0.995035    
6 24 24 24 6 10 2.076641    6143 2.083333 1.003223    
6 25 25 25 6 11 2.055145    5119 2.060000 1.002363    
6 26 26 26 6 12 2.054831    5119 2.057692 1.001392    
6 27 27 27 6 13 2.007143    2047 2.000000 0.996441    
6 28 28 28 6 14 2.001634    2047 2.000000 0.999184    
6 29 29 29 6 15 1.973456    1013 1.965517 0.995977    
6 30 30 30 6 16 1.973812    1013 1.966667 0.996380    
6 31 31 31 6 17 1.953477    1004 1.951613 0.999046    
6 32 33 33 6 18 1.927276    989 1.924242 0.998426    
6 34 35 35 6 19 1.895759    977 1.900000 1.002237    
6 36 37 37 6 20 1.862483    958 1.864865 1.001279    
6 38 39 39 6 21 1.845913    949 1.846154 1.000131    
6 40 41 41 6 22 1.819005    934 1.817073 0.998938    
6 42 43 43 6 23 1.806355    926 1.802326 0.997769    
6 44 45 45 6 24 1.780650    913 1.777778 0.998387    
6 46 47 47 6 25 1.757236    902 1.755319 0.998909    
6 48 49 49 6 26 1.745545    896 1.744898 0.999629    
6 50 51 51 6 27 1.731991    891 1.735294 1.001907    
6 52 53 53 6 28 1.712584    882 1.716981 1.002568    
6 54 55 55 6 29 1.706978    878 1.709091 1.001238    
6 56 57 57 6 30 1.692403    869 1.692982 1.000342    
6 58 59 59 6 31 1.678134    862 1.677966 0.999900    
6 60 61 61 6 32 1.670124    859 1.672131 1.001202    
6 62 64 63 6 33 1.657625    852 1.658730 1.000667    
6 65 67 66 6 34 1.638761    840 1.636364 0.998537    
6 68 70 69 6 35 1.625985    833 1.623188 0.998280    
6 71 73 72 6 36 1.612059    827 1.611111 0.999412    
6 74 76 75 6 37 1.601858    821 1.600000 0.998840    
6 77 79 78 6 38 1.587290    816 1.589744 1.001546    
6 80 82 81 6 39 1.574168    808 1.574074 0.999941    
6 83 85 84 6 40 1.558478    800 1.559524 1.000671    
6 86 88 87 6 41 1.550171    796 1.551724 1.001002    
6 89 91 90 6 42 1.541054    790 1.538889 0.998595    
6 92 94 93 6 43 1.531036    786 1.532258 1.000798    
6 95 97 96 6 44 1.524945    783 1.526042 1.000719    
6 98 100 99 6 45 1.513094    777 1.515152 1.001360    
6 101 103 102 6 46 1.502302    770 1.500000 0.998468    
6 104 109 107 6 47 1.495682    767 1.495327 0.999763    
6 110 115 113 6 48 1.481284    760 1.482301 1.000687    
6 116 121 119 6 49 1.460046    748 1.457983 0.998587    
6 122 127 125 6 50 1.452069    745 1.452000 0.999952    
6 128 133 131 6 51 1.451808    744 1.450382 0.999018    
6 134 139 137 6 52 1.439517    738 1.437956 0.998916    
6 140 145 143 6 53 1.433385    735 1.433566 1.000126    
6 146 151 149 6 54 1.427829    731 1.426174 0.998841    
6 152 157 155 6 55 1.410847    723 1.409677 0.999171    
6 158 163 161 6 56 1.409616    723 1.409938 1.000228    
6 164 169 167 6 57 1.401316    718 1.401198 0.999915    
6 170 175 173 6 58 1.393684    714 1.393064 0.999555    
6 176 181 179 6 59 1.393641    715 1.393855 1.000153    
6 182 187 185 6 60 1.393641    715 1.394595 1.000684    
6 188 193 191 6 61 1.390919    713 1.390052 0.999377    
6 194 254 224 6 62 1.368637    701 1.368304 0.999756    
6 255 255 255 6 63 1.363631    698 1.362745 0.999350    
7 0 0 0 7 0 1.000000    512 1.000000 1.000000       # ieta [8], pt 0
7 15 15 15 7 1 2.281365    10239 2.266667 0.993557    
7 16 16 16 7 2 2.243106    10239 2.250000 1.003073    
7 17 17 17 7 3 2.218953    9215 2.205882 0.994110    
7 18 18 18 7 4 2.209312    10239 2.222222 1.005843    
7 19 19 19 7 5 2.171162    9215 2.184211 1.006010    
7 20 20 20 7 6 2.149883    8191 2.150000 1.000054    
7 21 21 21 7 7 2.140464    8191 2.142857 1.001118    
7 22 22 22 7 8 2.105196    7167 2.113636 1.004009    
7 23 23 23 7 9 2.085711    6143 2.086957 1.000597    
7 24 24 24 7 10 2.065097    5119 2.062500 0.998742    
7 25 25 25 7 11 2.043720    4095 2.040000 0.998180    
7 26 26 26 7 12 2.043720    4095 2.038462 0.997427    
7 27 27 27 7 13 1.996290    2046 2.000000 1.001859    
7 28 28 28 7 14 1.991027    1021 1.982143 0.995538    
7 29 29 29 7 15 1.962998    1011 1.965517 1.001283    
7 30 30 30 7 16 1.964015    1011 1.966667 1.001350    
7 31 31 31 7 17 1.943781    1004 1.951613 1.004029    
7 32 33 33 7 18 1.916858    989 1.924242 1.003852    
7 34 35 35 7 19 1.885511    969 1.885714 1.000108    
7 36 37 37 7 20 1.851432    951 1.851351 0.999956    
7 38 39 39 7 21 1.836421    943 1.833333 0.998319    
7 40 41 41 7 22 1.810964    929 1.804878 0.996640    
7 42 43 43 7 23 1.798370    926 1.802326 1.002200    
7 44 45 45 7 24 1.772779    913 1.777778 1.002820    
7 46 47 47 7 25 1.748773    897 1.744681 0.997660    
7 48 49 49 7 26 1.737138    891 1.734694 0.998593    
7 50 51 51 7 27 1.723458    886 1.725490 1.001179    
7 52 53 53 7 28 1.704046    877 1.707547 1.002055    
7 54 55 55 7 29 1.698558    873 1.700000 1.000849    
7 56 57 57 7 30 1.683282    865 1.684211 1.000551    
7 58 59 59 7 31 1.668318    857 1.669492 1.000703    
7 60 61 61 7 32 1.660355    854 1.663934 1.002156    
7 62 64 63 7 33 1.647751    848 1.650794 1.001846    
7 65 67 66 7 34 1.627352    836 1.628788 1.000882    
7 68 70 69 7 35 1.616152    830 1.615942 0.999870    
7 71 73 72 7 36 1.602381    823 1.604167 1.001114    
7 74 76 75 7 37 1.590395    818 1.593333 1.001847    
7 77 79 78 7 38 1.575634    809 1.576923 1.000818    
7 80 82 81 7 39 1.562721    801 1.561728 0.999365    
7 83 85 84 7 40 1.546864    794 1.547619 1.000488    
7 86 88 87 7 41 1.538619    790 1.540230 1.001047    
7 89 91 90 7 42 1.529142    784 1.527778 0.999108    
7 92 94 93 7 43 1.518988    781 1.521505 1.001657    
7 95 97 96 7 44 1.512945    775 1.510417 0.998329    
7 98 100 99 7 45 1.501187    769 1.500000 0.999209    
7 101 103 102 7 46 1.490058    764 1.490196 1.000093    
7 104 109 107 7 47 1.483590    760 1.481308 0.998462    
7 110 115 113 7 48 1.469958    754 1.469027 0.999366    
7 116 121 119 7 49 1.449044    744 1.449580 1.000370    
7 122 127 125 7 50 1.441128    739 1.440000 0.999217    
7 128 133 131 7 51 1.440868    740 1.442748 1.001305    
7 134 139 137 7 52 1.428670    732 1.427007 0.998836    
7 140 145 143 7 53 1.422585    730 1.423077 1.000346    
7 146 151 149 7 54 1.417070    726 1.416107 0.999321    
7 152 157 155 7 55 1.400217    718 1.400000 0.999845    
7 158 163 161 7 56 1.398995    717 1.397516 0.998942    
7 164 169 167 7 57 1.390436    712 1.389222 0.999126    
7 170 175 173 7 58 1.382799    708 1.381503 0.999063    
7 176 181 179 7 59 1.382756    709 1.382682 0.999946    
7 182 187 185 7 60 1.382756    709 1.383784 1.000743    
7 188 193 191 7 61 1.380056    707 1.379581 0.999656    
7 194 254 224 7 62 1.357222    695 1.357143 0.999942    
7 255 255 255 7 63 1.351410    692 1.350980 0.999682    
8 0 0 0 8 0 1.000000    512 1.000000 1.000000       # ieta [9], pt 0
8 15 15 15 8 1 2.286836    11263 2.300000 1.005757    
8 16 16 16 8 2 2.248485    10239 2.250000 1.000674    
8 17 17 17 8 3 2.224274    10239 2.235294 1.004954    
8 18 18 18 8 4 2.214611    10239 2.222222 1.003437    
8 19 19 19 8 5 2.176368    9215 2.184211 1.003603    
8 20 20 20 8 6 2.155039    8191 2.150000 0.997662    
8 21 21 21 8 7 2.143966    8191 2.142857 0.999483    
8 22 22 22 8 8 2.108641    7167 2.113636 1.002369    
8 23 23 23 8 9 2.089124    6143 2.086957 0.998962    
8 24 24 24 8 10 2.068476    5119 2.062500 0.997111    
8 25 25 25 8 11 2.047064    4095 2.040000 0.996549    
8 26 26 26 8 12 2.047064    4095 2.038462 0.995798    
8 27 27 27 8 13 1.999556    2047 2.000000 1.000222    
8 28 28 28 8 14 1.994285    2045 2.000000 1.002866    
8 29 29 29 8 15 1.966210    1011 1.965517 0.999648    
8 30 30 30 8 16 1.967229    1011 1.966667 0.999714    
8 31 31 31 8 17 1.946962    1004 1.951613 1.002389    
8 32 33 33 8 18 1.919995    989 1.924242 1.002212    
8 34 35 35 8 19 1.888596    969 1.885714 0.998474    
8 36 37 37 8 20 1.853888    952 1.851351 0.998632    
8 38 39 39 8 21 1.837929    943 1.833333 0.997499    
8 40 41 41 8 22 1.811534    934 1.817073 1.003058    
8 42 43 43 8 23 1.798936    926 1.802326 1.001884    
8 44 45 45 8 24 1.773337    913 1.777778 1.002504    
8 46 47 47 8 25 1.749324    897 1.744681 0.997346    
8 48 49 49 8 26 1.737596    891 1.734694 0.998330    
8 50 51 51 8 27 1.723823    886 1.725490 1.000967    
8 52 53 53 8 28 1.704406    877 1.707547 1.001843    
8 54 55 55 8 29 1.698917    873 1.700000 1.000637    
8 56 57 57 8 30 1.683638    865 1.684211 1.000340    
8 58 59 59 8 31 1.668671    857 1.669492 1.000492    
8 60 61 61 8 32 1.660706    854 1.663934 1.001944    
8 62 64 63 8 33 1.648100    848 1.650794 1.001635    
8 65 67 66 8 34 1.627208    836 1.628788 1.000971    
8 68 70 69 8 35 1.615914    830 1.615942 1.000018    
8 71 73 72 8 36 1.602144    823 1.604167 1.001262    
8 74 76 75 8 37 1.590160    818 1.593333 1.001995    
8 77 79 78 8 38 1.575248    809 1.576923 1.001064    
8 80 82 81 8 39 1.562261    801 1.561728 0.999659    
8 83 85 84 8 40 1.546029    794 1.547619 1.001028    
8 86 88 87 8 41 1.537599    790 1.540230 1.001711    
8 89 91 90 8 42 1.528129    784 1.527778 0.999770    
8 92 94 93 8 43 1.517981    778 1.516129 0.998780    
8 95 97 96 8 44 1.511942    775 1.510417 0.998991    
8 98 100 99 8 45 1.500192    769 1.500000 0.999872    
8 101 103 102 8 46 1.489070    764 1.490196 1.000756    
8 104 109 107 8 47 1.482606    760 1.481308 0.999125    
8 110 115 113 8 48 1.468984    754 1.469027 1.000029    
8 116 121 119 8 49 1.448084    744 1.449580 1.001033    
8 122 127 125 8 50 1.440172    739 1.440000 0.999880    
8 128 133 131 8 51 1.439913    738 1.438931 0.999318    
8 134 139 137 8 52 1.427723    732 1.427007 0.999499    
8 140 145 143 8 53 1.421641    730 1.423077 1.001010    
8 146 151 149 8 54 1.416131    726 1.416107 0.999983    
8 152 157 155 8 55 1.399289    718 1.400000 1.000508    
8 158 163 161 8 56 1.398068    717 1.397516 0.999605    
8 164 169 167 8 57 1.389586    712 1.389222 0.999738    
8 170 175 173 8 58 1.382025    708 1.381503 0.999622    
8 176 181 179 8 59 1.381983    709 1.382682 1.000506    
8 182 187 185 8 60 1.381983    708 1.381081 0.999348    
8 188 193 191 8 61 1.379283    707 1.379581 1.000216    
8 194 254 224 8 62 1.356463    695 1.357143 1.000502    
8 255 255 255 8 63 1.350654    692 1.350980 1.000242    
9 0 0 0 9 0 1.000000    512 1.000000 1.000000       # ieta [10], pt 0
9 15 15 15 9 1 2.358773    13311 2.366667 1.003347    
9 16 16 16 9 2 2.330608    13311 2.343750 1.005639    
9 17 17 17 9 3 2.291559    12287 2.294118 1.001116    
9 18 18 18 9 4 2.273442    12287 2.277778 1.001907    
9 19 19 19 9 5 2.239358    11263 2.236842 0.998876    
9 20 20 20 9 6 2.217042    11263 2.225000 1.003590    
9 21 21 21 9 7 2.205099    11263 2.214286 1.004166    
9 22 22 22 9 8 2.165632    9215 2.159091 0.996980    
9 23 23 23 9 9 2.131322    8191 2.130435 0.999584    
9 24 24 24 9 10 2.107604    7167 2.104167 0.998369    
9 25 25 25 9 11 2.074653    6143 2.080000 1.002577    
9 26 26 26 9 12 2.074653    6143 2.076923 1.001094    
9 27 27 27 9 13 2.013248    3071 2.018519 1.002618    
9 28 28 28 9 14 2.006672    2047 2.000000 0.996675    
9 29 29 29 9 15 1.979260    1020 1.982759 1.001768    
9 30 30 30 9 16 1.979662    1020 1.983333 1.001854    
9 31 31 31 9 17 1.960528    1012 1.967742 1.003679    
9 32 33 33 9 18 1.940044    997 1.939394 0.999665    
9 34 35 35 9 19 1.910008    984 1.914286 1.002240    
9 36 37 37 9 20 1.877699    965 1.878378 1.000362    
9 38 39 39 9 21 1.861368    956 1.858974 0.998714    
9 40 41 41 9 22 1.835390    946 1.841463 1.003309    
9 42 43 43 9 23 1.823856    938 1.825581 1.000946    
9 44 45 45 9 24 1.796615    925 1.800000 1.001884    
9 46 47 47 9 25 1.773512    913 1.776596 1.001739    
9 48 49 49 9 26 1.761681    907 1.765306 1.002058    
9 50 51 51 9 27 1.747777    896 1.745098 0.998467    
9 52 53 53 9 28 1.731358    891 1.735849 1.002594    
9 54 55 55 9 29 1.725469    887 1.727273 1.001045    
9 56 57 57 9 30 1.710720    878 1.710526 0.999887    
9 58 59 59 9 31 1.696492    870 1.694915 0.999071    
9 60 61 61 9 32 1.686998    867 1.688525 1.000905    
9 62 64 63 9 33 1.672868    860 1.674603 1.001037    
9 65 67 66 9 34 1.646443    844 1.643939 0.998480    
9 68 70 69 9 35 1.630235    837 1.630435 1.000123    
9 71 73 72 9 36 1.616002    830 1.618056 1.001271    
9 74 76 75 9 37 1.605735    825 1.606667 1.000580    
9 77 79 78 9 38 1.591882    816 1.589744 0.998657    
9 80 82 81 9 39 1.577832    811 1.580247 1.001531    
9 83 85 84 9 40 1.561822    800 1.559524 0.998529    
9 86 88 87 9 41 1.553497    796 1.551724 0.998859    
9 89 91 90 9 42 1.543919    792 1.544444 1.000340    
9 92 94 93 9 43 1.533301    786 1.532258 0.999320    
9 95 97 96 9 44 1.527201    783 1.526042 0.999241    
9 98 100 99 9 45 1.515333    777 1.515152 0.999880    
9 101 103 102 9 46 1.504098    772 1.504902 1.000534    
9 104 109 107 9 47 1.497436    767 1.495327 0.998592    
9 110 115 113 9 48 1.483012    760 1.482301 0.999520    
9 116 121 119 9 49 1.461912    750 1.462185 1.000186    
9 122 127 125 9 50 1.453926    745 1.452000 0.998676    
9 128 133 131 9 51 1.453664    746 1.454198 1.000368    
9 134 139 137 9 52 1.441357    739 1.441606 1.000173    
9 140 145 143 9 53 1.435218    735 1.433566 0.998849    
9 146 151 149 9 54 1.429654    733 1.429530 0.999913    
9 152 157 155 9 55 1.412652    725 1.412903 1.000178    
9 158 163 161 9 56 1.411381    723 1.409938 0.998978    
9 164 169 167 9 57 1.402159    718 1.401198 0.999315    
9 170 175 173 9 58 1.394061    714 1.393064 0.999285    
9 176 181 179 9 59 1.394018    715 1.393855 0.999883    
9 182 187 185 9 60 1.394018    715 1.394595 1.000414    
9 188 193 191 9 61 1.391295    713 1.390052 0.999107    
9 194 254 224 9 62 1.368211    701 1.368304 1.000068    
9 255 255 255 9 63 1.360447    697 1.360784 1.000248    
10 0 0 0 10 0 1.000000    512 1.000000 1.000000       # ieta [11], pt 0
10 15 15 15 10 1 2.358773    13311 2.366667 1.003347    
10 16 16 16 10 2 2.330608    13311 2.343750 1.005639    
10 17 17 17 10 3 2.291559    12287 2.294118 1.001116    
10 18 18 18 10 4 2.273442    12287 2.277778 1.001907    
10 19 19 19 10 5 2.239358    11263 2.236842 0.998876    
10 20 20 20 10 6 2.217042    11263 2.225000 1.003590    
10 21 21 21 10 7 2.205099    11263 2.214286 1.004166    
10 22 22 22 10 8 2.166637    9215 2.159091 0.996517    
10 23 23 23 10 9 2.132384    8191 2.130435 0.999086    
10 24 24 24 10 10 2.109941    7167 2.104167 0.997263    
10 25 25 25 10 11 2.077775    6143 2.080000 1.001071    
10 26 26 26 10 12 2.077775    6143 2.076923 0.999590    
10 27 27 27 10 13 2.016277    3071 2.018519 1.001112    
10 28 28 28 10 14 2.009691    3071 2.017857 1.004063    
10 29 29 29 10 15 1.982238    1020 1.982759 1.000263    
10 30 30 30 10 16 1.982641    1020 1.983333 1.000349    
10 31 31 31 10 17 1.965293    1012 1.967742 1.001246    
10 32 33 33 10 18 1.947289    1005 1.954545 1.003727    
10 34 35 35 10 19 1.918418    985 1.914286 0.997846    
10 36 37 37 10 20 1.885092    967 1.878378 0.996439    
10 38 39 39 10 21 1.868697    962 1.871795 1.001658    
10 40 41 41 10 22 1.843455    946 1.841463 0.998920    
10 42 43 43 10 23 1.832713    944 1.837209 1.002453    
10 44 45 45 10 24 1.798832    925 1.800000 1.000649    
10 46 47 47 10 25 1.776535    913 1.776596 1.000034    
10 48 49 49 10 26 1.764683    907 1.765306 1.000353    
10 50 51 51 10 27 1.750755    901 1.754902 1.002368    
10 52 53 53 10 28 1.734309    891 1.735849 1.000888    
10 54 55 55 10 29 1.728409    887 1.727273 0.999342    
10 56 57 57 10 30 1.713635    879 1.710526 0.998186    
10 58 59 59 10 31 1.699383    875 1.703390 1.002358    
10 60 61 61 10 32 1.689873    867 1.688525 0.999202    
10 62 64 63 10 33 1.675719    860 1.674603 0.999334    
10 65 67 66 10 34 1.646245    844 1.643939 0.998600    
10 68 70 69 10 35 1.630039    837 1.630435 1.000243    
10 71 73 72 10 36 1.615808    830 1.618056 1.001391    
10 74 76 75 10 37 1.605542    825 1.606667 1.000700    
10 77 79 78 10 38 1.591691    816 1.589744 0.998777    
10 80 82 81 10 39 1.577642    811 1.580247 1.001651    
10 83 85 84 10 40 1.561634    800 1.559524 0.998649    
10 86 88 87 10 41 1.553311    796 1.551724 0.998979    
10 89 91 90 10 42 1.543734    792 1.544444 1.000460    
10 92 94 93 10 43 1.533117    786 1.532258 0.999440    
10 95 97 96 10 44 1.527018    783 1.526042 0.999361    
10 98 100 99 10 45 1.515151    777 1.515152 1.000001    
10 101 103 102 10 46 1.503917    772 1.504902 1.000655    
10 104 109 107 10 47 1.497256    767 1.495327 0.998712    
10 110 115 113 10 48 1.483086    760 1.482301 0.999471    
10 116 121 119 10 49 1.462234    750 1.462185 0.999966    
10 122 127 125 10 50 1.454246    747 1.456000 1.001206    
10 128 133 131 10 51 1.453984    746 1.454198 1.000148    
10 134 139 137 10 52 1.441674    739 1.441606 0.999953    
10 140 145 143 10 53 1.435534    737 1.437063 1.001065    
10 146 151 149 10 54 1.429969    733 1.429530 0.999693    
10 152 157 155 10 55 1.412963    725 1.412903 0.999958    
10 158 163 161 10 56 1.411691    725 1.413043 1.000958    
10 164 169 167 10 57 1.402467    718 1.401198 0.999095    
10 170 175 173 10 58 1.394368    714 1.393064 0.999065    
10 176 181 179 10 59 1.394325    715 1.393855 0.999663    
10 182 187 185 10 60 1.394325    715 1.394595 1.000194    
10 188 193 191 10 61 1.391601    714 1.392670 1.000768    
10 194 254 224 10 62 1.368077    701 1.368304 1.000165    
10 255 255 255 10 63 1.360283    697 1.360784 1.000368    
11 0 0 0 11 0 1.000000    512 1.000000 1.000000       # ieta [12], pt 0
11 15 15 15 11 1 2.393560    14335 2.400000 1.002691    
11 16 16 16 11 2 2.351505    13311 2.343750 0.996702    
11 17 17 17 11 3 2.345385    14335 2.352941 1.003222    
11 18 18 18 11 4 2.331749    14335 2.333333 1.000679    
11 19 19 19 11 5 2.289444    13311 2.289474 1.000013    
11 20 20 20 11 6 2.254072    12287 2.250000 0.998194    
11 21 21 21 11 7 2.232797    12287 2.238095 1.002373    
11 22 22 22 11 8 2.203952    11263 2.204545 1.000269    
11 23 23 23 11 9 2.169109    10239 2.173913 1.002215    
11 24 24 24 11 10 2.146896    9215 2.145833 0.999505    
11 25 25 25 11 11 2.119558    8191 2.120000 1.000208    
11 26 26 26 11 12 2.119558    8191 2.115385 0.998031    
11 27 27 27 11 13 2.048245    5119 2.055556 1.003569    
11 28 28 28 11 14 2.041555    4095 2.035714 0.997139    
11 29 29 29 11 15 2.015140    3071 2.017241 1.001043    
11 30 30 30 11 16 2.015550    3071 2.016667 1.000554    
11 31 31 31 11 17 2.003652    2047 2.000000 0.998177    
11 32 33 33 11 18 1.988897    1021 1.984848 0.997965    
11 34 35 35 11 19 1.953524    1006 1.957143 1.001853    
11 36 37 37 11 20 1.920557    986 1.918919 0.999147    
11 38 39 39 11 21 1.903853    982 1.910256 1.003363    
11 40 41 41 11 22 1.879370    965 1.878049 0.999297    
11 42 43 43 11 23 1.871301    962 1.872093 1.000423    
11 44 45 45 11 24 1.826449    937 1.822222 0.997686    
11 46 47 47 11 25 1.802232    924 1.797872 0.997581    
11 48 49 49 11 26 1.784641    917 1.785714 1.000601    
11 50 51 51 11 27 1.764014    906 1.764706 1.000392    
11 52 53 53 11 28 1.743850    896 1.745283 1.000822    
11 54 55 55 11 29 1.738234    892 1.736364 0.998924    
11 56 57 57 11 30 1.723741    887 1.728070 1.002512    
11 58 59 59 11 31 1.711367    879 1.711864 1.000291    
11 60 61 61 11 32 1.702721    875 1.704918 1.001290    
11 62 64 63 11 33 1.688045    868 1.690476 1.001440    
11 65 67 66 11 34 1.658817    852 1.659091 1.000165    
11 68 70 69 11 35 1.643695    844 1.644928 1.000750    
11 71 73 72 11 36 1.630691    838 1.631944 1.000769    
11 74 76 75 11 37 1.622252    831 1.620000 0.998612    
11 77 79 78 11 38 1.610729    826 1.608974 0.998911    
11 80 82 81 11 39 1.601018    820 1.598765 0.998593    
11 83 85 84 11 40 1.588991    815 1.589286 1.000185    
11 86 88 87 11 41 1.580332    811 1.580460 1.000081    
11 89 91 90 11 42 1.570216    806 1.572222 1.001278    
11 92 94 93 11 43 1.560773    800 1.559140 0.998954    
11 95 97 96 11 44 1.555246    799 1.557292 1.001315    
11 98 100 99 11 45 1.546048    793 1.545455 0.999616    
11 101 103 102 11 46 1.539296    790 1.539216 0.999948    
11 104 109 107 11 47 1.528347    784 1.528037 0.999798    
11 110 115 113 11 48 1.508915    774 1.508850 0.999957    
11 116 121 119 11 49 1.488210    763 1.487395 0.999452    
11 122 127 125 11 50 1.478608    759 1.480000 1.000941    
11 128 133 131 11 51 1.476566    758 1.477099 1.000361    
11 134 139 137 11 52 1.464822    751 1.463504 0.999100    
11 140 145 143 11 53 1.460117    750 1.461538 1.000974    
11 146 151 149 11 54 1.454975    747 1.456376 1.000963    
11 152 157 155 11 55 1.439340    738 1.438710 0.999562    
11 158 163 161 11 56 1.438045    737 1.437888 0.999891    
11 164 169 167 11 57 1.426658    732 1.428144 1.001041    
11 170 175 173 11 58 1.419018    728 1.419075 1.000040    
11 176 181 179 11 59 1.418975    727 1.418994 1.000014    
11 182 187 185 11 60 1.418975    727 1.418919 0.999961    
11 188 193 191 11 61 1.414776    725 1.413613 0.999178    
11 194 254 224 11 62 1.382371    708 1.381696 0.999512    
11 255 255 255 11 63 1.370613    702 1.370588 0.999982    
12 0 0 0 12 0 1.000000    512 1.000000 1.000000       # ieta [13], pt 0
12 15 15 15 12 1 2.552117    19455 2.566667 1.005701    
12 16 16 16 12 2 2.494473    18431 2.500000 1.002216    
12 17 17 17 12 3 2.475127    18431 2.470588 0.998166    
12 18 18 18 12 4 2.447844    18431 2.444444 0.998611    
12 19 19 19 12 5 2.396084    17407 2.394737 0.999438    
12 20 20 20 12 6 2.342505    16383 2.350000 1.003200    
12 21 21 21 12 7 2.308526    15359 2.309524 1.000432    
12 22 22 22 12 8 2.272645    14335 2.272727 1.000036    
12 23 23 23 12 9 2.235669    13311 2.239130 1.001548    
12 24 24 24 12 10 2.218060    12287 2.208333 0.995615    
12 25 25 25 12 11 2.190906    12287 2.200000 1.004151    
12 26 26 26 12 12 2.190906    12287 2.192308 1.000640    
12 27 27 27 12 13 2.140650    10239 2.148148 1.003503    
12 28 28 28 12 14 2.133658    9215 2.125000 0.995942    
12 29 29 29 12 15 2.088293    7167 2.086207 0.999001    
12 30 30 30 12 16 2.088718    7167 2.083333 0.997422    
12 31 31 31 12 17 2.071545    6143 2.064516 0.996607    
12 32 33 33 12 18 2.059035    6143 2.060606 1.000763    
12 34 35 35 12 19 2.031921    4095 2.028571 0.998352    
12 36 37 37 12 20 2.000814    2047 2.000000 0.999593    
12 38 39 39 12 21 1.975171    1014 1.974359 0.999589    
12 40 41 41 12 22 1.947860    1003 1.951220 1.001725    
12 42 43 43 12 23 1.930796    992 1.930233 0.999708    
12 44 45 45 12 24 1.891681    970 1.888889 0.998524    
12 46 47 47 12 25 1.879218    967 1.882979 1.002001    
12 48 49 49 12 26 1.864952    959 1.867347 1.001284    
12 50 51 51 12 27 1.840562    946 1.843137 1.001399    
12 52 53 53 12 28 1.818848    935 1.820755 1.001048    
12 54 55 55 12 29 1.816619    933 1.818182 1.000860    
12 56 57 57 12 30 1.789321    919 1.789474 1.000085    
12 58 59 59 12 31 1.761688    905 1.762712 1.000581    
12 60 61 61 12 32 1.754022    901 1.754098 1.000044    
12 62 64 63 12 33 1.743623    896 1.746032 1.001382    
12 65 67 66 12 34 1.713826    879 1.712121 0.999005    
12 68 70 69 12 35 1.699738    874 1.702899 1.001859    
12 71 73 72 12 36 1.688646    866 1.687500 0.999321    
12 74 76 75 12 37 1.680960    862 1.680000 0.999429    
12 77 79 78 12 38 1.669459    855 1.666667 0.998327    
12 80 82 81 12 39 1.664263    855 1.666667 1.001444    
12 83 85 84 12 40 1.657082    849 1.654762 0.998600    
12 86 88 87 12 41 1.647601    846 1.649425 1.001107    
12 89 91 90 12 42 1.636138    841 1.638889 1.001681    
12 92 94 93 12 43 1.620755    830 1.618280 0.998473    
12 95 97 96 12 44 1.614267    828 1.614583 1.000196    
12 98 100 99 12 45 1.603293    821 1.601010 0.998576    
12 101 103 102 12 46 1.603177    822 1.602941 0.999853    
12 104 109 107 12 47 1.590336    815 1.588785 0.999025    
12 110 115 113 12 48 1.563876    801 1.561947 0.998767    
12 116 121 119 12 49 1.545024    793 1.546218 1.000773    
12 122 127 125 12 50 1.532086    786 1.532000 0.999944    
12 128 133 131 12 51 1.526815    783 1.526718 0.999936    
12 134 139 137 12 52 1.508048    773 1.507299 0.999504    
12 140 145 143 12 53 1.503041    771 1.503497 1.000303    
12 146 151 149 12 54 1.500257    769 1.500000 0.999829    
12 152 157 155 12 55 1.491371    764 1.490323 0.999297    
12 158 163 161 12 56 1.489499    764 1.490683 1.000795    
12 164 169 167 12 57 1.472759    755 1.473054 1.000200    
12 170 175 173 12 58 1.467286    753 1.468208 1.000629    
12 176 181 179 12 59 1.467241    752 1.466480 0.999482    
12 182 187 185 12 60 1.467241    752 1.467568 1.000223    
12 188 193 191 12 61 1.463371    750 1.463351 0.999986    
12 194 254 224 12 62 1.434644    735 1.435268 1.000435    
12 255 255 255 12 63 1.422762    729 1.423529 1.000540    
13 0 0 0 13 0 1.000000    512 1.000000 1.000000       # ieta [14], pt 0
13 15 15 15 13 1 2.614723    20479 2.600000 0.994369    
13 16 16 16 13 2 2.573157    20479 2.562500 0.995858    
13 17 17 17 13 3 2.554004    21503 2.558824 1.001887    
13 18 18 18 13 4 2.514567    21503 2.527778 1.005254    
13 19 19 19 13 5 2.468869    20479 2.473684 1.001951    
13 20 20 20 13 6 2.423497    19455 2.425000 1.000620    
13 21 21 21 13 7 2.395413    19455 2.404762 1.003903    
13 22 22 22 13 8 2.347513    17407 2.340909 0.997187    
13 23 23 23 13 9 2.307023    16383 2.304348 0.998840    
13 24 24 24 13 10 2.288265    16383 2.291667 1.001487    
13 25 25 25 13 11 2.252370    15359 2.260000 1.003388    
13 26 26 26 13 12 2.252370    15359 2.250000 0.998948    
13 27 27 27 13 13 2.207128    13311 2.203704 0.998449    
13 28 28 28 13 14 2.201085    13311 2.196429 0.997885    
13 29 29 29 13 15 2.165501    12287 2.172414 1.003192    
13 30 30 30 13 16 2.165109    12287 2.166667 1.000719    
13 31 31 31 13 17 2.137518    11263 2.145161 1.003576    
13 32 33 33 13 18 2.113021    9215 2.106061 0.996706    
13 34 35 35 13 19 2.087297    8191 2.085714 0.999242    
13 36 37 37 13 20 2.055579    6143 2.054054 0.999258    
13 38 39 39 13 21 2.026542    4095 2.025641 0.999555    
13 40 41 41 13 22 1.999136    2047 2.000000 1.000432    
13 42 43 43 13 23 1.976617    1016 1.976744 1.000064    
13 44 45 45 13 24 1.932978    993 1.933333 1.000184    
13 46 47 47 13 25 1.915397    983 1.914894 0.999737    
13 48 49 49 13 26 1.899659    974 1.897959 0.999105    
13 50 51 51 13 27 1.878340    966 1.882353 1.002137    
13 52 53 53 13 28 1.857088    954 1.858491 1.000755    
13 54 55 55 13 29 1.853698    952 1.854545 1.000457    
13 56 57 57 13 30 1.835071    941 1.833333 0.999053    
13 58 59 59 13 31 1.816242    931 1.813559 0.998523    
13 60 61 61 13 32 1.805432    926 1.803279 0.998807    
13 62 64 63 13 33 1.794713    921 1.793651 0.999408    
13 65 67 66 13 34 1.763565    906 1.765152 1.000900    
13 68 70 69 13 35 1.742805    896 1.746377 1.002050    
13 71 73 72 13 36 1.737158    891 1.736111 0.999397    
13 74 76 75 13 37 1.733948    889 1.733333 0.999646    
13 77 79 78 13 38 1.720962    882 1.717949 0.998249    
13 80 82 81 13 39 1.712443    877 1.709877 0.998501    
13 83 85 84 13 40 1.699292    871 1.696429 0.998315    
13 86 88 87 13 41 1.689408    867 1.689655 1.000146    
13 89 91 90 13 42 1.678246    861 1.677778 0.999721    
13 92 94 93 13 43 1.665115    855 1.666667 1.000932    
13 95 97 96 13 44 1.658767    850 1.656250 0.998483    
13 98 100 99 13 45 1.648126    844 1.646465 0.998992    
13 101 103 102 13 46 1.648007    845 1.647059 0.999425    
13 104 109 107 13 47 1.637849    839 1.635514 0.998574    
13 110 115 113 13 48 1.614984    828 1.615044 1.000037    
13 116 121 119 13 49 1.600129    821 1.600840 1.000444    
13 122 127 125 13 50 1.586298    815 1.588000 1.001073    
13 128 133 131 13 51 1.578301    810 1.580153 1.001173    
13 134 139 137 13 52 1.564448    803 1.565693 1.000796    
13 140 145 143 13 53 1.558347    800 1.559441 1.000702    
13 146 151 149 13 54 1.547362    793 1.546980 0.999753    
13 152 157 155 13 55 1.537706    789 1.538710 1.000653    
13 158 163 161 13 56 1.535952    788 1.537267 1.000856    
13 164 169 167 13 57 1.514160    777 1.514970 1.000535    
13 170 175 173 13 58 1.510269    775 1.511561 1.000855    
13 176 181 179 13 59 1.510459    775 1.511173 1.000473    
13 182 187 185 13 60 1.510459    774 1.510811 1.000233    
13 188 193 191 13 61 1.507903    773 1.507853 0.999967    
13 194 254 224 13 62 1.481499    759 1.482143 1.000435    
13 255 255 255 13 63 1.469193    752 1.468627 0.999615    
14 0 0 0 14 0 1.000000    512 1.000000 1.000000       # ieta [15], pt 0
14 15 15 15 14 1 2.608509    20479 2.600000 0.996738    
14 16 16 16 14 2 2.568474    20479 2.562500 0.997674    
14 17 17 17 14 3 2.556105    21503 2.558824 1.001063    
14 18 18 18 14 4 2.537031    21503 2.527778 0.996353    
14 19 19 19 14 5 2.491211    21503 2.500000 1.003528    
14 20 20 20 14 6 2.446499    20479 2.450000 1.001431    
14 21 21 21 14 7 2.419986    20479 2.428571 1.003548    
14 22 22 22 14 8 2.379340    19455 2.386364 1.002952    
14 23 23 23 14 9 2.344430    18431 2.347826 1.001448    
14 24 24 24 14 10 2.324717    18431 2.333333 1.003707    
14 25 25 25 14 11 2.299575    17407 2.300000 1.000185    
14 26 26 26 14 12 2.299575    18431 2.307692 1.003530    
14 27 27 27 14 13 2.258180    16383 2.259259 1.000478    
14 28 28 28 14 14 2.255941    16383 2.250000 0.997366    
14 29 29 29 14 15 2.218968    15359 2.224138 1.002330    
14 30 30 30 14 16 2.218566    15359 2.216667 0.999144    
14 31 31 31 14 17 2.188306    14335 2.193548 1.002396    
14 32 33 33 14 18 2.151140    12287 2.151515 1.000174    
14 34 35 35 14 19 2.121730    11263 2.128571 1.003225    
14 36 37 37 14 20 2.086222    8191 2.081081 0.997536    
14 38 39 39 14 21 2.054449    6143 2.051282 0.998459    
14 40 41 41 14 22 2.023924    4095 2.024390 1.000230    
14 42 43 43 14 23 2.001477    2047 2.000000 0.999262    
14 44 45 45 14 24 1.961854    1010 1.966667 1.002453    
14 46 47 47 14 25 1.947438    1000 1.946809 0.999677    
14 48 49 49 14 26 1.933262    991 1.928571 0.997574    
14 50 51 51 14 27 1.914486    982 1.911765 0.998579    
14 52 53 53 14 28 1.891073    969 1.886792 0.997737    
14 54 55 55 14 29 1.885098    967 1.881818 0.998260    
14 56 57 57 14 30 1.867461    959 1.868421 1.000514    
14 58 59 59 14 31 1.848751    948 1.847458 0.999301    
14 60 61 61 14 32 1.840460    947 1.844262 1.002066    
14 62 64 63 14 33 1.829533    941 1.833333 1.002077    
14 65 67 66 14 34 1.801844    926 1.803030 1.000659    
14 68 70 69 14 35 1.781180    915 1.782609 1.000802    
14 71 73 72 14 36 1.775837    912 1.777778 1.001093    
14 74 76 75 14 37 1.768992    906 1.766667 0.998686    
14 77 79 78 14 38 1.752741    898 1.750000 0.998436    
14 80 82 81 14 39 1.744363    896 1.746914 1.001462    
14 83 85 84 14 40 1.733845    888 1.732143 0.999018    
14 86 88 87 14 41 1.721003    882 1.718391 0.998482    
14 89 91 90 14 42 1.709683    878 1.711111 1.000835    
14 92 94 93 14 43 1.699499    871 1.698925 0.999662    
14 95 97 96 14 44 1.694147    868 1.692708 0.999151    
14 98 100 99 14 45 1.683559    863 1.681818 0.998966    
14 101 103 102 14 46 1.683579    862 1.681373 0.998689    
14 104 109 107 14 47 1.671693    858 1.672897 1.000720    
14 110 115 113 14 48 1.648455    847 1.650442 1.001206    
14 116 121 119 14 49 1.638278    840 1.638655 1.000230    
14 122 127 125 14 50 1.625798    833 1.624000 0.998894    
14 128 133 131 14 51 1.617602    830 1.618321 1.000444    
14 134 139 137 14 52 1.602570    822 1.602190 0.999763    
14 140 145 143 14 53 1.594864    818 1.594406 0.999712    
14 146 151 149 14 54 1.580004    810 1.580537 1.000337    
14 152 157 155 14 55 1.570124    805 1.570968 1.000537    
14 158 163 161 14 56 1.567830    804 1.568323 1.000314    
14 164 169 167 14 57 1.547683    794 1.547904 1.000143    
14 170 175 173 14 58 1.542590    791 1.543353 1.000494    
14 176 181 179 14 59 1.542783    790 1.541899 0.999427    
14 182 187 185 14 60 1.542783    791 1.543243 1.000298    
14 188 193 191 14 61 1.540719    790 1.541885 1.000757    
14 194 254 224 14 62 1.518860    778 1.517857 0.999340    
14 255 255 255 14 63 1.506907    773 1.507843 1.000621    
15 0 0 0 15 0 1.000000    512 1.000000 1.000000       # ieta [16], pt 0
15 15 15 15 15 1 2.572756    19455 2.566667 0.997633    
15 16 16 16 15 2 2.546405    19455 2.531250 0.994049    
15 17 17 17 15 3 2.540905    20479 2.529412 0.995477    
15 18 18 18 15 4 2.524092    21503 2.527778 1.001460    
15 19 19 19 15 5 2.482043    20479 2.473684 0.996632    
15 20 20 20 15 6 2.446418    20479 2.450000 1.001464    
15 21 21 21 15 7 2.419598    20479 2.428571 1.003708    
15 22 22 22 15 8 2.407063    20479 2.409091 1.000842    
15 23 23 23 15 9 2.376932    19455 2.369565 0.996901    
15 24 24 24 15 10 2.359301    19455 2.354167 0.997824    
15 25 25 25 15 11 2.336558    19455 2.340000 1.001473    
15 26 26 26 15 12 2.336558    20479 2.346154 1.004107    
15 27 27 27 15 13 2.294497    18431 2.296296 1.000784    
15 28 28 28 15 14 2.300205    19455 2.303571 1.001464    
15 29 29 29 15 15 2.269355    18431 2.275862 1.002867    
15 30 30 30 15 16 2.265190    18431 2.266667 1.000652    
15 31 31 31 15 17 2.239151    17407 2.241935 1.001244    
15 32 33 33 15 18 2.209770    16383 2.212121 1.001064    
15 34 35 35 15 19 2.181295    15359 2.185714 1.002026    
15 36 37 37 15 20 2.153695    13311 2.148649 0.997657    
15 38 39 39 15 21 2.120303    11263 2.115385 0.997680    
15 40 41 41 15 22 2.095794    10239 2.097561 1.000843    
15 42 43 43 15 23 2.073224    8191 2.069767 0.998333    
15 44 45 45 15 24 2.043785    6143 2.044444 1.000323    
15 46 47 47 15 25 2.023334    4095 2.021277 0.998983    
15 48 49 49 15 26 2.008778    3071 2.010204 1.000710    
15 50 51 51 15 27 1.989567    1021 1.990196 1.000316    
15 52 53 53 15 28 1.967829    1012 1.971698 1.001966    
15 54 55 55 15 29 1.961701    1008 1.963636 1.000987    
15 56 57 57 15 30 1.944440    1000 1.947368 1.001506    
15 58 59 59 15 31 1.921099    987 1.923729 1.001369    
15 60 61 61 15 32 1.913919    981 1.909836 0.997867    
15 62 64 63 15 33 1.902766    978 1.904762 1.001049    
15 65 67 66 15 34 1.879608    964 1.878788 0.999564    
15 68 70 69 15 35 1.860873    956 1.862319 1.000777    
15 71 73 72 15 36 1.855453    951 1.854167 0.999307    
15 74 76 75 15 37 1.849341    947 1.846667 0.998554    
15 77 79 78 15 38 1.832228    940 1.833333 1.000603    
15 80 82 81 15 39 1.823473    934 1.820988 0.998637    
15 83 85 84 15 40 1.811086    928 1.809524 0.999137    
15 86 88 87 15 41 1.798642    923 1.798851 1.000116    
15 89 91 90 15 42 1.788359    917 1.788889 1.000296    
15 92 94 93 15 43 1.772406    910 1.774194 1.001009    
15 95 97 96 15 44 1.763824    905 1.765625 1.001021    
15 98 100 99 15 45 1.750125    899 1.752525 1.001372    
15 101 103 102 15 46 1.749840    897 1.750000 1.000092    
15 104 109 107 15 47 1.738651    892 1.738318 0.999808    
15 110 115 113 15 48 1.717728    881 1.716814 0.999468    
15 116 121 119 15 49 1.710351    877 1.710084 0.999844    
15 122 127 125 15 50 1.699954    872 1.700000 1.000027    
15 128 133 131 15 51 1.691446    867 1.690840 0.999641    
15 134 139 137 15 52 1.674182    859 1.675182 1.000598    
15 140 145 143 15 53 1.666132    855 1.667832 1.001020    
15 146 151 149 15 54 1.658935    850 1.657718 0.999266    
15 152 157 155 15 55 1.650669    847 1.651613 1.000572    
15 158 163 161 15 56 1.648730    845 1.649068 1.000205    
15 164 169 167 15 57 1.628067    835 1.628743 1.000415    
15 170 175 173 15 58 1.621390    831 1.621387 0.999998    
15 176 181 179 15 59 1.619574    830 1.620112 1.000332    
15 182 187 185 15 60 1.619574    830 1.618919 0.999595    
15 188 193 191 15 61 1.618324    829 1.617801 0.999677    
15 194 254 224 15 62 1.598243    819 1.598214 0.999982    
15 255 255 255 15 63 1.579501    810 1.580392 1.000564    
16 0 0 0 16 0 1.000000    512 1.000000 1.000000       # ieta [17], pt 0
16 15 15 15 16 1 2.656394    22527 2.666667 1.003867    
16 16 16 16 16 2 2.612624    22527 2.625000 1.004737    
16 17 17 17 16 3 2.600611    22527 2.588235 0.995241    
16 18 18 18 16 4 2.586848    23551 2.583333 0.998641    
16 19 19 19 16 5 2.543373    23551 2.552632 1.003640    
16 20 20 20 16 6 2.489140    22527 2.500000 1.004363    
16 21 21 21 16 7 2.464944    22527 2.476190 1.004563    
16 22 22 22 16 8 2.443359    22527 2.454545 1.004578    
16 23 23 23 16 9 2.410295    21503 2.413043 1.001140    
16 24 24 24 16 10 2.392416    21503 2.395833 1.001428    
16 25 25 25 16 11 2.362416    20479 2.360000 0.998977    
16 26 26 26 16 12 2.362416    21503 2.365385 1.001257    
16 27 27 27 16 13 2.318123    19455 2.314815 0.998573    
16 28 28 28 16 14 2.322669    20479 2.321429 0.999466    
16 29 29 29 16 15 2.291518    19455 2.293103 1.000692    
16 30 30 30 16 16 2.286998    19455 2.283333 0.998398    
16 31 31 31 16 17 2.260708    18431 2.258065 0.998831    
16 32 33 33 16 18 2.229417    17407 2.227273 0.999038    
16 34 35 35 16 19 2.200230    16383 2.200000 0.999895    
16 36 37 37 16 20 2.170077    15359 2.175676 1.002580    
16 38 39 39 16 21 2.133968    12287 2.128205 0.997300    
16 40 41 41 16 22 2.109040    11263 2.109756 1.000340    
16 42 43 43 16 23 2.086328    9215 2.081395 0.997636    
16 44 45 45 16 24 2.056702    7167 2.055556 0.999442    
16 46 47 47 16 25 2.035543    5119 2.031915 0.998218    
16 48 49 49 16 26 2.020801    4095 2.020408 0.999806    
16 50 51 51 16 27 2.001376    2047 2.000000 0.999312    
16 52 53 53 16 28 1.979509    1017 1.981132 1.000820    
16 54 55 55 16 29 1.973302    1013 1.972727 0.999709    
16 56 57 57 16 30 1.955896    1004 1.956140 1.000125    
16 58 59 59 16 31 1.932418    992 1.932203 0.999889    
16 60 61 61 16 32 1.925194    989 1.926230 1.000538    
16 62 64 63 16 33 1.913976    982 1.912698 0.999333    
16 65 67 66 16 34 1.890682    972 1.893939 1.001723    
16 68 70 69 16 35 1.871836    959 1.869565 0.998787    
16 71 73 72 16 36 1.866384    958 1.868056 1.000895    
16 74 76 75 16 37 1.860236    954 1.860000 0.999873    
16 77 79 78 16 38 1.842593    944 1.839744 0.998454    
16 80 82 81 16 39 1.833789    940 1.833333 0.999751    
16 83 85 84 16 40 1.821332    934 1.821429 1.000053    
16 86 88 87 16 41 1.808817    928 1.810345 1.000845    
16 89 91 90 16 42 1.798150    923 1.800000 1.001029    
16 92 94 93 16 43 1.781948    913 1.779570 0.998666    
16 95 97 96 16 44 1.773193    908 1.770833 0.998669    
16 98 100 99 16 45 1.758701    901 1.757576 0.999360    
16 101 103 102 16 46 1.757977    903 1.759804 1.001039    
16 104 109 107 16 47 1.746737    896 1.747664 1.000531    
16 110 115 113 16 48 1.725700    885 1.725664 0.999979    
16 116 121 119 16 49 1.718280    881 1.718487 1.000121    
16 122 127 125 16 50 1.707835    876 1.708000 1.000096    
16 128 133 131 16 51 1.699288    871 1.698473 0.999521    
16 134 139 137 16 52 1.681943    863 1.682482 1.000320    
16 140 145 143 16 53 1.673856    859 1.674825 1.000579    
16 146 151 149 16 54 1.656549    850 1.657718 1.000706    
16 152 157 155 16 55 1.645228    843 1.645161 0.999960    
16 158 163 161 16 56 1.643295    842 1.642857 0.999733    
16 164 169 167 16 57 1.620522    830 1.619760 0.999530    
16 170 175 173 16 58 1.610955    825 1.609827 0.999300    
16 176 181 179 16 59 1.607962    825 1.608939 1.000607    
16 182 187 185 16 60 1.607962    824 1.608108 1.000091    
16 188 193 191 16 61 1.605480    822 1.604712 0.999522    
16 194 254 224 16 62 1.580736    810 1.580357 0.999761    
16 255 255 255 16 63 1.568349    804 1.568627 1.000178    
17 0 0 0 17 0 1.000000    512 1.000000 1.000000       # ieta [18], pt 0
17 15 15 15 17 1 2.616753    21503 2.633333 1.006336    
17 16 16 16 17 2 2.571361    20479 2.562500 0.996554    
17 17 17 17 17 3 2.559538    21503 2.558824 0.999721    
17 18 18 18 17 4 2.544508    22527 2.555556 1.004342    
17 19 19 19 17 5 2.499464    21503 2.500000 1.000214    
17 20 20 20 17 6 2.458838    20479 2.450000 0.996406    
17 21 21 21 17 7 2.432316    20479 2.428571 0.998460    
17 22 22 22 17 8 2.406375    20479 2.409091 1.001129    
17 23 23 23 17 9 2.373658    19455 2.369565 0.998276    
17 24 24 24 17 10 2.356051    19455 2.354167 0.999200    
17 25 25 25 17 11 2.329793    18431 2.320000 0.995796    
17 26 26 26 17 12 2.329793    19455 2.326923 0.998768    
17 27 27 27 17 13 2.286112    17407 2.277778 0.996354    
17 28 28 28 17 14 2.284549    18431 2.285714 1.000510    
17 29 29 29 17 15 2.250367    17407 2.258621 1.003668    
17 30 30 30 17 16 2.249315    17407 2.250000 1.000304    
17 31 31 31 17 17 2.222839    16383 2.225806 1.001335    
17 32 33 33 17 18 2.189726    15359 2.196970 1.003308    
17 34 35 35 17 19 2.164816    14335 2.171429 1.003055    
17 36 37 37 17 20 2.130185    12287 2.135135 1.002324    
17 38 39 39 17 21 2.095925    9215 2.089744 0.997051    
17 40 41 41 17 22 2.072413    8191 2.073171 1.000366    
17 42 43 43 17 23 2.050404    6143 2.046512 0.998102    
17 44 45 45 17 24 2.020759    4095 2.022222 1.000724    
17 46 47 47 17 25 2.000972    2047 2.000000 0.999514    
17 48 49 49 17 26 1.987093    1021 1.989796 1.001360    
17 50 51 51 17 27 1.968886    1011 1.970588 1.000865    
17 52 53 53 17 28 1.948929    1002 1.952830 1.002002    
17 54 55 55 17 29 1.944474    999 1.945455 1.000504    
17 56 57 57 17 30 1.928005    991 1.929825 1.000944    
17 58 59 59 17 31 1.905788    979 1.906780 1.000520    
17 60 61 61 17 32 1.898665    976 1.901639 1.001567    
17 62 64 63 17 33 1.887493    970 1.888889 1.000740    
17 65 67 66 17 34 1.860747    957 1.863636 1.001553    
17 68 70 69 17 35 1.835550    941 1.833333 0.998792    
17 71 73 72 17 36 1.827489    937 1.826389 0.999398    
17 74 76 75 17 37 1.819988    934 1.820000 1.000007    
17 77 79 78 17 38 1.801428    924 1.801282 0.999919    
17 80 82 81 17 39 1.792821    918 1.790123 0.998496    
17 83 85 84 17 40 1.780642    913 1.779762 0.999506    
17 86 88 87 17 41 1.768407    908 1.770115 1.000966    
17 89 91 90 17 42 1.758195    901 1.755556 0.998499    
17 92 94 93 17 43 1.742461    893 1.741935 0.999699    
17 95 97 96 17 44 1.734054    889 1.734375 1.000185    
17 98 100 99 17 45 1.720558    883 1.722222 1.000967    
17 101 103 102 17 46 1.720171    882 1.720588 1.000243    
17 104 109 107 17 47 1.708628    877 1.710280 1.000967    
17 110 115 113 17 48 1.685382    865 1.685841 1.000272    
17 116 121 119 17 49 1.676764    860 1.676471 0.999825    
17 122 127 125 17 50 1.666182    856 1.668000 1.001091    
17 128 133 131 17 51 1.657843    850 1.656489 0.999183    
17 134 139 137 17 52 1.637997    840 1.638686 1.000421    
17 140 145 143 17 53 1.630121    836 1.629371 0.999540    
17 146 151 149 17 54 1.612190    826 1.610738 0.999099    
17 152 157 155 17 55 1.600880    820 1.600000 0.999450    
17 158 163 161 17 56 1.599000    820 1.599379 1.000237    
17 164 169 167 17 57 1.577618    809 1.577844 1.000143    
17 170 175 173 17 58 1.570272    804 1.569364 0.999422    
17 176 181 179 17 59 1.569689    805 1.569832 1.000091    
17 182 187 185 17 60 1.569689    805 1.570270 1.000370    
17 188 193 191 17 61 1.566939    804 1.568063 1.000717    
17 194 254 224 17 62 1.539834    789 1.540179 1.000224    
17 255 255 255 17 63 1.521954    780 1.521569 0.999747    
18 0 0 0 18 0 1.000000    512 1.000000 1.000000       # ieta [19], pt 0
18 15 15 15 18 1 2.569005    19455 2.566667 0.999090    
18 16 16 16 18 2 2.557851    20479 2.562500 1.001818    
18 17 17 17 18 3 2.546089    21503 2.558824 1.005001    
18 18 18 18 18 4 2.539566    21503 2.527778 0.995358    
18 19 19 19 18 5 2.494610    21503 2.500000 1.002161    
18 20 20 20 18 6 2.454062    20479 2.450000 0.998345    
18 21 21 21 18 7 2.427592    20479 2.428571 1.000403    
18 22 22 22 18 8 2.404724    20479 2.409091 1.001816    
18 23 23 23 18 9 2.372029    19455 2.369565 0.998961    
18 24 24 24 18 10 2.354434    19455 2.354167 0.999886    
18 25 25 25 18 11 2.328621    18431 2.320000 0.996298    
18 26 26 26 18 12 2.328621    19455 2.326923 0.999271    
18 27 27 27 18 13 2.284962    17407 2.277778 0.996856    
18 28 28 28 18 14 2.283400    18431 2.285714 1.001014    
18 29 29 29 18 15 2.249235    16383 2.241379 0.996507    
18 30 30 30 18 16 2.248184    17407 2.250000 1.000808    
18 31 31 31 18 17 2.221721    16383 2.225806 1.001839    
18 32 33 33 18 18 2.189753    15359 2.196970 1.003296    
18 34 35 35 18 19 2.164842    14335 2.171429 1.003042    
18 36 37 37 18 20 2.130212    12287 2.135135 1.002311    
18 38 39 39 18 21 2.095951    9215 2.089744 0.997039    
18 40 41 41 18 22 2.072439    8191 2.073171 1.000353    
18 42 43 43 18 23 2.050429    6143 2.046512 0.998090    
18 44 45 45 18 24 2.020916    4095 2.022222 1.000647    
18 46 47 47 18 25 2.001258    2047 2.000000 0.999371    
18 48 49 49 18 26 1.987378    1021 1.989796 1.001217    
18 50 51 51 18 27 1.969167    1011 1.970588 1.000722    
18 52 53 53 18 28 1.949208    1002 1.952830 1.001858    
18 54 55 55 18 29 1.944752    999 1.945455 1.000361    
18 56 57 57 18 30 1.928281    991 1.929825 1.000801    
18 58 59 59 18 31 1.906061    979 1.906780 1.000377    
18 60 61 61 18 32 1.898936    976 1.901639 1.001423    
18 62 64 63 18 33 1.887763    970 1.888889 1.000597    
18 65 67 66 18 34 1.861013    957 1.863636 1.001410    
18 68 70 69 18 35 1.835813    941 1.833333 0.998649    
18 71 73 72 18 36 1.827751    937 1.826389 0.999255    
18 74 76 75 18 37 1.820248    934 1.820000 0.999864    
18 77 79 78 18 38 1.801686    924 1.801282 0.999776    
18 80 82 81 18 39 1.793077    919 1.790123 0.998353    
18 83 85 84 18 40 1.780897    913 1.779762 0.999363    
18 86 88 87 18 41 1.768660    908 1.770115 1.000823    
18 89 91 90 18 42 1.758447    903 1.761111 1.001515    
18 92 94 93 18 43 1.742710    893 1.741935 0.999556    
18 95 97 96 18 44 1.734302    889 1.734375 1.000042    
18 98 100 99 18 45 1.720804    883 1.722222 1.000824    
18 101 103 102 18 46 1.720417    882 1.720588 1.000100    
18 104 109 107 18 47 1.708872    877 1.710280 1.000824    
18 110 115 113 18 48 1.685623    865 1.685841 1.000129    
18 116 121 119 18 49 1.677004    860 1.676471 0.999682    
18 122 127 125 18 50 1.666420    856 1.668000 1.000948    
18 128 133 131 18 51 1.658080    850 1.656489 0.999040    
18 134 139 137 18 52 1.638231    840 1.638686 1.000278    
18 140 145 143 18 53 1.630354    836 1.629371 0.999397    
18 146 151 149 18 54 1.612421    828 1.614094 1.001038    
18 152 157 155 18 55 1.601109    820 1.600000 0.999307    
18 158 163 161 18 56 1.599228    820 1.599379 1.000094    
18 164 169 167 18 57 1.576577    809 1.577844 1.000804    
18 170 175 173 18 58 1.568428    804 1.569364 1.000597    
18 176 181 179 18 59 1.567845    803 1.567039 0.999486    
18 182 187 185 18 60 1.567845    803 1.567568 0.999823    
18 188 193 191 18 61 1.565098    802 1.565445 1.000222    
18 194 254 224 18 62 1.534983    787 1.535714 1.000476    
18 255 255 255 18 63 1.516388    777 1.515686 0.999537    
19 0 0 0 19 0 1.000000    512 1.000000 1.000000       # ieta [20], pt 0
19 15 15 15 19 1 2.676646    22527 2.666667 0.996272    
19 16 16 16 19 2 2.602427    21503 2.593750 0.996666    
19 17 17 17 19 3 2.589046    22527 2.588235 0.999687    
19 18 18 18 19 4 2.556166    22527 2.555556 0.999761    
19 19 19 19 19 5 2.509236    21503 2.500000 0.996319    
19 20 20 20 19 6 2.464448    21503 2.475000 1.004282    
19 21 21 21 19 7 2.437087    20479 2.428571 0.996506    
19 22 22 22 19 8 2.406969    20479 2.409091 1.000882    
19 23 23 23 19 9 2.372319    19455 2.369565 0.998839    
19 24 24 24 19 10 2.354722    19455 2.354167 0.999764    
19 25 25 25 19 11 2.328906    18431 2.320000 0.996176    
19 26 26 26 19 12 2.328906    19455 2.326923 0.999148    
19 27 27 27 19 13 2.284836    17407 2.277778 0.996911    
19 28 28 28 19 14 2.283274    18431 2.285714 1.001069    
19 29 29 29 19 15 2.249111    16383 2.241379 0.996562    
19 30 30 30 19 16 2.248060    17407 2.250000 1.000863    
19 31 31 31 19 17 2.221599    16383 2.225806 1.001894    
19 32 33 33 19 18 2.188301    14335 2.181818 0.997037    
19 34 35 35 19 19 2.163324    13311 2.157143 0.997143    
19 36 37 37 19 20 2.129477    12287 2.135135 1.002657    
19 38 39 39 19 21 2.095175    9215 2.089744 0.997408    
19 40 41 41 19 22 2.071065    8191 2.073171 1.001017    
19 42 43 43 19 23 2.049070    6143 2.046512 0.998752    
19 44 45 45 19 24 2.019462    4095 2.022222 1.001367    
19 46 47 47 19 25 1.999706    2047 2.000000 1.000147    
19 48 49 49 19 26 1.986198    1021 1.989796 1.001811    
19 50 51 51 19 27 1.967838    1011 1.970588 1.001398    
19 52 53 53 19 28 1.947892    998 1.943396 0.997692    
19 54 55 55 19 29 1.943611    999 1.945455 1.000949    
19 56 57 57 19 30 1.927320    991 1.929825 1.001300    
19 58 59 59 19 31 1.905111    979 1.906780 1.000876    
19 60 61 61 19 32 1.897990    976 1.901639 1.001923    
19 62 64 63 19 33 1.886822    970 1.888889 1.001095    
19 65 67 66 19 34 1.860086    957 1.863636 1.001909    
19 68 70 69 19 35 1.834898    941 1.833333 0.999147    
19 71 73 72 19 36 1.826840    937 1.826389 0.999753    
19 74 76 75 19 37 1.819342    934 1.820000 1.000362    
19 77 79 78 19 38 1.800788    924 1.801282 1.000274    
19 80 82 81 19 39 1.792184    918 1.790123 0.998850    
19 83 85 84 19 40 1.780009    913 1.779762 0.999861    
19 86 88 87 19 41 1.767779    908 1.770115 1.001322    
19 89 91 90 19 42 1.757675    900 1.755556 0.998794    
19 92 94 93 19 43 1.742154    893 1.741935 0.999875    
19 95 97 96 19 44 1.733749    889 1.734375 1.000361    
19 98 100 99 19 45 1.720426    883 1.722222 1.001044    
19 101 103 102 19 46 1.720124    882 1.720588 1.000270    
19 104 109 107 19 47 1.708581    877 1.710280 1.000995    
19 110 115 113 19 48 1.685336    865 1.685841 1.000300    
19 116 121 119 19 49 1.676718    860 1.676471 0.999853    
19 122 127 125 19 50 1.666137    856 1.668000 1.001118    
19 128 133 131 19 51 1.657798    850 1.656489 0.999210    
19 134 139 137 19 52 1.637952    840 1.638686 1.000448    
19 140 145 143 19 53 1.630076    836 1.629371 0.999567    
19 146 151 149 19 54 1.612146    826 1.610738 0.999127    
19 152 157 155 19 55 1.600836    820 1.600000 0.999478    
19 158 163 161 19 56 1.598956    820 1.599379 1.000265    
19 164 169 167 19 57 1.576437    809 1.577844 1.000893    
19 170 175 173 19 58 1.568416    804 1.569364 1.000604    
19 176 181 179 19 59 1.567834    803 1.567039 0.999493    
19 182 187 185 19 60 1.567834    803 1.567568 0.999830    
19 188 193 191 19 61 1.565087    802 1.565445 1.000229    
19 194 254 224 19 62 1.534972    787 1.535714 1.000484    
19 255 255 255 19 63 1.516377    777 1.515686 0.999545    
20 0 0 0 20 0 1.000000    512 1.000000 1.000000       # ieta [21], pt 0
20 15 15 15 20 1 2.678914    22527 2.666667 0.995428    
20 16 16 16 20 2 2.602427    21503 2.593750 0.996666    
20 17 17 17 20 3 2.589046    22527 2.588235 0.999687    
20 18 18 18 20 4 2.555850    22527 2.555556 0.999885    
20 19 19 19 20 5 2.508290    21503 2.500000 0.996695    
20 20 20 20 20 6 2.463372    21503 2.475000 1.004721    
20 21 21 21 20 7 2.436023    20479 2.428571 0.996941    
20 22 22 22 20 8 2.403672    20479 2.409091 1.002254    
20 23 23 23 20 9 2.368365    19455 2.369565 1.000507    
20 24 24 24 20 10 2.349287    19455 2.354167 1.002077    
20 25 25 25 20 11 2.321978    18431 2.320000 0.999148    
20 26 26 26 20 12 2.321978    19455 2.326923 1.002129    
20 27 27 27 20 13 2.278040    17407 2.277778 0.999885    
20 28 28 28 20 14 2.273177    17407 2.267857 0.997660    
20 29 29 29 20 15 2.237090    16383 2.241379 1.001917    
20 30 30 30 20 16 2.236045    16383 2.233333 0.998787    
20 31 31 31 20 17 2.209725    15359 2.209677 0.999978    
20 32 33 33 20 18 2.171499    13311 2.166667 0.997775    
20 34 35 35 20 19 2.143968    12287 2.142857 0.999482    
20 36 37 37 20 20 2.109810    10239 2.108108 0.999193    
20 38 39 39 20 21 2.078527    8191 2.076923 0.999228    
20 40 41 41 20 22 2.053532    6143 2.048780 0.997686    
20 42 43 43 20 23 2.031723    5119 2.034884 1.001556    
20 44 45 45 20 24 1.997518    2046 2.000000 1.001243    
20 46 47 47 20 25 1.979185    1016 1.978723 0.999767    
20 48 49 49 20 26 1.966764    1011 1.969388 1.001334    
20 50 51 51 20 27 1.948946    1001 1.950980 1.001044    
20 52 53 53 20 28 1.930536    993 1.933962 1.001775    
20 54 55 55 20 29 1.927089    989 1.927273 1.000095    
20 56 57 57 20 30 1.909699    982 1.912281 1.001352    
20 58 59 59 20 31 1.890785    970 1.889831 0.999495    
20 60 61 61 20 32 1.883717    968 1.885246 1.000812    
20 62 64 63 20 33 1.872365    961 1.873016 1.000348    
20 65 67 66 20 34 1.843114    945 1.840909 0.998804    
20 68 70 69 20 35 1.815796    933 1.818841 1.001677    
20 71 73 72 20 36 1.807264    926 1.805556 0.999054    
20 74 76 75 20 37 1.799894    924 1.800000 1.000059    
20 77 79 78 20 38 1.780988    914 1.782051 1.000597    
20 80 82 81 20 39 1.772478    909 1.771605 0.999507    
20 83 85 84 20 40 1.761016    904 1.761905 1.000505    
20 86 88 87 20 41 1.746455    896 1.747126 1.000384    
20 89 91 90 20 42 1.735392    889 1.733333 0.998813    
20 92 94 93 20 43 1.720471    882 1.720430 0.999976    
20 95 97 96 20 44 1.712852    879 1.713542 1.000403    
20 98 100 99 20 45 1.700128    873 1.702020 1.001113    
20 101 103 102 20 46 1.700050    872 1.700980 1.000548    
20 104 109 107 20 47 1.688641    865 1.686916 0.998978    
20 110 115 113 20 48 1.665770    853 1.663717 0.998767    
20 116 121 119 20 49 1.657355    849 1.655462 0.998858    
20 122 127 125 20 50 1.646896    845 1.648000 1.000670    
20 128 133 131 20 51 1.638653    840 1.637405 0.999238    
20 134 139 137 20 52 1.622581    833 1.624088 1.000929    
20 140 145 143 20 53 1.614779    828 1.615385 1.000375    
20 146 151 149 20 54 1.597017    819 1.597315 1.000187    
20 152 157 155 20 55 1.586790    814 1.587097 1.000193    
20 158 163 161 20 56 1.584926    812 1.583851 0.999322    
20 164 169 167 20 57 1.562793    801 1.562874 1.000052    
20 170 175 173 20 58 1.555032    797 1.554913 0.999924    
20 176 181 179 20 59 1.554454    796 1.553073 0.999111    
20 182 187 185 20 60 1.554454    797 1.554054 0.999743    
20 188 193 191 20 61 1.551731    796 1.552356 1.000403    
20 194 254 224 20 62 1.520288    779 1.520089 0.999869    
20 255 255 255 20 63 1.501715    770 1.501961 1.000163    
21 0 0 0 21 0 1.000000    512 1.000000 1.000000       # ieta [22], pt 0
21 15 15 15 21 1 2.633784    21503 2.633333 0.999829    
21 16 16 16 21 2 2.583843    21503 2.593750 1.003834    
21 17 17 17 21 3 2.566433    21503 2.558824 0.997035    
21 18 18 18 21 4 2.543017    22527 2.555556 1.004930    
21 19 19 19 21 5 2.488109    21503 2.500000 1.004779    
21 20 20 20 21 6 2.426876    19455 2.425000 0.999227    
21 21 21 21 21 7 2.397334    19455 2.404762 1.003099    
21 22 22 22 21 8 2.358124    18431 2.363636 1.002337    
21 23 23 23 21 9 2.323879    17407 2.326087 1.000950    
21 24 24 24 21 10 2.303168    17407 2.312500 1.004052    
21 25 25 25 21 11 2.265983    15359 2.260000 0.997360    
21 26 26 26 21 12 2.265983    16383 2.269231 1.001433    
21 27 27 27 21 13 2.215614    14335 2.222222 1.002983    
21 28 28 28 21 14 2.209000    14335 2.214286 1.002393    
21 29 29 29 21 15 2.164067    12287 2.172414 1.003857    
21 30 30 30 21 16 2.163373    12287 2.166667 1.001522    
21 31 31 31 21 17 2.145474    11263 2.145161 0.999854    
21 32 33 33 21 18 2.116146    10239 2.121212 1.002394    
21 34 35 35 21 19 2.094357    9215 2.100000 1.002694    
21 36 37 37 21 20 2.061848    7167 2.067568 1.002774    
21 38 39 39 21 21 2.034708    5119 2.038462 1.001845    
21 40 41 41 21 22 2.009884    3071 2.012195 1.001150    
21 42 43 43 21 23 1.993493    1022 1.988372 0.997431    
21 44 45 45 21 24 1.956585    1004 1.955556 0.999474    
21 46 47 47 21 25 1.938371    994 1.936170 0.998865    
21 48 49 49 21 26 1.926003    990 1.928571 1.001333    
21 50 51 51 21 27 1.907879    981 1.911765 1.002037    
21 52 53 53 21 28 1.891723    973 1.896226 1.002381    
21 54 55 55 21 29 1.889075    971 1.890909 1.000971    
21 56 57 57 21 30 1.874830    964 1.877193 1.001260    
21 58 59 59 21 31 1.857821    953 1.855932 0.998983    
21 60 61 61 21 32 1.852632    951 1.852459 0.999906    
21 62 64 63 21 33 1.842405    945 1.841270 0.999384    
21 65 67 66 21 34 1.813315    929 1.810606 0.998506    
21 68 70 69 21 35 1.790541    919 1.789855 0.999617    
21 71 73 72 21 36 1.784202    916 1.784722 1.000291    
21 74 76 75 21 37 1.778890    913 1.780000 1.000624    
21 77 79 78 21 38 1.764552    904 1.762821 0.999019    
21 80 82 81 21 39 1.757540    902 1.759259 1.000978    
21 83 85 84 21 40 1.746203    895 1.744048 0.998766    
21 86 88 87 21 41 1.732899    890 1.735632 1.001577    
21 89 91 90 21 42 1.722332    883 1.722222 0.999936    
21 92 94 93 21 43 1.707677    877 1.709677 1.001171    
21 95 97 96 21 44 1.700075    871 1.697917 0.998730    
21 98 100 99 21 45 1.687278    865 1.686869 0.999758    
21 101 103 102 21 46 1.686760    865 1.686275 0.999712    
21 104 109 107 21 47 1.675122    858 1.672897 0.998672    
21 110 115 113 21 48 1.652183    847 1.650442 0.998947    
21 116 121 119 21 49 1.644561    843 1.642857 0.998964    
21 122 127 125 21 50 1.634270    839 1.636000 1.001059    
21 128 133 131 21 51 1.626091    834 1.625954 0.999916    
21 134 139 137 21 52 1.612478    827 1.613139 1.000410    
21 140 145 143 21 53 1.604724    823 1.604895 1.000106    
21 146 151 149 21 54 1.587305    814 1.587248 0.999964    
21 152 157 155 21 55 1.576528    809 1.577419 1.000566    
21 158 163 161 21 56 1.574676    807 1.574534 0.999910    
21 164 169 167 21 57 1.552180    795 1.550898 0.999174    
21 170 175 173 21 58 1.544539    791 1.543353 0.999232    
21 176 181 179 21 59 1.543965    792 1.544693 1.000471    
21 182 187 185 21 60 1.543965    791 1.543243 0.999533    
21 188 193 191 21 61 1.541051    790 1.541885 1.000541    
21 194 254 224 21 62 1.502310    770 1.502232 0.999948    
21 255 255 255 21 63 1.482431    759 1.482353 0.999948    
22 0 0 0 22 0 1.000000    512 1.000000 1.000000       # ieta [23], pt 0
22 15 15 15 22 1 2.610313    20479 2.600000 0.996049    
22 16 16 16 22 2 2.568940    20479 2.562500 0.997493    
22 17 17 17 22 3 2.551631    21503 2.558824 1.002819    
22 18 18 18 22 4 2.535133    21503 2.527778 0.997099    
22 19 19 19 22 5 2.472489    20479 2.473684 1.000483    
22 20 20 20 22 6 2.411640    18431 2.400000 0.995173    
22 21 21 21 22 7 2.380150    18431 2.380952 1.000337    
22 22 22 22 22 8 2.343361    17407 2.340909 0.998954    
22 23 23 23 22 9 2.311101    16383 2.304348 0.997078    
22 24 24 24 22 10 2.290504    16383 2.291667 1.000508    
22 25 25 25 22 11 2.255953    15359 2.260000 1.001794    
22 26 26 26 22 12 2.255953    15359 2.250000 0.997361    
22 27 27 27 22 13 2.204064    13311 2.203704 0.999836    
22 28 28 28 22 14 2.198475    13311 2.196429 0.999069    
22 29 29 29 22 15 2.155817    11263 2.155172 0.999701    
22 30 30 30 22 16 2.155126    11263 2.150000 0.997621    
22 31 31 31 22 17 2.139231    11263 2.145161 1.002772    
22 32 33 33 22 18 2.112778    9215 2.106061 0.996820    
22 34 35 35 22 19 2.091380    8191 2.085714 0.997291    
22 36 37 37 22 20 2.060590    6143 2.054054 0.996828    
22 38 39 39 22 21 2.034274    5119 2.038462 1.002059    
22 40 41 41 22 22 2.009456    3071 2.012195 1.001363    
22 42 43 43 22 23 1.993068    1022 1.988372 0.997644    
22 44 45 45 22 24 1.955583    1004 1.955556 0.999986    
22 46 47 47 22 25 1.937378    994 1.936170 0.999377    
22 48 49 49 22 26 1.925147    990 1.928571 1.001779    
22 50 51 51 22 27 1.907160    981 1.911765 1.002415    
22 52 53 53 22 28 1.890717    969 1.886792 0.997924    
22 54 55 55 22 29 1.887778    971 1.890909 1.001659    
22 56 57 57 22 30 1.873542    964 1.877193 1.001949    
22 58 59 59 22 31 1.856545    953 1.855932 0.999670    
22 60 61 61 22 32 1.851360    951 1.852459 1.000594    
22 62 64 63 22 33 1.841140    945 1.841270 1.000071    
22 65 67 66 22 34 1.812070    929 1.810606 0.999192    
22 68 70 69 22 35 1.789311    919 1.789855 1.000304    
22 71 73 72 22 36 1.782977    916 1.784722 1.000979    
22 74 76 75 22 37 1.777668    913 1.780000 1.001312    
22 77 79 78 22 38 1.763340    904 1.762821 0.999705    
22 80 82 81 22 39 1.756333    902 1.759259 1.001666    
22 83 85 84 22 40 1.745003    894 1.744048 0.999452    
22 86 88 87 22 41 1.731709    887 1.729885 0.998947    
22 89 91 90 22 42 1.721149    883 1.722222 1.000623    
22 92 94 93 22 43 1.706504    874 1.704301 0.998709    
22 95 97 96 22 44 1.698908    871 1.697917 0.999417    
22 98 100 99 22 45 1.686119    865 1.686869 1.000445    
22 101 103 102 22 46 1.685602    865 1.686275 1.000399    
22 104 109 107 22 47 1.673972    858 1.672897 0.999358    
22 110 115 113 22 48 1.651048    847 1.650442 0.999633    
22 116 121 119 22 49 1.643432    843 1.642857 0.999650    
22 122 127 125 22 50 1.633148    837 1.632000 0.999297    
22 128 133 131 22 51 1.624974    834 1.625954 1.000603    
22 134 139 137 22 52 1.611370    827 1.613139 1.001097    
22 140 145 143 22 53 1.603622    823 1.604895 1.000794    
22 146 151 149 22 54 1.586215    814 1.587248 1.000651    
22 152 157 155 22 55 1.575445    807 1.574194 0.999206    
22 158 163 161 22 56 1.573594    807 1.574534 1.000597    
22 164 169 167 22 57 1.551114    795 1.550898 0.999861    
22 170 175 173 22 58 1.543478    791 1.543353 0.999919    
22 176 181 179 22 59 1.542904    790 1.541899 0.999349    
22 182 187 185 22 60 1.542904    791 1.543243 1.000220    
22 188 193 191 22 61 1.539992    789 1.539267 0.999529    
22 194 254 224 22 62 1.501278    770 1.502232 1.000635    
22 255 255 255 22 63 1.481412    759 1.482353 1.000635    
23 0 0 0 23 0 1.000000    512 1.000000 1.000000       # ieta [24], pt 0
23 15 15 15 23 1 2.550808    19455 2.566667 1.006217    
23 16 16 16 23 2 2.510206    18431 2.500000 0.995934    
23 17 17 17 23 3 2.486401    19455 2.500000 1.005469    
23 18 18 18 23 4 2.460767    19455 2.472222 1.004655    
23 19 19 19 23 5 2.411695    18431 2.421053 1.003880    
23 20 20 20 23 6 2.364006    17407 2.375000 1.004650    
23 21 21 21 23 7 2.336779    16383 2.333333 0.998526    
23 22 22 22 23 8 2.292185    15359 2.295455 1.001426    
23 23 23 23 23 9 2.265789    14335 2.260870 0.997829    
23 24 24 24 23 10 2.250097    14335 2.250000 0.999957    
23 25 25 25 23 11 2.216246    13311 2.220000 1.001694    
23 26 26 26 23 12 2.216246    13311 2.211538 0.997876    
23 27 27 27 23 13 2.168801    11263 2.166667 0.999016    
23 28 28 28 23 14 2.164567    11263 2.160714 0.998220    
23 29 29 29 23 15 2.125394    9215 2.120690 0.997787    
23 30 30 30 23 16 2.125827    10239 2.133333 1.003531    
23 31 31 31 23 17 2.108631    9215 2.112903 1.002026    
23 32 33 33 23 18 2.076687    7167 2.075758 0.999553    
23 34 35 35 23 19 2.053527    6143 2.057143 1.001761    
23 36 37 37 23 20 2.025273    4095 2.027027 1.000866    
23 38 39 39 23 21 1.995339    2045 2.000000 1.002336    
23 40 41 41 23 22 1.973234    1015 1.975610 1.001204    
23 42 43 43 23 23 1.958083    1004 1.953488 0.997653    
23 44 45 45 23 24 1.921918    987 1.922222 1.000158    
23 46 47 47 23 25 1.905080    978 1.904255 0.999567    
23 48 49 49 23 26 1.894202    974 1.897959 1.001984    
23 50 51 51 23 27 1.876901    962 1.872549 0.997682    
23 52 53 53 23 28 1.861495    955 1.858491 0.998386    
23 54 55 55 23 29 1.860281    957 1.863636 1.001804    
23 56 57 57 23 30 1.847226    950 1.850877 1.001977    
23 58 59 59 23 31 1.830542    940 1.830508 0.999982    
23 60 61 61 23 32 1.825429    938 1.827869 1.001336    
23 62 64 63 23 33 1.816812    933 1.817460 1.000357    
23 65 67 66 23 34 1.792070    922 1.795455 1.001889    
23 68 70 69 23 35 1.771774    911 1.775362 1.002025    
23 71 73 72 23 36 1.765986    905 1.763889 0.998813    
23 74 76 75 23 37 1.760790    903 1.760000 0.999551    
23 77 79 78 23 38 1.746637    895 1.743590 0.998255    
23 80 82 81 23 39 1.739697    893 1.740741 1.000600    
23 83 85 84 23 40 1.729776    888 1.732143 1.001368    
23 86 88 87 23 41 1.716598    881 1.718391 1.001044    
23 89 91 90 23 42 1.706214    875 1.705556 0.999614    
23 92 94 93 23 43 1.691737    869 1.693548 1.001071    
23 95 97 96 23 44 1.684303    863 1.682292 0.998806    
23 98 100 99 23 45 1.672408    857 1.671717 0.999587    
23 101 103 102 23 46 1.672232    857 1.671569 0.999603    
23 104 109 107 23 47 1.660694    851 1.658879 0.998907    
23 110 115 113 23 48 1.638964    840 1.637168 0.998904    
23 116 121 119 23 49 1.632302    836 1.630252 0.998744    
23 122 127 125 23 50 1.622380    833 1.624000 1.000999    
23 128 133 131 23 51 1.614260    828 1.614504 1.000151    
23 134 139 137 23 52 1.600746    822 1.602190 1.000902    
23 140 145 143 23 53 1.593049    818 1.594406 1.000851    
23 146 151 149 23 54 1.576133    809 1.577181 1.000665    
23 152 157 155 23 55 1.565807    802 1.564516 0.999176    
23 158 163 161 23 56 1.563967    802 1.565217 1.000799    
23 164 169 167 23 57 1.541743    790 1.541916 1.000112    
23 170 175 173 23 58 1.534391    787 1.534682 1.000189    
23 176 181 179 23 59 1.533940    786 1.533520 0.999726    
23 182 187 185 23 60 1.533940    787 1.535135 1.000779    
23 188 193 191 23 61 1.531044    785 1.531414 1.000241    
23 194 254 224 23 62 1.492555    765 1.493304 1.000501    
23 255 255 255 23 63 1.472805    754 1.472549 0.999826    
24 0 0 0 24 0 1.000000    512 1.000000 1.000000       # ieta [25], pt 0
24 15 15 15 24 1 2.512689    17407 2.500000 0.994950    
24 16 16 16 24 2 2.449260    16383 2.437500 0.995199    
24 17 17 17 24 3 2.416635    16383 2.411765 0.997985    
24 18 18 18 24 4 2.388040    16383 2.388889 1.000356    
24 19 19 19 24 5 2.339114    15359 2.342105 1.001279    
24 20 20 20 24 6 2.307537    14335 2.300000 0.996734    
24 21 21 21 24 7 2.286809    14335 2.285714 0.999521    
24 22 22 22 24 8 2.246316    13311 2.250000 1.001640    
24 23 23 23 24 9 2.223093    12287 2.217391 0.997435    
24 24 24 24 24 10 2.209227    12287 2.208333 0.999595    
24 25 25 25 24 11 2.200786    12287 2.200000 0.999643    
24 26 26 26 24 12 2.200786    12287 2.192308 0.996148    
24 27 27 27 24 13 2.161341    11263 2.166667 1.002464    
24 28 28 28 24 14 2.157121    11263 2.160714 1.001666    
24 29 29 29 24 15 2.118083    9215 2.120690 1.001230    
24 30 30 30 24 16 2.118515    9215 2.116667 0.999128    
24 31 31 31 24 17 2.101378    8191 2.096774 0.997809    
24 32 33 33 24 18 2.072323    7167 2.075758 1.001657    
24 34 35 35 24 19 2.050073    6143 2.057143 1.003448    
24 36 37 37 24 20 2.023285    4095 2.027027 1.001850    
24 38 39 39 24 21 1.995579    2045 2.000000 1.002215    
24 40 41 41 24 22 1.974667    1015 1.975610 1.000477    
24 42 43 43 24 23 1.959506    1010 1.965116 1.002863    
24 44 45 45 24 24 1.923315    987 1.922222 0.999432    
24 46 47 47 24 25 1.906464    978 1.904255 0.998841    
24 48 49 49 24 26 1.895578    974 1.897959 1.001256    
24 50 51 51 24 27 1.878264    966 1.882353 1.002177    
24 52 53 53 24 28 1.862848    955 1.858491 0.997661    
24 54 55 55 24 29 1.861632    957 1.863636 1.001076    
24 56 57 57 24 30 1.848568    950 1.850877 1.001249    
24 58 59 59 24 31 1.831872    940 1.830508 0.999256    
24 60 61 61 24 32 1.826755    938 1.827869 1.000610    
24 62 64 63 24 33 1.818132    933 1.817460 0.999631    
24 65 67 66 24 34 1.793371    922 1.795455 1.001162    
24 68 70 69 24 35 1.773061    911 1.775362 1.001298    
24 71 73 72 24 36 1.767269    905 1.763889 0.998088    
24 74 76 75 24 37 1.762069    903 1.760000 0.998826    
24 77 79 78 24 38 1.747906    898 1.750000 1.001198    
24 80 82 81 24 39 1.740961    893 1.740741 0.999874    
24 83 85 84 24 40 1.731033    888 1.732143 1.000641    
24 86 88 87 24 41 1.717845    881 1.718391 1.000317    
24 89 91 90 24 42 1.707453    875 1.705556 0.998888    
24 92 94 93 24 43 1.692966    869 1.693548 1.000344    
24 95 97 96 24 44 1.685527    865 1.687500 1.001171    
24 98 100 99 24 45 1.673623    857 1.671717 0.998861    
24 101 103 102 24 46 1.673447    857 1.671569 0.998878    
24 104 109 107 24 47 1.661900    853 1.663551 1.000993    
24 110 115 113 24 48 1.640154    842 1.641593 1.000877    
24 116 121 119 24 49 1.633487    838 1.634454 1.000592    
24 122 127 125 24 50 1.623558    833 1.624000 1.000272    
24 128 133 131 24 51 1.615433    828 1.614504 0.999425    
24 134 139 137 24 52 1.601909    822 1.602190 1.000175    
24 140 145 143 24 53 1.594206    818 1.594406 1.000125    
24 146 151 149 24 54 1.577278    809 1.577181 0.999939    
24 152 157 155 24 55 1.566944    804 1.567742 1.000509    
24 158 163 161 24 56 1.565103    802 1.565217 1.000073    
24 164 169 167 24 57 1.542863    790 1.541916 0.999386    
24 170 175 173 24 58 1.535506    787 1.534682 0.999463    
24 176 181 179 24 59 1.535054    788 1.536313 1.000820    
24 182 187 185 24 60 1.535054    787 1.535135 1.000053    
24 188 193 191 24 61 1.532157    785 1.531414 0.999515    
24 194 254 224 24 62 1.498268    767 1.497768 0.999666    
24 255 255 255 24 63 1.479048    757 1.478431 0.999583    
25 0 0 0 25 0 1.000000    512 1.000000 1.000000       # ieta [26], pt 0
25 15 15 15 25 1 2.409176    14335 2.400000 0.996191    
25 16 16 16 25 2 2.355380    13311 2.343750 0.995062    
25 17 17 17 25 3 2.325602    13311 2.323529 0.999109    
25 18 18 18 25 4 2.284741    12287 2.277778 0.996952    
25 19 19 19 25 5 2.237668    11263 2.236842 0.999631    
25 20 20 20 25 6 2.208667    10239 2.200000 0.996076    
25 21 21 21 25 7 2.190203    10239 2.190476 1.000125    
25 22 22 22 25 8 2.191759    10239 2.181818 0.995464    
25 23 23 23 25 9 2.174919    10239 2.173913 0.999537    
25 24 24 24 25 10 2.166149    10239 2.166667 1.000239    
25 25 25 25 25 11 2.164121    10239 2.160000 0.998096    
25 26 26 26 25 12 2.164121    11263 2.173077 1.004139    
25 27 27 27 25 13 2.125333    9215 2.129630 1.002022    
25 28 28 28 25 14 2.124031    9215 2.125000 1.000456    
25 29 29 29 25 15 2.087481    7167 2.086207 0.999390    
25 30 30 30 25 16 2.087906    7167 2.083333 0.997810    
25 31 31 31 25 17 2.072619    7167 2.080645 1.003872    
25 32 33 33 25 18 2.062197    6143 2.060606 0.999228    
25 34 35 35 25 19 2.040619    5119 2.042857 1.001097    
25 36 37 37 25 20 2.019573    3071 2.013514 0.997000    
25 38 39 39 25 21 1.993303    1022 1.987179 0.996928    
25 40 41 41 25 22 1.974579    1015 1.975610 1.000522    
25 42 43 43 25 23 1.959418    1010 1.965116 1.002908    
25 44 45 45 25 24 1.923221    987 1.922222 0.999481    
25 46 47 47 25 25 1.906364    978 1.904255 0.998894    
25 48 49 49 25 26 1.895479    974 1.897959 1.001309    
25 50 51 51 25 27 1.878166    966 1.882353 1.002229    
25 52 53 53 25 28 1.862750    955 1.858491 0.997713    
25 54 55 55 25 29 1.861744    957 1.863636 1.001016    
25 56 57 57 25 30 1.848887    950 1.850877 1.001076    
25 58 59 59 25 31 1.832188    940 1.830508 0.999083    
25 60 61 61 25 32 1.827071    938 1.827869 1.000437    
25 62 64 63 25 33 1.818446    933 1.817460 0.999458    
25 65 67 66 25 34 1.793991    922 1.795455 1.000816    
25 68 70 69 25 35 1.773367    911 1.775362 1.001125    
25 71 73 72 25 36 1.767574    909 1.770833 1.001844    
25 74 76 75 25 37 1.762374    903 1.760000 0.998653    
25 77 79 78 25 38 1.748208    898 1.750000 1.001025    
25 80 82 81 25 39 1.741262    893 1.740741 0.999701    
25 83 85 84 25 40 1.731332    888 1.732143 1.000468    
25 86 88 87 25 41 1.718142    881 1.718391 1.000145    
25 89 91 90 25 42 1.707838    875 1.705556 0.998664    
25 92 94 93 25 43 1.693391    869 1.693548 1.000093    
25 95 97 96 25 44 1.685950    865 1.687500 1.000919    
25 98 100 99 25 45 1.674248    860 1.676768 1.001505    
25 101 103 102 25 46 1.674174    860 1.676471 1.001372    
25 104 109 107 25 47 1.662622    853 1.663551 1.000559    
25 110 115 113 25 48 1.641017    842 1.641593 1.000351    
25 116 121 119 25 49 1.634496    838 1.634454 0.999974    
25 122 127 125 25 50 1.624561    833 1.624000 0.999655    
25 128 133 131 25 51 1.616430    830 1.618321 1.001169    
25 134 139 137 25 52 1.602898    822 1.602190 0.999558    
25 140 145 143 25 53 1.595191    818 1.594406 0.999508    
25 146 151 149 25 54 1.578252    809 1.577181 0.999322    
25 152 157 155 25 55 1.567912    804 1.567742 0.999892    
25 158 163 161 25 56 1.566070    802 1.565217 0.999456    
25 164 169 167 25 57 1.543816    792 1.544910 1.000709    
25 170 175 173 25 58 1.536454    788 1.537572 1.000728    
25 176 181 179 25 59 1.536002    788 1.536313 1.000203    
25 182 187 185 25 60 1.536002    787 1.535135 0.999436    
25 188 193 191 25 61 1.533103    786 1.534031 1.000606    
25 194 254 224 25 62 1.501219    770 1.502232 1.000675    
25 255 255 255 25 63 1.482634    759 1.482353 0.999811    
26 0 0 0 26 0 1.000000    512 1.000000 1.000000       # ieta [27], pt 0
26 15 15 15 26 1 2.840120    27647 2.833333 0.997611    
26 16 16 16 26 2 2.748621    26623 2.750000 1.000502    
26 17 17 17 26 3 2.653778    24575 2.647059 0.997468    
26 18 18 18 26 4 2.616218    24575 2.611111 0.998048    
26 19 19 19 26 5 2.582776    24575 2.578947 0.998518    
26 20 20 20 26 6 2.528094    23551 2.525000 0.998776    
26 21 21 21 26 7 2.467964    22527 2.476190 1.003333    
26 22 22 22 26 8 2.404761    20479 2.409091 1.001801    
26 23 23 23 26 9 2.352854    18431 2.347826 0.997863    
26 24 24 24 26 10 2.339410    18431 2.333333 0.997402    
26 25 25 25 26 11 2.339493    19455 2.340000 1.000217    
26 26 26 26 26 12 2.339493    20479 2.346154 1.002847    
26 27 27 27 26 13 2.291794    18431 2.296296 1.001964    
26 28 28 28 26 14 2.293492    18431 2.285714 0.996609    
26 29 29 29 26 15 2.251863    17407 2.258621 1.003001    
26 30 30 30 26 16 2.252536    17407 2.250000 0.998874    
26 31 31 31 26 17 2.215784    15359 2.209677 0.997244    
26 32 33 33 26 18 2.182156    14335 2.181818 0.999845    
26 34 35 35 26 19 2.158829    13311 2.157143 0.999219    
26 36 37 37 26 20 2.130379    12287 2.135135 1.002233    
26 38 39 39 26 21 2.108554    10239 2.102564 0.997159    
26 40 41 41 26 22 2.088275    9215 2.085366 0.998607    
26 42 43 43 26 23 2.082224    9215 2.081395 0.999602    
26 44 45 45 26 24 2.058408    7167 2.055556 0.998614    
26 46 47 47 26 25 2.032713    5119 2.031915 0.999607    
26 48 49 49 26 26 2.017835    4095 2.020408 1.001275    
26 50 51 51 26 27 1.997128    2046 2.000000 1.001438    
26 52 53 53 26 28 1.972758    1012 1.971698 0.999463    
26 54 55 55 26 29 1.969577    1013 1.972727 1.001599    
26 56 57 57 26 30 1.955744    1004 1.956140 1.000202    
26 58 59 59 26 31 1.935104    992 1.932203 0.998501    
26 60 61 61 26 32 1.929808    989 1.926230 0.998146    
26 62 64 63 26 33 1.922696    986 1.920635 0.998928    
26 65 67 66 26 34 1.890950    972 1.893939 1.001581    
26 68 70 69 26 35 1.870265    959 1.869565 0.999626    
26 71 73 72 26 36 1.863658    955 1.861111 0.998633    
26 74 76 75 26 37 1.857957    954 1.860000 1.001099    
26 77 79 78 26 38 1.841489    944 1.839744 0.999052    
26 80 82 81 26 39 1.833560    940 1.833333 0.999876    
26 83 85 84 26 40 1.825047    937 1.827381 1.001279    
26 86 88 87 26 41 1.814599    931 1.816092 1.000823    
26 89 91 90 26 42 1.803369    926 1.805556 1.001213    
26 92 94 93 26 43 1.789079    918 1.790323 1.000695    
26 95 97 96 26 44 1.782197    913 1.781250 0.999468    
26 98 100 99 26 45 1.767062    907 1.767677 1.000348    
26 101 103 102 26 46 1.766415    905 1.764706 0.999032    
26 104 109 107 26 47 1.744035    894 1.742991 0.999401    
26 110 115 113 26 48 1.716021    881 1.716814 1.000462    
26 116 121 119 26 49 1.710197    877 1.710084 0.999934    
26 122 127 125 26 50 1.699802    872 1.700000 1.000117    
26 128 133 131 26 51 1.691294    867 1.690840 0.999731    
26 134 139 137 26 52 1.677135    861 1.678832 1.001012    
26 140 145 143 26 53 1.669071    855 1.667832 0.999257    
26 146 151 149 26 54 1.650158    847 1.651007 1.000514    
26 152 157 155 26 55 1.638158    840 1.638710 1.000337    
26 158 163 161 26 56 1.636234    839 1.636646 1.000252    
26 164 169 167 26 57 1.612150    826 1.610778 0.999149    
26 170 175 173 26 58 1.603526    822 1.604046 1.000324    
26 176 181 179 26 59 1.602630    822 1.603352 1.000450    
26 182 187 185 26 60 1.602630    821 1.602703 1.000045    
26 188 193 191 26 61 1.599606    820 1.599476 0.999919    
26 194 254 224 26 62 1.565999    803 1.566964 1.000616    
26 255 255 255 26 63 1.546532    793 1.547059 1.000340    
27 0 0 0 27 0 1.000000    512 1.000000 1.000000       # ieta [28], pt 0
27 15 15 15 27 1 3.123108    36863 3.133333 1.003274    
27 16 16 16 27 2 3.111244    38911 3.125000 1.004421    
27 17 17 17 27 3 2.995470    36863 3.000000 1.001512    
27 18 18 18 27 4 3.050374    40959 3.055556 1.001699    
27 19 19 19 27 5 2.775251    31743 2.763158 0.995642    
27 20 20 20 27 6 2.719110    31743 2.725000 1.002166    
27 21 21 21 27 7 2.658781    30719 2.666667 1.002966    
27 22 22 22 27 8 2.576968    27647 2.568182 0.996590    
27 23 23 23 27 9 2.517607    26623 2.521739 1.001641    
27 24 24 24 27 10 2.489305    25599 2.479167 0.995927    
27 25 25 25 27 11 2.456869    25599 2.460000 1.001275    
27 26 26 26 27 12 2.456869    26623 2.461538 1.001901    
27 27 27 27 27 13 2.387411    23551 2.388889 1.000619    
27 28 28 28 27 14 2.375076    23551 2.375000 0.999968    
27 29 29 29 27 15 2.323515    21503 2.327586 1.001752    
27 30 30 30 27 16 2.324210    21503 2.316667 0.996754    
27 31 31 31 27 17 2.286773    20479 2.290323 1.001552    
27 32 33 33 27 18 2.251768    19455 2.257576 1.002579    
27 34 35 35 27 19 2.224986    18431 2.228571 1.001611    
27 36 37 37 27 20 2.191648    16383 2.189189 0.998878    
27 38 39 39 27 21 2.167617    15359 2.166667 0.999562    
27 40 41 41 27 22 2.142666    14335 2.146341 1.001715    
27 42 43 43 27 23 2.135291    14335 2.139535 1.001988    
27 44 45 45 27 24 2.106788    12287 2.111111 1.002052    
27 46 47 47 27 25 2.080489    10239 2.085106 1.002219    
27 48 49 49 27 26 2.065262    8191 2.061224 0.998045    
27 50 51 51 27 27 2.042549    6143 2.039216 0.998368    
27 52 53 53 27 28 2.015134    4095 2.018868 1.001853    
27 54 55 55 27 29 2.010571    3071 2.009091 0.999264    
27 56 57 57 27 30 1.993453    1022 1.991228 0.998884    
27 58 59 59 27 31 1.972688    1013 1.974576 1.000957    
27 60 61 61 27 32 1.966437    1010 1.967213 1.000394    
27 62 64 63 27 33 1.954453    1002 1.952381 0.998940    
27 65 67 66 27 34 1.934450    991 1.931818 0.998640    
27 68 70 69 27 35 1.913235    982 1.913043 0.999900    
27 71 73 72 27 36 1.906998    980 1.909722 1.001429    
27 74 76 75 27 37 1.900212    975 1.900000 0.999888    
27 77 79 78 27 38 1.883369    967 1.884615 1.000662    
27 80 82 81 27 39 1.875261    962 1.876543 1.000684    
27 83 85 84 27 40 1.866553    958 1.869048 1.001336    
27 86 88 87 27 41 1.855868    952 1.856322 1.000244    
27 89 91 90 27 42 1.844382    946 1.844444 1.000034    
27 92 94 93 27 43 1.829768    937 1.827957 0.999010    
27 95 97 96 27 44 1.822729    935 1.822917 1.000103    
27 98 100 99 27 45 1.806938    927 1.808081 1.000632    
27 101 103 102 27 46 1.806121    925 1.803922 0.998782    
27 104 109 107 27 47 1.780103    913 1.780374 1.000152    
27 110 115 113 27 48 1.746791    896 1.747788 1.000571    
27 116 121 119 27 49 1.743309    894 1.743697 1.000223    
27 122 127 125 27 50 1.734630    890 1.736000 1.000790    
27 128 133 131 27 51 1.726333    885 1.725191 0.999339    
27 134 139 137 27 52 1.711880    878 1.711679 0.999882    
27 140 145 143 27 53 1.703134    873 1.702797 0.999802    
27 146 151 149 27 54 1.686611    865 1.687919 1.000776    
27 152 157 155 27 55 1.676529    860 1.677419 1.000531    
27 158 163 161 27 56 1.674560    858 1.673913 0.999614    
27 164 169 167 27 57 1.649912    846 1.649701 0.999872    
27 170 175 173 27 58 1.641086    841 1.641618 1.000325    
27 176 181 179 27 59 1.640169    840 1.639665 0.999693    
27 182 187 185 27 60 1.640169    841 1.640541 1.000227    
27 188 193 191 27 61 1.637026    839 1.636126 0.999450    
27 194 254 224 27 62 1.595155    818 1.595982 1.000518    
27 255 255 255 27 63 1.573678    807 1.574510 1.000529    
28 0 0 0 28 0 1.000000    512 1.000000 1.000000       # ieta [29], pt 0
28 15 15 15 28 1 2.362486    13311 2.366667 1.001770    
28 16 16 16 28 2 2.254274    10239 2.250000 0.998104    
28 17 17 17 28 3 2.170662    8191 2.176471 1.002676    
28 18 18 18 28 4 2.139138    7167 2.138889 0.999884    
28 19 19 19 28 5 2.058591    4095 2.052632 0.997105    
28 20 20 20 28 6 2.059332    4095 2.050000 0.995468    
28 21 21 21 28 7 1.993489    2044 2.000000 1.003266    
28 22 22 22 28 8 1.923735    995 1.931818 1.004202    
28 23 23 23 28 9 1.855427    953 1.847826 0.995903    
28 24 24 24 28 10 1.827127    944 1.833333 1.003397    
28 25 25 25 28 11 1.787604    918 1.780000 0.995746    
28 26 26 26 28 12 1.775706    912 1.769231 0.996354    
28 27 27 27 28 13 1.748287    898 1.740741 0.995683    
28 28 28 28 28 14 1.718287    883 1.714286 0.997671    
28 29 29 29 28 15 1.698201    871 1.689655 0.994968    
28 30 30 30 28 16 1.664313    858 1.666667 1.001414    
28 31 31 31 28 17 1.659767    855 1.661290 1.000918    
28 32 33 33 28 18 1.632034    842 1.636364 1.002653    
28 34 35 35 28 19 1.628826    838 1.628571 0.999843    
28 36 37 37 28 20 1.619922    834 1.621622 1.001049    
28 38 39 39 28 21 1.608255    825 1.602564 0.996461    
28 40 41 41 28 22 1.595756    821 1.597561 1.001131    
28 42 43 43 28 23 1.591981    819 1.593023 1.000655    
28 44 45 45 28 24 1.566485    805 1.566667 1.000116    
28 46 47 47 28 25 1.557643    799 1.553191 0.997142    
28 48 49 49 28 26 1.551075    797 1.551020 0.999965    
28 50 51 51 28 27 1.544450    796 1.549020 1.002959    
28 52 53 53 28 28 1.539514    790 1.537736 0.998845    
28 54 55 55 28 29 1.532331    789 1.536364 1.002632    
28 56 57 57 28 30 1.525864    784 1.526316 1.000296    
28 58 59 59 28 31 1.524785    784 1.525424 1.000419    
28 60 61 61 28 32 1.520312    779 1.516393 0.997422    
28 62 64 63 28 33 1.507568    775 1.507937 1.000245    
28 65 67 66 28 34 1.499292    770 1.500000 1.000472    
28 68 70 69 28 35 1.486592    763 1.485507 0.999270    
28 71 73 72 28 36 1.482454    760 1.479167 0.997783    
28 74 76 75 28 37 1.477029    760 1.480000 1.002012    
28 77 79 78 28 38 1.473807    757 1.474359 1.000375    
28 80 82 81 28 39 1.472291    757 1.475309 1.002050    
28 83 85 84 28 40 1.467881    754 1.470238 1.001606    
28 86 88 87 28 41 1.456105    746 1.454023 0.998570    
28 89 91 90 28 42 1.444432    741 1.444444 1.000008    
28 92 94 93 28 43 1.428650    734 1.430108 1.001020    
28 95 97 96 28 44 1.422869    729 1.421875 0.999301    
28 98 100 99 28 45 1.411354    723 1.409091 0.998396    
28 101 103 102 28 46 1.410705    724 1.411765 1.000751    
28 104 109 107 28 47 1.408778    722 1.406542 0.998413    
28 110 115 113 28 48 1.397271    717 1.398230 1.000687    
28 116 121 119 28 49 1.390795    714 1.390756 0.999972    
28 122 127 125 28 50 1.371541    704 1.372000 1.000334    
28 128 133 131 28 51 1.364769    701 1.366412 1.001204    
28 134 139 137 28 52 1.356476    696 1.357664 1.000876    
28 140 145 143 28 53 1.353656    694 1.353147 0.999624    
28 146 151 149 28 54 1.343284    688 1.342282 0.999254    
28 152 157 155 28 55 1.335639    685 1.335484 0.999884    
28 158 163 161 28 56 1.332088    683 1.332298 1.000158    
28 164 169 167 28 57 1.314536    674 1.314371 0.999875    
28 170 175 173 28 58 1.308749    671 1.309249 1.000382    
28 176 181 179 28 59 1.306152    670 1.307263 1.000850    
28 182 187 185 28 60 1.304539    669 1.305405 1.000664    
28 188 193 191 28 61 1.302180    667 1.301047 0.999130    
28 194 254 224 28 62 1.284568    658 1.283482 0.999155    
28 255 255 255 28 63 1.268046    650 1.268627 1.000459    
29 0 0 0 29 0 1.000000    512 1.000000 1.000000       # ieta [30], pt 0
29 15 15 15 29 1 2.645767    21503 2.633333 0.995301    
29 16 16 16 29 2 2.495425    18431 2.500000 1.001833    
29 17 17 17 29 3 2.396099    15359 2.382353 0.994263    
29 18 18 18 29 4 2.321151    14335 2.333333 1.005249    
29 19 19 19 29 5 2.208496    10239 2.210526 1.000919    
29 20 20 20 29 6 2.110362    6143 2.100000 0.995090    
29 21 21 21 29 7 2.009586    2047 2.000000 0.995230    
29 22 22 22 29 8 1.930675    995 1.931818 1.000592    
29 23 23 23 29 9 1.858966    963 1.869565 1.005702    
29 24 24 24 29 10 1.830666    944 1.833333 1.001457    
29 25 25 25 29 11 1.791143    927 1.800000 1.004945    
29 26 26 26 29 12 1.779245    921 1.788462 1.005180    
29 27 27 27 29 13 1.741298    896 1.740741 0.999680    
29 28 28 28 29 14 1.704445    875 1.696429 0.995297    
29 29 29 29 29 15 1.682860    870 1.689655 1.004038    
29 30 30 30 29 16 1.654364    850 1.650000 0.997362    
29 31 31 31 29 17 1.643149    847 1.645161 1.001225    
29 32 33 33 29 18 1.598656    827 1.606061 1.004632    
29 34 35 35 29 19 1.571467    808 1.571429 0.999975    
29 36 37 37 29 20 1.554368    799 1.554054 0.999798    
29 38 39 39 29 21 1.541947    792 1.538462 0.997740    
29 40 41 41 29 22 1.522727    784 1.524390 1.001092    
29 42 43 43 29 23 1.518309    783 1.523256 1.003258    
29 44 45 45 29 24 1.501223    771 1.500000 0.999185    
29 46 47 47 29 25 1.484326    765 1.489362 1.003392    
29 48 49 49 29 26 1.472737    756 1.469388 0.997726    
29 50 51 51 29 27 1.455709    746 1.450980 0.996752    
29 52 53 53 29 28 1.446077    742 1.443396 0.998146    
29 54 55 55 29 29 1.440064    739 1.436364 0.997431    
29 56 57 57 29 30 1.435249    739 1.438596 1.002332    
29 58 59 59 29 31 1.435417    736 1.432203 0.997761    
29 60 61 61 29 32 1.434903    737 1.434426 0.999667    
29 62 64 63 29 33 1.429199    734 1.428571 0.999561    
29 65 67 66 29 34 1.416764    728 1.416667 0.999931    
29 68 70 69 29 35 1.396734    718 1.398551 1.001301    
29 71 73 72 29 36 1.388607    713 1.388889 1.000203    
29 74 76 75 29 37 1.376342    705 1.373333 0.997814    
29 77 79 78 29 38 1.365083    701 1.365385 1.000221    
29 80 82 81 29 39 1.358032    697 1.358025 0.999995    
29 83 85 84 29 40 1.350312    693 1.351190 1.000651    
29 86 88 87 29 41 1.348628    693 1.350575 1.001444    
29 89 91 90 29 42 1.341090    687 1.338889 0.998358    
29 92 94 93 29 43 1.331202    684 1.333333 1.001601    
29 95 97 96 29 44 1.327277    681 1.328125 1.000639    
29 98 100 99 29 45 1.320446    677 1.318182 0.998286    
29 101 103 102 29 46 1.320281    677 1.318627 0.998748    
29 104 109 107 29 47 1.318946    676 1.317757 0.999098    
29 110 115 113 29 48 1.310937    672 1.309735 0.999083    
29 116 121 119 29 49 1.305002    671 1.306723 1.001319    
29 122 127 125 29 50 1.285748    659 1.284000 0.998640    
29 128 133 131 29 51 1.278976    656 1.278626 0.999726    
29 134 139 137 29 52 1.270683    652 1.270073 0.999520    
29 140 145 143 29 53 1.267864    651 1.269231 1.001078    
29 146 151 149 29 54 1.261082    647 1.261745 1.000525    
29 152 157 155 29 55 1.255576    644 1.254839 0.999413    
29 158 163 161 29 56 1.253445    643 1.254658 1.000968    
29 164 169 167 29 57 1.242380    637 1.242515 1.000108    
29 170 175 173 29 58 1.238022    634 1.236994 0.999170    
29 176 181 179 29 59 1.236079    634 1.237430 1.001093    
29 182 187 185 29 60 1.234465    633 1.235135 1.000543    
29 188 193 191 29 61 1.232106    632 1.232984 1.000713    
29 194 254 224 29 62 1.215748    623 1.216518 1.000633    
29 255 255 255 29 63 1.199635    615 1.200000 1.000304    
30 0 0 0 30 0 1.000000    512 1.000000 1.000000       # ieta [31], pt 0
30 15 15 15 30 1 2.645767    21503 2.633333 0.995301    
30 16 16 16 30 2 2.495425    18431 2.500000 1.001833    
30 17 17 17 30 3 2.396099    15359 2.382353 0.994263    
30 18 18 18 30 4 2.321151    14335 2.333333 1.005249    
30 19 19 19 30 5 2.208496    10239 2.210526 1.000919    
30 20 20 20 30 6 2.109469    6143 2.100000 0.995511    
30 21 21 21 30 7 2.008692    2047 2.000000 0.995673    
30 22 22 22 30 8 1.929781    995 1.931818 1.001055    
30 23 23 23 30 9 1.858073    954 1.847826 0.994485    
30 24 24 24 30 10 1.827462    944 1.833333 1.003213    
30 25 25 25 30 11 1.787940    918 1.780000 0.995559    
30 26 26 26 30 12 1.772327    911 1.769231 0.998253    
30 27 27 27 30 13 1.734380    896 1.740741 1.003668    
30 28 28 28 30 14 1.690881    873 1.696429 1.003281    
30 29 29 29 30 15 1.669296    861 1.672414 1.001868    
30 30 30 30 30 16 1.633120    841 1.633333 1.000131    
30 31 31 31 30 17 1.623746    839 1.629032 1.003255    
30 32 33 33 30 18 1.580457    812 1.575758 0.997026    
30 34 35 35 30 19 1.540888    794 1.542857 1.001278    
30 36 37 37 30 20 1.518632    779 1.513514 0.996629    
30 38 39 39 30 21 1.496122    771 1.500000 1.002592    
30 40 41 41 30 22 1.479879    759 1.475610 0.997115    
30 42 43 43 30 23 1.473031    760 1.476744 1.002521    
30 44 45 45 30 24 1.449598    744 1.444444 0.996445    
30 46 47 47 30 25 1.443185    744 1.446809 1.002510    
30 48 49 49 30 26 1.437853    739 1.438776 1.000642    
30 50 51 51 30 27 1.432275    735 1.431373 0.999370    
30 52 53 53 30 28 1.426929    732 1.424528 0.998318    
30 54 55 55 30 29 1.422321    729 1.418182 0.997090    
30 56 57 57 30 30 1.417268    730 1.421053 1.002671    
30 58 59 59 30 31 1.414576    727 1.415254 1.000480    
30 60 61 61 30 32 1.411203    724 1.409836 0.999031    
30 62 64 63 30 33 1.401961    722 1.404762 1.001998    
30 65 67 66 30 34 1.392138    716 1.393939 1.001294    
30 68 70 69 30 35 1.381323    711 1.384058 1.001980    
30 71 73 72 30 36 1.377152    706 1.375000 0.998437    
30 74 76 75 30 37 1.364887    702 1.366667 1.001304    
30 77 79 78 30 38 1.353628    694 1.352564 0.999214    
30 80 82 81 30 39 1.346577    691 1.345679 0.999333    
30 83 85 84 30 40 1.338857    687 1.339286 1.000320    
30 86 88 87 30 41 1.337173    687 1.339080 1.001426    
30 89 91 90 30 42 1.329636    681 1.327778 0.998603    
30 92 94 93 30 43 1.322106    679 1.322581 1.000359    
30 95 97 96 30 44 1.320398    679 1.322917 1.001908    
30 98 100 99 30 45 1.316108    676 1.318182 1.001576    
30 101 103 102 30 46 1.315943    674 1.313725 0.998315    
30 104 109 107 30 47 1.314609    674 1.313084 0.998840    
30 110 115 113 30 48 1.306779    670 1.305310 0.998876    
30 116 121 119 30 49 1.301024    668 1.302521 1.001151    
30 122 127 125 30 50 1.281771    657 1.280000 0.998619    
30 128 133 131 30 51 1.274999    654 1.274809 0.999851    
30 134 139 137 30 52 1.269623    652 1.270073 1.000354    
30 140 145 143 30 53 1.267387    649 1.265734 0.998696    
30 146 151 149 30 54 1.261003    647 1.261745 1.000588    
30 152 157 155 30 55 1.255576    644 1.254839 0.999413    
30 158 163 161 30 56 1.253445    643 1.254658 1.000968    
30 164 169 167 30 57 1.242380    637 1.242515 1.000108    
30 170 175 173 30 58 1.238022    634 1.236994 0.999170    
30 176 181 179 30 59 1.236079    634 1.237430 1.001093    
30 182 187 185 30 60 1.234465    633 1.235135 1.000543    
30 188 193 191 30 61 1.232106    632 1.232984 1.000713    
30 194 254 224 30 62 1.215748    623 1.216518 1.000633    
30 255 255 255 30 63 1.199635    615 1.200000 1.000304    
31 0 0 0 31 0 1.000000    512 1.000000 1.000000       # ieta [32], pt 0
31 15 15 15 31 1 2.645767    21503 2.633333 0.995301    
31 16 16 16 31 2 2.495425    18431 2.500000 1.001833    
31 17 17 17 31 3 2.395451    15359 2.382353 0.994532    
31 18 18 18 31 4 2.317956    13311 2.305556 0.994650    
31 19 19 19 31 5 2.205301    10239 2.210526 1.002369    
31 20 20 20 31 6 2.106274    6143 2.100000 0.997021    
31 21 21 21 31 7 2.003758    2047 2.000000 0.998125    
31 22 22 22 31 8 1.924847    995 1.931818 1.003622    
31 23 23 23 31 9 1.850231    952 1.847826 0.998700    
31 24 24 24 31 10 1.819621    935 1.812500 0.996087    
31 25 25 25 31 11 1.774670    917 1.780000 1.003004    
31 26 26 26 31 12 1.759056    903 1.750000 0.994852    
31 27 27 27 31 13 1.709717    878 1.703704 0.996483    
31 28 28 28 31 14 1.653306    855 1.660714 1.004481    
31 29 29 29 31 15 1.629431    843 1.637931 1.005216    
31 30 30 30 31 16 1.594262    824 1.600000 1.003599    
31 31 31 31 31 17 1.581421    814 1.580645 0.999509    
31 32 33 33 31 18 1.546290    796 1.545455 0.999460    
31 34 35 35 31 19 1.510213    779 1.514286 1.002697    
31 36 37 37 31 20 1.483141    765 1.486486 1.002255    
31 38 39 39 31 21 1.458331    752 1.461538 1.002200    
31 40 41 41 31 22 1.438318    740 1.439024 1.000491    
31 42 43 43 31 23 1.430855    736 1.430233 0.999565    
31 44 45 45 31 24 1.404263    720 1.400000 0.996964    
31 46 47 47 31 25 1.391912    716 1.393617 1.001225    
31 48 49 49 31 26 1.383201    713 1.387755 1.003293    
31 50 51 51 31 27 1.374838    705 1.372549 0.998335    
31 52 53 53 31 28 1.374630    708 1.377358 1.001985    
31 54 55 55 31 29 1.375419    706 1.372727 0.998043    
31 56 57 57 31 30 1.371256    704 1.368421 0.997933    
31 58 59 59 31 31 1.371036    705 1.372881 1.001346    
31 60 61 61 31 32 1.366785    703 1.368852 1.001513    
31 62 64 63 31 33 1.364919    701 1.365079 1.000117    
31 65 67 66 31 34 1.361960    701 1.363636 1.001231    
31 68 70 69 31 35 1.352603    696 1.355072 1.001826    
31 71 73 72 31 36 1.348431    692 1.347222 0.999103    
31 74 76 75 31 37 1.341009    688 1.340000 0.999248    
31 77 79 78 31 38 1.334722    684 1.333333 0.998959    
31 80 82 81 31 39 1.331455    684 1.333333 1.001411    
31 83 85 84 31 40 1.323688    678 1.321429 0.998293    
31 86 88 87 31 41 1.327539    681 1.327586 1.000036    
31 89 91 90 31 42 1.323086    678 1.322222 0.999347    
31 92 94 93 31 43 1.315557    676 1.317204 1.001252    
31 95 97 96 31 44 1.313848    673 1.312500 0.998974    
31 98 100 99 31 45 1.309558    671 1.308081 0.998872    
31 101 103 102 31 46 1.309394    672 1.308824 0.999565    
31 104 109 107 31 47 1.308059    671 1.308411 1.000269    
31 110 115 113 31 48 1.300981    668 1.300885 0.999926    
31 116 121 119 31 49 1.295977    664 1.294118 0.998565    
31 122 127 125 31 50 1.278044    657 1.280000 1.001530    
31 128 133 131 31 51 1.272593    652 1.270992 0.998742    
31 134 139 137 31 52 1.267862    650 1.266423 0.998865    
31 140 145 143 31 53 1.266916    649 1.265734 0.999067    
31 146 151 149 31 54 1.260532    647 1.261745 1.000962    
31 152 157 155 31 55 1.255106    644 1.254839 0.999787    
31 158 163 161 31 56 1.252975    642 1.251553 0.998865    
31 164 169 167 31 57 1.241910    637 1.242515 1.000487    
31 170 175 173 31 58 1.237552    634 1.236994 0.999550    
31 176 181 179 31 59 1.235608    633 1.234637 0.999214    
31 182 187 185 31 60 1.233994    633 1.235135 1.000924    
31 188 193 191 31 61 1.231635    631 1.230366 0.998970    
31 194 254 224 31 62 1.215278    622 1.214286 0.999184    
31 255 255 255 31 63 1.199164    615 1.200000 1.000697    
32 0 0 0 32 0 1.000000    512 1.000000 1.000000       # ieta [33], pt 0
32 15 15 15 32 1 2.632319    21503 2.633333 1.000385    
32 16 16 16 32 2 2.481977    17407 2.468750 0.994671    
32 17 17 17 32 3 2.385264    15359 2.382353 0.998780    
32 18 18 18 32 4 2.301453    13311 2.305556 1.001783    
32 19 19 19 32 5 2.187067    9215 2.184211 0.998694    
32 20 20 20 32 6 2.076901    5119 2.075000 0.999085    
32 21 21 21 32 7 1.969869    1018 1.976190 1.003209    
32 22 22 22 32 8 1.890958    973 1.886364 0.997570    
32 23 23 23 32 9 1.816343    941 1.826087 1.005365    
32 24 24 24 32 10 1.785732    923 1.791667 1.003323    
32 25 25 25 32 11 1.740781    896 1.740000 0.999551    
32 26 26 26 32 12 1.725168    891 1.730769 1.003247    
32 27 27 27 32 13 1.675828    860 1.666667 0.994533    
32 28 28 28 32 14 1.619417    837 1.625000 1.003447    
32 29 29 29 32 15 1.587597    817 1.586207 0.999124    
32 30 30 30 32 16 1.550085    798 1.550000 0.999945    
32 31 31 31 32 17 1.529526    789 1.532258 1.001786    
32 32 33 33 32 18 1.499525    772 1.500000 1.000317    
32 34 35 35 32 19 1.462086    751 1.457143 0.996619    
32 36 37 37 32 20 1.435015    737 1.432432 0.998200    
32 38 39 39 32 21 1.411135    726 1.410256 0.999377    
32 40 41 41 32 22 1.395532    716 1.390244 0.996211    
32 42 43 43 32 23 1.388069    712 1.383721 0.996868    
32 44 45 45 32 24 1.363209    703 1.366667 1.002537    
32 46 47 47 32 25 1.349732    695 1.351064 1.000987    
32 48 49 49 32 26 1.345163    692 1.346939 1.001320    
32 50 51 51 32 27 1.330413    685 1.333333 1.002195    
32 52 53 53 32 28 1.330801    684 1.330189 0.999540    
32 54 55 55 32 29 1.327347    682 1.327273 0.999944    
32 56 57 57 32 30 1.327778    681 1.324561 0.997578    
32 58 59 59 32 31 1.334646    684 1.330508 0.996900    
32 60 61 61 32 32 1.320201    678 1.319672 0.999599    
32 62 64 63 32 33 1.319386    677 1.317460 0.998541    
32 65 67 66 32 34 1.313372    673 1.310606 0.997894    
32 68 70 69 32 35 1.304928    670 1.304348 0.999556    
32 71 73 72 32 36 1.300756    667 1.298611 0.998351    
32 74 76 75 32 37 1.293333    664 1.293333 1.000000    
32 77 79 78 32 38 1.287047    661 1.288462 1.001099    
32 80 82 81 32 39 1.283780    659 1.283951 1.000133    
32 83 85 84 32 40 1.276013    654 1.273810 0.998273    
32 86 88 87 32 41 1.279864    658 1.281609 1.001364    
32 89 91 90 32 42 1.274069    653 1.272222 0.998551    
32 92 94 93 32 43 1.266749    651 1.268817 1.001633    
32 95 97 96 32 44 1.265480    649 1.265625 1.000114    
32 98 100 99 32 45 1.260608    648 1.262626 1.001601    
32 101 103 102 32 46 1.258658    647 1.259804 1.000911    
32 104 109 107 32 47 1.257323    645 1.257009 0.999751    
32 110 115 113 32 48 1.249695    640 1.247788 0.998474    
32 116 121 119 32 49 1.244548    638 1.243697 0.999316    
32 122 127 125 32 50 1.227430    630 1.228000 1.000464    
32 128 133 131 32 51 1.221979    627 1.221374 0.999505    
32 134 139 137 32 52 1.217248    625 1.218978 1.001421    
32 140 145 143 32 53 1.216302    624 1.216783 1.000396    
32 146 151 149 32 54 1.214750    623 1.214765 1.000012    
32 152 157 155 32 55 1.211076    621 1.209677 0.998845    
32 158 163 161 32 56 1.208451    620 1.208075 0.999688    
32 164 169 167 32 57 1.197387    614 1.197605 1.000182    
32 170 175 173 32 58 1.196582    614 1.196532 0.999958    
32 176 181 179 32 59 1.198191    614 1.198324 1.000111    
32 182 187 185 32 60 1.196578    614 1.197297 1.000601    
32 188 193 191 32 61 1.194219    612 1.193717 0.999580    
32 194 254 224 32 62 1.179201    604 1.178571 0.999466    
32 255 255 255 32 63 1.163407    596 1.162745 0.999431    
33 0 0 0 33 0 1.000000    512 1.000000 1.000000       # ieta [34], pt 0
33 15 15 15 33 1 2.701245    23551 2.700000 0.999539    
33 16 16 16 33 2 2.537180    19455 2.531250 0.997663    
33 17 17 17 33 3 2.460443    18431 2.470588 1.004123    
33 18 18 18 33 4 2.402573    16383 2.388889 0.994304    
33 19 19 19 33 5 2.283232    13311 2.289474 1.002734    
33 20 20 20 33 6 2.173003    9215 2.175000 1.000919    
33 21 21 21 33 7 2.105683    6143 2.095238 0.995040    
33 22 22 22 33 8 2.028496    3071 2.022727 0.997156    
33 23 23 23 33 9 1.988370    1021 1.978261 0.994916    
33 24 24 24 33 10 1.938540    997 1.937500 0.999463    
33 25 25 25 33 11 1.887916    969 1.880000 0.995807    
33 26 26 26 33 12 1.854520    952 1.846154 0.995489    
33 27 27 27 33 13 1.778529    915 1.777778 0.999578    
33 28 28 28 33 14 1.716614    882 1.714286 0.998644    
33 29 29 29 33 15 1.688135    870 1.689655 1.000900    
33 30 30 30 33 16 1.671337    858 1.666667 0.997206    
33 31 31 31 33 17 1.661602    855 1.661290 0.999812    
33 32 33 33 33 18 1.610947    827 1.606061 0.996967    
33 34 35 35 33 19 1.560595    802 1.557143 0.997788    
33 36 37 37 33 20 1.531902    786 1.527027 0.996817    
33 38 39 39 33 21 1.506148    773 1.500000 0.995918    
33 40 41 41 33 22 1.490479    765 1.487805 0.998206    
33 42 43 43 33 23 1.482430    761 1.476744 0.996165    
33 44 45 45 33 24 1.463476    754 1.466667 1.002180    
33 46 47 47 33 25 1.452118    745 1.446809 0.996344    
33 48 49 49 33 26 1.446517    745 1.448980 1.001702    
33 50 51 51 33 27 1.433711    736 1.431373 0.998369    
33 52 53 53 33 28 1.427077    732 1.424528 0.998214    
33 54 55 55 33 29 1.424912    733 1.427273 1.001657    
33 56 57 57 33 30 1.427475    735 1.429825 1.001646    
33 58 59 59 33 31 1.424702    731 1.423729 0.999317    
33 60 61 61 33 32 1.422732    733 1.426230 1.002459    
33 62 64 63 33 33 1.415395    726 1.412698 0.998095    
33 65 67 66 33 34 1.405615    724 1.409091 1.002473    
33 68 70 69 33 35 1.388375    715 1.391304 1.002110    
33 71 73 72 33 36 1.384396    710 1.381944 0.998229    
33 74 76 75 33 37 1.376973    708 1.380000 1.002198    
33 77 79 78 33 38 1.368094    701 1.365385 0.998020    
33 80 82 81 33 39 1.362898    700 1.364198 1.000953    
33 83 85 84 33 40 1.353867    694 1.351190 0.998023    
33 86 88 87 33 41 1.355040    696 1.356322 1.000946    
33 89 91 90 33 42 1.349248    693 1.350000 1.000557    
33 92 94 93 33 43 1.341335    687 1.338710 0.998043    
33 95 97 96 33 44 1.339434    687 1.338542 0.999334    
33 98 100 99 33 45 1.340307    687 1.338384 0.998565    
33 101 103 102 33 46 1.340916    689 1.343137 1.001657    
33 104 109 107 33 47 1.339581    688 1.341121 1.001150    
33 110 115 113 33 48 1.330491    683 1.331858 1.001027    
33 116 121 119 33 49 1.323884    679 1.323529 0.999732    
33 122 127 125 33 50 1.306765    671 1.308000 1.000945    
33 128 133 131 33 51 1.301314    668 1.301527 1.000164    
33 134 139 137 33 52 1.293716    663 1.291971 0.998651    
33 140 145 143 33 53 1.292196    664 1.293706 1.001169    
33 146 151 149 33 54 1.285107    659 1.285235 1.000099    
33 152 157 155 33 55 1.280326    657 1.280645 1.000249    
33 158 163 161 33 56 1.277701    655 1.276398 0.998980    
33 164 169 167 33 57 1.266636    649 1.266467 0.999866    
33 170 175 173 33 58 1.259646    646 1.260116 1.000373    
33 176 181 179 33 59 1.255070    643 1.254190 0.999298    
33 182 187 185 33 60 1.253457    643 1.254054 1.000476    
33 188 193 191 33 61 1.251098    642 1.251309 1.000169    
33 194 254 224 33 62 1.232080    631 1.232143 1.000051    
33 255 255 255 33 63 1.215849    623 1.215686 0.999866    
34 0 0 0 34 0 1.000000    512 1.000000 1.000000       # ieta [35], pt 0
34 15 15 15 34 1 2.836071    27647 2.833333 0.999035    
34 16 16 16 34 2 2.707471    25599 2.718750 1.004166    
34 17 17 17 34 3 2.594404    22527 2.588235 0.997622    
34 18 18 18 34 4 2.431273    18431 2.444444 1.005418    
34 19 19 19 34 5 2.309505    14335 2.315789 1.002721    
34 20 20 20 34 6 2.187171    9215 2.175000 0.994435    
34 21 21 21 34 7 2.112055    7167 2.119048 1.003311    
34 22 22 22 34 8 2.043981    4095 2.045455 1.000721    
34 23 23 23 34 9 2.003855    2047 2.000000 0.998076    
34 24 24 24 34 10 1.954025    1008 1.958333 1.002205    
34 25 25 25 34 11 1.914036    989 1.920000 1.003116    
34 26 26 26 34 12 1.880640    970 1.884615 1.002114    
34 27 27 27 34 13 1.804004    926 1.796296 0.995728    
34 28 28 28 34 14 1.738104    892 1.732143 0.996570    
34 29 29 29 34 15 1.712421    879 1.706897 0.996774    
34 30 30 30 34 16 1.699243    875 1.700000 1.000445    
34 31 31 31 34 17 1.689508    872 1.693548 1.002391    
34 32 33 33 34 18 1.635435    842 1.636364 1.000568    
34 34 35 35 34 19 1.581665    816 1.585714 1.002560    
34 36 37 37 34 20 1.551334    799 1.554054 1.001753    
34 38 39 39 34 21 1.523942    785 1.525641 1.001115    
34 40 41 41 34 22 1.511726    778 1.512195 1.000310    
34 42 43 43 34 23 1.503629    771 1.500000 0.997587    
34 44 45 45 34 24 1.477703    760 1.477778 1.000050    
34 46 47 47 34 25 1.466345    755 1.468085 1.001187    
34 48 49 49 34 26 1.456318    750 1.459184 1.001967    
34 50 51 51 34 27 1.443513    741 1.441176 0.998381    
34 52 53 53 34 28 1.436878    737 1.433962 0.997971    
34 54 55 55 34 29 1.433202    738 1.436364 1.002206    
34 56 57 57 34 30 1.434255    739 1.438596 1.003027    
34 58 59 59 34 31 1.431482    736 1.432203 1.000504    
34 60 61 61 34 32 1.429512    733 1.426230 0.997704    
34 62 64 63 34 33 1.422175    730 1.420635 0.998917    
34 65 67 66 34 34 1.412395    724 1.409091 0.997661    
34 68 70 69 34 35 1.395155    718 1.398551 1.002434    
34 71 73 72 34 36 1.391176    713 1.388889 0.998356    
34 74 76 75 34 37 1.381451    708 1.380000 0.998950    
34 77 79 78 34 38 1.371420    704 1.371795 1.000273    
34 80 82 81 34 39 1.366224    700 1.364198 0.998516    
34 83 85 84 34 40 1.357193    696 1.357143 0.999963    
34 86 88 87 34 41 1.355040    696 1.356322 1.000946    
34 89 91 90 34 42 1.349248    693 1.350000 1.000557    
34 92 94 93 34 43 1.341335    687 1.338710 0.998043    
34 95 97 96 34 44 1.339434    687 1.338542 0.999334    
34 98 100 99 34 45 1.340307    687 1.338384 0.998565    
34 101 103 102 34 46 1.340916    689 1.343137 1.001657    
34 104 109 107 34 47 1.339581    688 1.341121 1.001150    
34 110 115 113 34 48 1.330491    683 1.331858 1.001027    
34 116 121 119 34 49 1.323884    679 1.323529 0.999732    
34 122 127 125 34 50 1.306765    671 1.308000 1.000945    
34 128 133 131 34 51 1.301314    668 1.301527 1.000164    
34 134 139 137 34 52 1.293716    663 1.291971 0.998651    
34 140 145 143 34 53 1.292196    664 1.293706 1.001169    
34 146 151 149 34 54 1.285107    659 1.285235 1.000099    
34 152 157 155 34 55 1.280326    657 1.280645 1.000249    
34 158 163 161 34 56 1.277701    655 1.276398 0.998980    
34 164 169 167 34 57 1.266636    649 1.266467 0.999866    
34 170 175 173 34 58 1.259646    646 1.260116 1.000373    
34 176 181 179 34 59 1.255070    643 1.254190 0.999298    
34 182 187 185 34 60 1.253457    643 1.254054 1.000476    
34 188 193 191 34 61 1.251098    642 1.251309 1.000169    
34 194 254 224 34 62 1.232080    631 1.232143 1.000051    
34 255 255 255 34 63 1.215849    623 1.215686 0.999866    
35 0 0 0 35 0 1.000000    512 1.000000 1.000000       # ieta [36], pt 0
35 15 15 15 35 1 2.819291    27647 2.833333 1.004981    
35 16 16 16 35 2 2.707471    25599 2.718750 1.004166    
35 17 17 17 35 3 2.606147    23551 2.617647 1.004413    
35 18 18 18 35 4 2.452106    18431 2.444444 0.996876    
35 19 19 19 35 5 2.342650    15359 2.342105 0.999767    
35 20 20 20 35 6 2.208572    10239 2.200000 0.996119    
35 21 21 21 35 7 2.145772    8191 2.142857 0.998641    
35 22 22 22 35 8 2.092905    6143 2.090909 0.999046    
35 23 23 23 35 9 2.030769    3071 2.021739 0.995553    
35 24 24 24 35 10 1.980939    1019 1.979167 0.999105    
35 25 25 25 35 11 1.939601    999 1.940000 1.000205    
35 26 26 26 35 12 1.906205    980 1.903846 0.998762    
35 27 27 27 35 13 1.848477    953 1.851852 1.001826    
35 28 28 28 35 14 1.769986    910 1.767857 0.998797    
35 29 29 29 35 15 1.744302    897 1.741379 0.998324    
35 30 30 30 35 16 1.731125    892 1.733333 1.001276    
35 31 31 31 35 17 1.721390    888 1.725806 1.002566    
35 32 33 33 35 18 1.656383    851 1.651515 0.997061    
35 34 35 35 35 19 1.591544    817 1.585714 0.996337    
35 36 37 37 35 20 1.554783    799 1.554054 0.999531    
35 38 39 39 35 21 1.527390    785 1.525641 0.998855    
35 40 41 41 35 22 1.515175    778 1.512195 0.998033    
35 42 43 43 35 23 1.507077    777 1.511628 1.003019    
35 44 45 45 35 24 1.481152    760 1.477778 0.997722    
35 46 47 47 35 25 1.469793    755 1.468085 0.998838    
35 48 49 49 35 26 1.459767    750 1.459184 0.999600    
35 50 51 51 35 27 1.446962    745 1.450980 1.002777    
35 52 53 53 35 28 1.440327    742 1.443396 1.002131    
35 54 55 55 35 29 1.436651    738 1.436364 0.999800    
35 56 57 57 35 30 1.437704    739 1.438596 1.000621    
35 58 59 59 35 31 1.434931    736 1.432203 0.998099    
35 60 61 61 35 32 1.432960    737 1.434426 1.001023    
35 62 64 63 35 33 1.425624    734 1.428571 1.002068    
35 65 67 66 35 34 1.415843    728 1.416667 1.000581    
35 68 70 69 35 35 1.398604    718 1.398551 0.999962    
35 71 73 72 35 36 1.394625    717 1.395833 1.000866    
35 74 76 75 35 37 1.384899    712 1.386667 1.001276    
35 77 79 78 35 38 1.374869    704 1.371795 0.997764    
35 80 82 81 35 39 1.369673    703 1.370370 1.000509    
35 83 85 84 35 40 1.360642    699 1.363095 1.001803    
35 86 88 87 35 41 1.358489    696 1.356322 0.998405    
35 89 91 90 35 42 1.352697    693 1.350000 0.998006    
35 92 94 93 35 43 1.344783    690 1.344086 0.999481    
35 95 97 96 35 44 1.342883    689 1.343750 1.000646    
35 98 100 99 35 45 1.343756    689 1.343434 0.999761    
35 101 103 102 35 46 1.344364    689 1.343137 0.999087    
35 104 109 107 35 47 1.343030    688 1.341121 0.998579    
35 110 115 113 35 48 1.333940    683 1.331858 0.998439    
35 116 121 119 35 49 1.327332    681 1.327731 1.000300    
35 122 127 125 35 50 1.310214    673 1.312000 1.001363    
35 128 133 131 35 51 1.304763    670 1.305344 1.000445    
35 134 139 137 35 52 1.297165    665 1.295620 0.998810    
35 140 145 143 35 53 1.295645    665 1.297203 1.001202    
35 146 151 149 35 54 1.288556    661 1.288591 1.000027    
35 152 157 155 35 55 1.283775    658 1.283871 1.000075    
35 158 163 161 35 56 1.281150    658 1.282609 1.001139    
35 164 169 167 35 57 1.270085    651 1.269461 0.999509    
35 170 175 173 35 58 1.263095    648 1.263006 0.999930    
35 176 181 179 35 59 1.258519    646 1.259777 1.000999    
35 182 187 185 35 60 1.256906    644 1.256757 0.999882    
35 188 193 191 35 61 1.254546    643 1.253927 0.999506    
35 194 254 224 35 62 1.235528    634 1.236607 1.000873    
35 255 255 255 35 63 1.219298    625 1.219608 1.000254    
36 0 0 0 36 0 1.000000    512 1.000000 1.000000       # ieta [37], pt 0
36 15 15 15 36 1 2.829895    27647 2.833333 1.001215    
36 16 16 16 36 2 2.718075    25599 2.718750 1.000248    
36 17 17 17 36 3 2.617971    23551 2.617647 0.999876    
36 18 18 18 36 4 2.463930    19455 2.472222 1.003366    
36 19 19 19 36 5 2.357869    16383 2.368421 1.004475    
36 20 20 20 36 6 2.223791    11263 2.225000 1.000544    
36 21 21 21 36 7 2.160991    9215 2.166667 1.002626    
36 22 22 22 36 8 2.109340    7167 2.113636 1.002037    
36 23 23 23 36 9 2.026637    3071 2.021739 0.997583    
36 24 24 24 36 10 1.976807    1019 1.979167 1.001194    
36 25 25 25 36 11 1.944236    999 1.940000 0.997821    
36 26 26 26 36 12 1.910840    981 1.903846 0.996340    
36 27 27 27 36 13 1.853112    953 1.851852 0.999320    
36 28 28 28 36 14 1.774620    911 1.767857 0.996189    
36 29 29 29 36 15 1.748937    898 1.741379 0.995679    
36 30 30 30 36 16 1.735759    892 1.733333 0.998602    
36 31 31 31 36 17 1.726025    888 1.725806 0.999874    
36 32 33 33 36 18 1.657622    851 1.651515 0.996316    
36 34 35 35 36 19 1.592784    817 1.585714 0.995562    
36 36 37 37 36 20 1.556023    799 1.554054 0.998735    
36 38 39 39 36 21 1.528630    785 1.525641 0.998045    
36 40 41 41 36 22 1.516415    778 1.512195 0.997218    
36 42 43 43 36 23 1.508317    777 1.511628 1.002195    
36 44 45 45 36 24 1.482392    760 1.477778 0.996888    
36 46 47 47 36 25 1.471033    755 1.468085 0.997996    
36 48 49 49 36 26 1.461007    750 1.459184 0.998752    
36 50 51 51 36 27 1.448201    745 1.450980 1.001919    
36 52 53 53 36 28 1.441566    742 1.443396 1.001269    
36 54 55 55 36 29 1.437891    738 1.436364 0.998938    
36 56 57 57 36 30 1.438943    739 1.438596 0.999759    
36 58 59 59 36 31 1.436171    736 1.432203 0.997238    
36 60 61 61 36 32 1.434200    737 1.434426 1.000158    
36 62 64 63 36 33 1.426863    734 1.428571 1.001197    
36 65 67 66 36 34 1.417083    728 1.416667 0.999706    
36 68 70 69 36 35 1.399844    718 1.398551 0.999076    
36 71 73 72 36 36 1.395865    717 1.395833 0.999978    
36 74 76 75 36 37 1.386139    712 1.386667 1.000381    
36 77 79 78 36 38 1.376108    707 1.378205 1.001524    
36 80 82 81 36 39 1.370913    703 1.370370 0.999604    
36 83 85 84 36 40 1.361882    699 1.363095 1.000891    
36 86 88 87 36 41 1.359728    699 1.362069 1.001721    
36 89 91 90 36 42 1.353936    696 1.355556 1.001196    
36 92 94 93 36 43 1.346023    690 1.344086 0.998561    
36 95 97 96 36 44 1.344122    689 1.343750 0.999723    
36 98 100 99 36 45 1.344996    689 1.343434 0.998839    
36 101 103 102 36 46 1.345604    692 1.348039 1.001810    
36 104 109 107 36 47 1.344269    691 1.345794 1.001134    
36 110 115 113 36 48 1.335180    686 1.336283 1.000826    
36 116 121 119 36 49 1.328572    681 1.327731 0.999367    
36 122 127 125 36 50 1.311454    673 1.312000 1.000417    
36 128 133 131 36 51 1.306002    670 1.305344 0.999496    
36 134 139 137 36 52 1.298404    667 1.299270 1.000667    
36 140 145 143 36 53 1.296885    665 1.297203 1.000245    
36 146 151 149 36 54 1.289796    661 1.288591 0.999066    
36 152 157 155 36 55 1.285014    658 1.283871 0.999110    
36 158 163 161 36 56 1.282390    658 1.282609 1.000171    
36 164 169 167 36 57 1.271325    653 1.272455 1.000889    
36 170 175 173 36 58 1.264334    648 1.263006 0.998949    
36 176 181 179 36 59 1.259759    646 1.259777 1.000014    
36 182 187 185 36 60 1.258145    646 1.259459 1.001045    
36 188 193 191 36 61 1.255786    644 1.256545 1.000604    
36 194 254 224 36 62 1.236768    634 1.236607 0.999870    
36 255 255 255 36 63 1.220537    625 1.219608 0.999238    
37 0 0 0 37 0 1.000000    512 1.000000 1.000000       # ieta [38], pt 0
37 15 15 15 37 1 2.829895    27647 2.833333 1.001215    
37 16 16 16 37 2 2.718075    25599 2.718750 1.000248    
37 17 17 17 37 3 2.617971    23551 2.617647 0.999876    
37 18 18 18 37 4 2.463930    19455 2.472222 1.003366    
37 19 19 19 37 5 2.357869    16383 2.368421 1.004475    
37 20 20 20 37 6 2.223791    11263 2.225000 1.000544    
37 21 21 21 37 7 2.160991    9215 2.166667 1.002626    
37 22 22 22 37 8 2.109340    7167 2.113636 1.002037    
37 23 23 23 37 9 2.026637    3071 2.021739 0.997583    
37 24 24 24 37 10 1.976807    1019 1.979167 1.001194    
37 25 25 25 37 11 1.944236    999 1.940000 0.997821    
37 26 26 26 37 12 1.910840    981 1.903846 0.996340    
37 27 27 27 37 13 1.853112    953 1.851852 0.999320    
37 28 28 28 37 14 1.774620    911 1.767857 0.996189    
37 29 29 29 37 15 1.748937    898 1.741379 0.995679    
37 30 30 30 37 16 1.735759    892 1.733333 0.998602    
37 31 31 31 37 17 1.726025    888 1.725806 0.999874    
37 32 33 33 37 18 1.657622    851 1.651515 0.996316    
37 34 35 35 37 19 1.592784    817 1.585714 0.995562    
37 36 37 37 37 20 1.556023    799 1.554054 0.998735    
37 38 39 39 37 21 1.528630    785 1.525641 0.998045    
37 40 41 41 37 22 1.516415    778 1.512195 0.997218    
37 42 43 43 37 23 1.508317    777 1.511628 1.002195    
37 44 45 45 37 24 1.482392    760 1.477778 0.996888    
37 46 47 47 37 25 1.471033    755 1.468085 0.997996    
37 48 49 49 37 26 1.461007    750 1.459184 0.998752    
37 50 51 51 37 27 1.448201    745 1.450980 1.001919    
37 52 53 53 37 28 1.441566    742 1.443396 1.001269    
37 54 55 55 37 29 1.437891    738 1.436364 0.998938    
37 56 57 57 37 30 1.438943    739 1.438596 0.999759    
37 58 59 59 37 31 1.436171    736 1.432203 0.997238    
37 60 61 61 37 32 1.434200    737 1.434426 1.000158    
37 62 64 63 37 33 1.426863    734 1.428571 1.001197    
37 65 67 66 37 34 1.417083    728 1.416667 0.999706    
37 68 70 69 37 35 1.399844    718 1.398551 0.999076    
37 71 73 72 37 36 1.395865    717 1.395833 0.999978    
37 74 76 75 37 37 1.386139    712 1.386667 1.000381    
37 77 79 78 37 38 1.376108    707 1.378205 1.001524    
37 80 82 81 37 39 1.370913    703 1.370370 0.999604    
37 83 85 84 37 40 1.361882    699 1.363095 1.000891    
37 86 88 87 37 41 1.359728    699 1.362069 1.001721    
37 89 91 90 37 42 1.353936    696 1.355556 1.001196    
37 92 94 93 37 43 1.346023    690 1.344086 0.998561    
37 95 97 96 37 44 1.344122    689 1.343750 0.999723    
37 98 100 99 37 45 1.344996    689 1.343434 0.998839    
37 101 103 102 37 46 1.345604    692 1.348039 1.001810    
37 104 109 107 37 47 1.344269    691 1.345794 1.001134    
37 110 115 113 37 48 1.335180    686 1.336283 1.000826    
37 116 121 119 37 49 1.328572    681 1.327731 0.999367    
37 122 127 125 37 50 1.311454    673 1.312000 1.000417    
37 128 133 131 37 51 1.306002    670 1.305344 0.999496    
37 134 139 137 37 52 1.298404    667 1.299270 1.000667    
37 140 145 143 37 53 1.296885    665 1.297203 1.000245    
37 146 151 149 37 54 1.289796    661 1.288591 0.999066    
37 152 157 155 37 55 1.285014    658 1.283871 0.999110    
37 158 163 161 37 56 1.282390    658 1.282609 1.000171    
37 164 169 167 37 57 1.271325    653 1.272455 1.000889    
37 170 175 173 37 58 1.264334    648 1.263006 0.998949    
37 176 181 179 37 59 1.259759    646 1.259777 1.000014    
37 182 187 185 37 60 1.258145    646 1.259459 1.001045    
37 188 193 191 37 61 1.255786    644 1.256545 1.000604    
37 194 254 224 37 62 1.236768    634 1.236607 0.999870    
37 255 255 255 37 63 1.220537    625 1.219608 0.999238    
38 0 0 0 38 0 1.000000    512 1.000000 1.000000       # ieta [39], pt 0
38 15 15 15 38 1 2.829895    27647 2.833333 1.001215    
38 16 16 16 38 2 2.718075    25599 2.718750 1.000248    
38 17 17 17 38 3 2.617971    23551 2.617647 0.999876    
38 18 18 18 38 4 2.463930    19455 2.472222 1.003366    
38 19 19 19 38 5 2.382303    17407 2.394737 1.005219    
38 20 20 20 38 6 2.307231    14335 2.300000 0.996866    
38 21 21 21 38 7 2.244431    12287 2.238095 0.997177    
38 22 22 22 38 8 2.192780    10239 2.181818 0.995001    
38 23 23 23 38 9 2.142216    9215 2.152174 1.004649    
38 24 24 24 38 10 2.094590    7167 2.104167 1.004572    
38 25 25 25 38 11 2.053253    5119 2.060000 1.003286    
38 26 26 26 38 12 2.019857    3071 2.019231 0.999690    
38 27 27 27 38 13 1.962128    1010 1.962963 1.000425    
38 28 28 28 38 14 1.883637    967 1.875000 0.995415    
38 29 29 29 38 15 1.879429    967 1.879310 0.999937    
38 30 30 30 38 16 1.866252    960 1.866667 1.000222    
38 31 31 31 38 17 1.893495    972 1.887097 0.996621    
38 32 33 33 38 18 1.802515    927 1.803030 1.000286    
38 34 35 35 38 19 1.737676    896 1.742857 1.002982    
38 36 37 37 38 20 1.700915    875 1.702703 1.001051    
38 38 39 39 38 21 1.673523    863 1.679487 1.003564    
38 40 41 41 38 22 1.661307    853 1.658537 0.998332    
38 42 43 43 38 23 1.653209    849 1.651163 0.998762    
38 44 45 45 38 24 1.602850    822 1.600000 0.998222    
38 46 47 47 38 25 1.591492    820 1.595745 1.002672    
38 48 49 49 38 26 1.559990    802 1.561224 1.000791    
38 50 51 51 38 27 1.547184    796 1.549020 1.001186    
38 52 53 53 38 28 1.540549    790 1.537736 0.998174    
38 54 55 55 38 29 1.536874    789 1.536364 0.999668    
38 56 57 57 38 30 1.537926    789 1.535088 0.998154    
38 58 59 59 38 31 1.523758    784 1.525424 1.001093    
38 60 61 61 38 32 1.510393    775 1.508197 0.998546    
38 62 64 63 38 33 1.503056    771 1.500000 0.997967    
38 65 67 66 38 34 1.493276    766 1.492424 0.999430    
38 68 70 69 38 35 1.476037    759 1.478261 1.001507    
38 71 73 72 38 36 1.470482    756 1.472222 1.001184    
38 74 76 75 38 37 1.460756    749 1.460000 0.999483    
38 77 79 78 38 38 1.450725    744 1.448718 0.998616    
38 80 82 81 38 39 1.445530    741 1.444444 0.999249    
38 83 85 84 38 40 1.436499    736 1.434524 0.998625    
38 86 88 87 38 41 1.434345    737 1.436782 1.001699    
38 89 91 90 38 42 1.428553    733 1.427778 0.999457    
38 92 94 93 38 43 1.420640    728 1.419355 0.999095    
38 95 97 96 38 44 1.418739    727 1.416667 0.998539    
38 98 100 99 38 45 1.402273    720 1.404040 1.001260    
38 101 103 102 38 46 1.402882    719 1.401961 0.999344    
38 104 109 107 38 47 1.401547    719 1.401869 1.000230    
38 110 115 113 38 48 1.392458    715 1.393805 1.000968    
38 116 121 119 38 49 1.385850    711 1.386555 1.000509    
38 122 127 125 38 50 1.368731    702 1.368000 0.999466    
38 128 133 131 38 51 1.363280    699 1.362595 0.999498    
38 134 139 137 38 52 1.355682    695 1.354015 0.998770    
38 140 145 143 38 53 1.354162    694 1.353147 0.999250    
38 146 151 149 38 54 1.347073    690 1.345638 0.998934    
38 152 157 155 38 55 1.342292    688 1.341935 0.999734    
38 158 163 161 38 56 1.339667    686 1.338509 0.999136    
38 164 169 167 38 57 1.328602    682 1.329341 1.000556    
38 170 175 173 38 58 1.321612    677 1.320809 0.999393    
38 176 181 179 38 59 1.317036    675 1.315642 0.998942    
38 182 187 185 38 60 1.315423    675 1.316216 1.000603    
38 188 193 191 38 61 1.313064    674 1.314136 1.000817    
38 194 254 224 38 62 1.294046    663 1.294643 1.000462    
38 255 255 255 38 63 1.277815    655 1.278431 1.000482    
39 0 0 0 39 0 1.000000    512 1.000000 1.000000       # ieta [40], pt 0
39 15 15 15 39 1 2.829895    27647 2.833333 1.001215    
39 16 16 16 39 2 2.718075    25599 2.718750 1.000248    
39 17 17 17 39 3 2.617971    23551 2.617647 0.999876    
39 18 18 18 39 4 2.463930    19455 2.472222 1.003366    
39 19 19 19 39 5 2.382303    17407 2.394737 1.005219    
39 20 20 20 39 6 2.307231    14335 2.300000 0.996866    
39 21 21 21 39 7 2.244431    12287 2.238095 0.997177    
39 22 22 22 39 8 2.192780    10239 2.181818 0.995001    
39 23 23 23 39 9 2.142216    9215 2.152174 1.004649    
39 24 24 24 39 10 2.094590    7167 2.104167 1.004572    
39 25 25 25 39 11 2.053253    5119 2.060000 1.003286    
39 26 26 26 39 12 2.019857    3071 2.019231 0.999690    
39 27 27 27 39 13 1.962128    1010 1.962963 1.000425    
39 28 28 28 39 14 1.883637    967 1.875000 0.995415    
39 29 29 29 39 15 1.879429    967 1.879310 0.999937    
39 30 30 30 39 16 1.866252    960 1.866667 1.000222    
39 31 31 31 39 17 1.893495    972 1.887097 0.996621    
39 32 33 33 39 18 1.802515    927 1.803030 1.000286    
39 34 35 35 39 19 1.737676    896 1.742857 1.002982    
39 36 37 37 39 20 1.700915    875 1.702703 1.001051    
39 38 39 39 39 21 1.673523    863 1.679487 1.003564    
39 40 41 41 39 22 1.661307    853 1.658537 0.998332    
39 42 43 43 39 23 1.653209    849 1.651163 0.998762    
39 44 45 45 39 24 1.602850    822 1.600000 0.998222    
39 46 47 47 39 25 1.591492    820 1.595745 1.002672    
39 48 49 49 39 26 1.559990    802 1.561224 1.000791    
39 50 51 51 39 27 1.547184    796 1.549020 1.001186    
39 52 53 53 39 28 1.540549    790 1.537736 0.998174    
39 54 55 55 39 29 1.536874    789 1.536364 0.999668    
39 56 57 57 39 30 1.537926    789 1.535088 0.998154    
39 58 59 59 39 31 1.523758    784 1.525424 1.001093    
39 60 61 61 39 32 1.510393    775 1.508197 0.998546    
39 62 64 63 39 33 1.503056    771 1.500000 0.997967    
39 65 67 66 39 34 1.493276    766 1.492424 0.999430    
39 68 70 69 39 35 1.476037    759 1.478261 1.001507    
39 71 73 72 39 36 1.470482    756 1.472222 1.001184    
39 74 76 75 39 37 1.460756    749 1.460000 0.999483    
39 77 79 78 39 38 1.450725    744 1.448718 0.998616    
39 80 82 81 39 39 1.445530    741 1.444444 0.999249    
39 83 85 84 39 40 1.436499    736 1.434524 0.998625    
39 86 88 87 39 41 1.434345    737 1.436782 1.001699    
39 89 91 90 39 42 1.428553    733 1.427778 0.999457    
39 92 94 93 39 43 1.420640    728 1.419355 0.999095    
39 95 97 96 39 44 1.418739    727 1.416667 0.998539    
39 98 100 99 39 45 1.402273    720 1.404040 1.001260    
39 101 103 102 39 46 1.402882    719 1.401961 0.999344    
39 104 109 107 39 47 1.401547    719 1.401869 1.000230    
39 110 115 113 39 48 1.392458    715 1.393805 1.000968    
39 116 121 119 39 49 1.385850    711 1.386555 1.000509    
39 122 127 125 39 50 1.368731    702 1.368000 0.999466    
39 128 133 131 39 51 1.363280    699 1.362595 0.999498    
39 134 139 137 39 52 1.355682    695 1.354015 0.998770    
39 140 145 143 39 53 1.354162    694 1.353147 0.999250    
39 146 151 149 39 54 1.347073    690 1.345638 0.998934    
39 152 157 155 39 55 1.342292    688 1.341935 0.999734    
39 158 163 161 39 56 1.339667    686 1.338509 0.999136    
39 164 169 167 39 57 1.328602    682 1.329341 1.000556    
39 170 175 173 39 58 1.321612    677 1.320809 0.999393    
39 176 181 179 39 59 1.317036    675 1.315642 0.998942    
39 182 187 185 39 60 1.315423    675 1.316216 1.000603    
39 188 193 191 39 61 1.313064    674 1.314136 1.000817    
39 194 254 224 39 62 1.294046    663 1.294643 1.000462    
39 255 255 255 39 63 1.277815    655 1.278431 1.000482    
