# columns 
# CaloToolMPEtaBin PtMin PtMax avgPt IEtaBin_forLUT_col1 PtBin_forLUT SF
0 0 0 0 0 0 1.000000    512 1.000000 1.000000       # ieta [1], pt 0
0 15 15 15 0 1 2.207463    8191 2.200000 0.996619    
0 16 16 16 0 2 2.153196    7167 2.156250 1.001418    
0 17 17 17 0 3 2.150397    7167 2.147059 0.998448    
0 18 18 18 0 4 2.136442    7167 2.138889 1.001145    
0 19 19 19 0 5 2.115717    6143 2.105263 0.995059    
0 20 20 20 0 6 2.064882    5119 2.075000 1.004900    
0 21 21 21 0 7 2.044450    4095 2.047619 1.001550    
0 22 22 22 0 8 2.037655    4095 2.045455 1.003828    
0 23 23 23 0 9 2.031684    3071 2.021739 0.995105    
0 24 24 24 0 10 2.001543    2047 2.000000 0.999229    
0 25 25 25 0 11 1.977468    1019 1.980000 1.001280    
0 26 26 26 0 12 1.978419    1019 1.980769 1.001188    
0 27 27 27 0 13 1.944264    1001 1.944444 1.000093    
0 28 28 28 0 14 1.920341    992 1.928571 1.004286    
0 29 29 29 0 15 1.894275    976 1.896552 1.001202    
0 30 30 30 0 16 1.898809    977 1.900000 1.000627    
0 31 31 31 0 17 1.875676    963 1.870968 0.997490    
0 32 33 33 0 18 1.867540    959 1.863636 0.997910    
0 34 35 35 0 19 1.839210    947 1.842857 1.001983    
0 36 37 37 0 20 1.801943    925 1.797297 0.997422    
0 38 39 39 0 21 1.786844    916 1.782051 0.997318    
0 40 41 41 0 22 1.774005    910 1.768293 0.996780    
0 42 43 43 0 23 1.756988    902 1.755814 0.999332    
0 44 45 45 0 24 1.730662    891 1.733333 1.001543    
0 46 47 47 0 25 1.705920    875 1.702128 0.997777    
0 48 49 49 0 26 1.692370    870 1.693878 1.000891    
0 50 51 51 0 27 1.677570    861 1.676471 0.999345    
0 52 53 53 0 28 1.655759    853 1.660377 1.002790    
0 54 55 55 0 29 1.653998    850 1.654545 1.000331    
0 56 57 57 0 30 1.638637    842 1.640351 1.001046    
0 58 59 59 0 31 1.625784    836 1.627119 1.000821    
0 60 61 61 0 32 1.620689    833 1.622951 1.001396    
0 62 64 63 0 33 1.616509    831 1.619048 1.001571    
0 65 67 66 0 34 1.593542    817 1.590909 0.998348    
0 68 70 69 0 35 1.579209    811 1.579710 1.000318    
0 71 73 72 0 36 1.570840    806 1.569444 0.999111    
0 74 76 75 0 37 1.560244    801 1.560000 0.999843    
0 77 79 78 0 38 1.553757    796 1.551282 0.998407    
0 80 82 81 0 39 1.534371    789 1.537037 1.001738    
0 83 85 84 0 40 1.527123    785 1.529762 1.001728    
0 86 88 87 0 41 1.514651    778 1.517241 1.001710    
0 89 91 90 0 42 1.511200    775 1.511111 0.999941    
0 92 94 93 0 43 1.498682    769 1.500000 1.000879    
0 95 97 96 0 44 1.490735    764 1.489583 0.999228    
0 98 100 99 0 45 1.486658    762 1.484848 0.998783    
0 101 103 102 0 46 1.469072    754 1.470588 1.001032    
0 104 109 107 0 47 1.460320    750 1.462617 1.001573    
0 110 115 113 0 48 1.443881    740 1.442478 0.999029    
0 116 121 119 0 49 1.434501    735 1.432773 0.998796    
0 122 127 125 0 50 1.430752    735 1.432000 1.000872    
0 128 133 131 0 51 1.430624    734 1.431298 1.000471    
0 134 139 137 0 52 1.412703    725 1.412409 0.999792    
0 140 145 143 0 53 1.404512    721 1.405594 1.000771    
0 146 151 149 0 54 1.399595    718 1.399329 0.999810    
0 152 157 155 0 55 1.391725    713 1.390323 0.998992    
0 158 163 161 0 56 1.386160    710 1.385093 0.999231    
0 164 169 167 0 57 1.383308    709 1.383234 0.999946    
0 170 175 173 0 58 1.374402    705 1.375723 1.000961    
0 176 181 179 0 59 1.371499    703 1.371508 1.000007    
0 182 187 185 0 60 1.371290    702 1.370270 0.999256    
0 188 193 191 0 61 1.370069    702 1.369110 0.999300    
0 194 254 224 0 62 1.337926    685 1.337054 0.999348    
0 255 255 255 0 63 1.318176    675 1.317647 0.999599    
1 0 0 0 1 0 1.000000    512 1.000000 1.000000       # ieta [2], pt 0
1 15 15 15 1 1 2.153363    7167 2.166667 1.006178    
1 16 16 16 1 2 2.127158    6143 2.125000 0.998986    
1 17 17 17 1 3 2.124881    6143 2.117647 0.996595    
1 18 18 18 1 4 2.111092    6143 2.111111 1.000009    
1 19 19 19 1 5 2.090613    5119 2.078947 0.994420    
1 20 20 20 1 6 2.078997    5119 2.075000 0.998077    
1 21 21 21 1 7 2.040653    4095 2.047619 1.003414    
1 22 22 22 1 8 2.033038    3071 2.022727 0.994928    
1 23 23 23 1 9 2.028434    3071 2.021739 0.996700    
1 24 24 24 1 10 1.998341    2047 2.000000 1.000830    
1 25 25 25 1 11 1.974305    1019 1.980000 1.002885    
1 26 26 26 1 12 1.975254    1019 1.980769 1.002792    
1 27 27 27 1 13 1.941154    1001 1.944444 1.001695    
1 28 28 28 1 14 1.917270    984 1.910714 0.996581    
1 29 29 29 1 15 1.891244    976 1.896552 1.002806    
1 30 30 30 1 16 1.896571    977 1.900000 1.001808    
1 31 31 31 1 17 1.874330    963 1.870968 0.998206    
1 32 33 33 1 18 1.869777    959 1.863636 0.996716    
1 34 35 35 1 19 1.841133    947 1.842857 1.000937    
1 36 37 37 1 20 1.804911    931 1.810811 1.003269    
1 38 39 39 1 21 1.791018    922 1.794872 1.002152    
1 40 41 41 1 22 1.780721    915 1.780488 0.999869    
1 42 43 43 1 23 1.765525    908 1.767442 1.001086    
1 44 45 45 1 24 1.739072    896 1.744444 1.003090    
1 46 47 47 1 25 1.714014    880 1.712766 0.999272    
1 48 49 49 1 26 1.700203    875 1.704082 1.002281    
1 50 51 51 1 27 1.685334    866 1.686275 1.000558    
1 52 53 53 1 28 1.663422    853 1.660377 0.998170    
1 54 55 55 1 29 1.663501    854 1.663636 1.000081    
1 56 57 57 1 30 1.645396    847 1.649123 1.002265    
1 58 59 59 1 31 1.630866    836 1.627119 0.997702    
1 60 61 61 1 32 1.623655    833 1.622951 0.999566    
1 62 64 63 1 33 1.618075    831 1.619048 1.000601    
1 65 67 66 1 34 1.595086    821 1.598485 1.002131    
1 68 70 69 1 35 1.580739    811 1.579710 0.999349    
1 71 73 72 1 36 1.572126    806 1.569444 0.998294    
1 74 76 75 1 37 1.561522    801 1.560000 0.999025    
1 77 79 78 1 38 1.552249    796 1.551282 0.999377    
1 80 82 81 1 39 1.535627    789 1.537037 1.000918    
1 83 85 84 1 40 1.529043    785 1.529762 1.000470    
1 86 88 87 1 41 1.517103    778 1.517241 1.000091    
1 89 91 90 1 42 1.514073    778 1.516667 1.001713    
1 92 94 93 1 43 1.501532    769 1.500000 0.998980    
1 95 97 96 1 44 1.493570    767 1.494792 1.000818    
1 98 100 99 1 45 1.489766    764 1.489899 1.000089    
1 101 103 102 1 46 1.472283    754 1.470588 0.998849    
1 104 109 107 1 47 1.463512    750 1.462617 0.999388    
1 110 115 113 1 48 1.447036    742 1.446903 0.999908    
1 116 121 119 1 49 1.437636    737 1.436975 0.999540    
1 122 127 125 1 50 1.433880    735 1.432000 0.998689    
1 128 133 131 1 51 1.433751    736 1.435115 1.000951    
1 134 139 137 1 52 1.415791    726 1.416058 1.000189    
1 140 145 143 1 53 1.407582    723 1.409091 1.001072    
1 146 151 149 1 54 1.402654    719 1.402685 1.000022    
1 152 157 155 1 55 1.395165    716 1.396774 1.001153    
1 158 163 161 1 56 1.389190    712 1.388199 0.999287    
1 164 169 167 1 57 1.386331    711 1.386228 0.999925    
1 170 175 173 1 58 1.377406    707 1.378613 1.000876    
1 176 181 179 1 59 1.374497    705 1.374302 0.999858    
1 182 187 185 1 60 1.374287    704 1.372973 0.999044    
1 188 193 191 1 61 1.373064    705 1.374346 1.000933    
1 194 254 224 1 62 1.340526    687 1.341518 1.000740    
1 255 255 255 1 63 1.321057    677 1.321569 1.000387    
2 0 0 0 2 0 1.000000    512 1.000000 1.000000       # ieta [3], pt 0
2 15 15 15 2 1 2.209236    8191 2.200000 0.995819    
2 16 16 16 2 2 2.163641    7167 2.156250 0.996584    
2 17 17 17 2 3 2.164213    8191 2.176471 1.005664    
2 18 18 18 2 4 2.153751    8191 2.166667 1.005997    
2 19 19 19 2 5 2.132858    7167 2.131579 0.999400    
2 20 20 20 2 6 2.108947    6143 2.100000 0.995757    
2 21 21 21 2 7 2.068469    5119 2.071429 1.001431    
2 22 22 22 2 8 2.052391    4095 2.045455 0.996620    
2 23 23 23 2 9 2.041121    4095 2.043478 1.001155    
2 24 24 24 2 10 2.011245    3071 2.020833 1.004767    
2 25 25 25 2 11 1.979289    1019 1.980000 1.000359    
2 26 26 26 2 12 1.980241    1019 1.980769 1.000267    
2 27 27 27 2 13 1.946055    1001 1.944444 0.999173    
2 28 28 28 2 14 1.923156    992 1.928571 1.002816    
2 29 29 29 2 15 1.897051    976 1.896552 0.999737    
2 30 30 30 2 16 1.902252    977 1.900000 0.998816    
2 31 31 31 2 17 1.879944    971 1.887097 1.003805    
2 32 33 33 2 18 1.875377    966 1.878788 1.001819    
2 34 35 35 2 19 1.846647    948 1.842857 0.997948    
2 36 37 37 2 20 1.809222    931 1.810811 1.000878    
2 38 39 39 2 21 1.794195    922 1.794872 1.000377    
2 40 41 41 2 22 1.782849    915 1.780488 0.998676    
2 42 43 43 2 23 1.766603    908 1.767442 1.000475    
2 44 45 45 2 24 1.740134    896 1.744444 1.002477    
2 46 47 47 2 25 1.715050    880 1.712766 0.998668    
2 48 49 49 2 26 1.701221    875 1.704082 1.001682    
2 50 51 51 2 27 1.686342    866 1.686275 0.999960    
2 52 53 53 2 28 1.664417    853 1.660377 0.997573    
2 54 55 55 2 29 1.664496    854 1.663636 0.999483    
2 56 57 57 2 30 1.647844    847 1.649123 1.000776    
2 58 59 59 2 31 1.633293    840 1.635593 1.001408    
2 60 61 61 2 32 1.626071    834 1.622951 0.998081    
2 62 64 63 2 33 1.620483    831 1.619048 0.999114    
2 65 67 66 2 34 1.597274    821 1.598485 1.000758    
2 68 70 69 2 35 1.585210    815 1.586957 1.001101    
2 71 73 72 2 36 1.573899    809 1.576389 1.001582    
2 74 76 75 2 37 1.562359    801 1.560000 0.998490    
2 77 79 78 2 38 1.552537    796 1.551282 0.999192    
2 80 82 81 2 39 1.535911    789 1.537037 1.000733    
2 83 85 84 2 40 1.529326    785 1.529762 1.000285    
2 86 88 87 2 41 1.517384    778 1.517241 0.999906    
2 89 91 90 2 42 1.514354    778 1.516667 1.001527    
2 92 94 93 2 43 1.501810    769 1.500000 0.998795    
2 95 97 96 2 44 1.493846    767 1.494792 1.000633    
2 98 100 99 2 45 1.489944    764 1.489899 0.999970    
2 101 103 102 2 46 1.472411    754 1.470588 0.998762    
2 104 109 107 2 47 1.464552    750 1.462617 0.998678    
2 110 115 113 2 48 1.447036    742 1.446903 0.999908    
2 116 121 119 2 49 1.437636    737 1.436975 0.999540    
2 122 127 125 2 50 1.433880    735 1.432000 0.998689    
2 128 133 131 2 51 1.433751    736 1.435115 1.000951    
2 134 139 137 2 52 1.415791    726 1.416058 1.000189    
2 140 145 143 2 53 1.407582    723 1.409091 1.001072    
2 146 151 149 2 54 1.402654    719 1.402685 1.000022    
2 152 157 155 2 55 1.395165    716 1.396774 1.001153    
2 158 163 161 2 56 1.389190    712 1.388199 0.999287    
2 164 169 167 2 57 1.386331    711 1.386228 0.999925    
2 170 175 173 2 58 1.377406    707 1.378613 1.000876    
2 176 181 179 2 59 1.374497    705 1.374302 0.999858    
2 182 187 185 2 60 1.374287    704 1.372973 0.999044    
2 188 193 191 2 61 1.373064    705 1.374346 1.000933    
2 194 254 224 2 62 1.338268    686 1.339286 1.000760    
2 255 255 255 2 63 1.320077    676 1.319608 0.999645    
3 0 0 0 3 0 1.000000    512 1.000000 1.000000       # ieta [4], pt 0
3 15 15 15 3 1 2.256390    10239 2.266667 1.004555    
3 16 16 16 3 2 2.208392    9215 2.218750 1.004690    
3 17 17 17 3 3 2.213208    9215 2.205882 0.996690    
3 18 18 18 3 4 2.190210    9215 2.194444 1.001933    
3 19 19 19 3 5 2.144518    7167 2.131579 0.993966    
3 20 20 20 3 6 2.121339    7167 2.125000 1.001726    
3 21 21 21 3 7 2.093035    6143 2.095238 1.001053    
3 22 22 22 3 8 2.077918    5119 2.068182 0.995314    
3 23 23 23 3 9 2.070212    5119 2.065217 0.997587    
3 24 24 24 3 10 2.048703    4095 2.041667 0.996565    
3 25 25 25 3 11 2.030613    4095 2.040000 1.004623    
3 26 26 26 3 12 2.031590    4095 2.038462 1.003382    
3 27 27 27 3 13 2.005969    2047 2.000000 0.997025    
3 28 28 28 3 14 1.990995    1021 1.982143 0.995554    
3 29 29 29 3 15 1.963175    1011 1.965517 1.001193    
3 30 30 30 3 16 1.965911    1011 1.966667 1.000384    
3 31 31 31 3 17 1.943357    997 1.935484 0.995948    
3 32 33 33 3 18 1.918185    989 1.924242 1.003158    
3 34 35 35 3 19 1.887145    969 1.885714 0.999242    
3 36 37 37 3 20 1.839704    944 1.837838 0.998986    
3 38 39 39 3 21 1.820485    936 1.820513 1.000015    
3 40 41 41 3 22 1.812303    934 1.817073 1.002632    
3 42 43 43 3 23 1.795435    921 1.790698 0.997361    
3 44 45 45 3 24 1.778499    913 1.777778 0.999595    
3 46 47 47 3 25 1.750167    902 1.755319 1.002944    
3 48 49 49 3 26 1.738206    891 1.734694 0.997979    
3 50 51 51 3 27 1.720591    886 1.725490 1.002847    
3 52 53 53 3 28 1.686829    867 1.688679 1.001097    
3 54 55 55 3 29 1.685299    864 1.681818 0.997935    
3 56 57 57 3 30 1.664876    856 1.666667 1.001075    
3 58 59 59 3 31 1.650276    849 1.652542 1.001373    
3 60 61 61 3 32 1.643187    842 1.639344 0.997661    
3 62 64 63 3 33 1.641578    844 1.642857 1.000779    
3 65 67 66 3 34 1.623951    832 1.621212 0.998314    
3 68 70 69 3 35 1.614778    830 1.615942 1.000721    
3 71 73 72 3 36 1.603407    823 1.604167 1.000474    
3 74 76 75 3 37 1.592330    818 1.593333 1.000630    
3 77 79 78 3 38 1.579758    809 1.576923 0.998205    
3 80 82 81 3 39 1.560657    801 1.561728 1.000687    
3 83 85 84 3 40 1.554909    797 1.553571 0.999140    
3 86 88 87 3 41 1.545547    793 1.545977 1.000278    
3 89 91 90 3 42 1.541069    790 1.538889 0.998585    
3 92 94 93 3 43 1.528594    783 1.526882 0.998880    
3 95 97 96 3 44 1.520802    780 1.520833 1.000021    
3 98 100 99 3 45 1.517461    777 1.515152 0.998478    
3 101 103 102 3 46 1.500554    769 1.500000 0.999631    
3 104 109 107 3 47 1.490740    765 1.490654 0.999943    
3 110 115 113 3 48 1.474245    756 1.473451 0.999462    
3 116 121 119 3 49 1.462070    750 1.462185 1.000079    
3 122 127 125 3 50 1.455606    747 1.456000 1.000270    
3 128 133 131 3 51 1.455476    746 1.454198 0.999122    
3 134 139 137 3 52 1.437013    738 1.437956 1.000656    
3 140 145 143 3 53 1.427607    732 1.426573 0.999276    
3 146 151 149 3 54 1.421491    730 1.422819 1.000934    
3 152 157 155 3 55 1.412646    725 1.412903 1.000182    
3 158 163 161 3 56 1.405436    721 1.406832 1.000993    
3 164 169 167 3 57 1.402544    718 1.401198 0.999040    
3 170 175 173 3 58 1.393515    714 1.393064 0.999676    
3 176 181 179 3 59 1.390572    713 1.391061 1.000352    
3 182 187 185 3 60 1.390360    712 1.389189 0.999158    
3 188 193 191 3 61 1.388927    713 1.390052 1.000810    
3 194 254 224 3 62 1.357536    695 1.357143 0.999711    
3 255 255 255 3 63 1.337475    685 1.337255 0.999836    
4 0 0 0 4 0 1.000000    512 1.000000 1.000000       # ieta [5], pt 0
4 15 15 15 4 1 2.314217    11263 2.300000 0.993857    
4 16 16 16 4 2 2.216501    9215 2.218750 1.001015    
4 17 17 17 4 3 2.244852    10239 2.235294 0.995742    
4 18 18 18 4 4 2.236509    11263 2.250000 1.006032    
4 19 19 19 4 5 2.200113    10239 2.210526 1.004733    
4 20 20 20 4 6 2.176342    9215 2.175000 0.999383    
4 21 21 21 4 7 2.141678    8191 2.142857 1.000551    
4 22 22 22 4 8 2.119147    7167 2.113636 0.997400    
4 23 23 23 4 9 2.111209    7167 2.108696 0.998809    
4 24 24 24 4 10 2.077605    6143 2.083333 1.002757    
4 25 25 25 4 11 2.058282    5119 2.060000 1.000835    
4 26 26 26 4 12 2.059272    5119 2.057692 0.999233    
4 27 27 27 4 13 2.024695    3071 2.018519 0.996950    
4 28 28 28 4 14 2.007520    2047 2.000000 0.996254    
4 29 29 29 4 15 1.978174    1020 1.982759 1.002318    
4 30 30 30 4 16 1.980930    1020 1.983333 1.001213    
4 31 31 31 4 17 1.958205    1005 1.951613 0.996634    
4 32 33 33 4 18 1.932932    997 1.939394 1.003343    
4 34 35 35 4 19 1.903720    977 1.900000 0.998046    
4 36 37 37 4 20 1.874053    965 1.878378 1.002308    
4 38 39 39 4 21 1.858717    955 1.858974 1.000138    
4 40 41 41 4 22 1.846612    947 1.841463 0.997212    
4 42 43 43 4 23 1.820732    938 1.825581 1.002663    
4 44 45 45 4 24 1.794384    920 1.788889 0.996938    
4 46 47 47 4 25 1.763372    907 1.765957 1.001466    
4 48 49 49 4 26 1.751321    901 1.755102 1.002159    
4 50 51 51 4 27 1.738262    891 1.735294 0.998292    
4 52 53 53 4 28 1.712529    882 1.716981 1.002599    
4 54 55 55 4 29 1.710976    878 1.709091 0.998898    
4 56 57 57 4 30 1.695681    870 1.692982 0.998409    
4 58 59 59 4 31 1.682780    866 1.686441 1.002176    
4 60 61 61 4 32 1.676605    863 1.680328 1.002220    
4 62 64 63 4 33 1.670615    856 1.666667 0.997637    
4 65 67 66 4 34 1.650238    848 1.651515 1.000774    
4 68 70 69 4 35 1.638840    841 1.637681 0.999293    
4 71 73 72 4 36 1.625078    834 1.625000 0.999952    
4 74 76 75 4 37 1.612651    828 1.613333 1.000423    
4 77 79 78 4 38 1.598463    819 1.596154 0.998556    
4 80 82 81 4 39 1.578711    811 1.580247 1.000973    
4 83 85 84 4 40 1.574541    809 1.577381 1.001803    
4 86 88 87 4 41 1.564132    802 1.563218 0.999416    
4 89 91 90 4 42 1.558951    801 1.561111 1.001385    
4 92 94 93 4 43 1.544924    792 1.543011 0.998761    
4 95 97 96 4 44 1.536417    788 1.536458 1.000027    
4 98 100 99 4 45 1.532726    785 1.530303 0.998419    
4 101 103 102 4 46 1.515518    777 1.514706 0.999464    
4 104 109 107 4 47 1.504422    772 1.504673 1.000167    
4 110 115 113 4 48 1.487023    763 1.486726 0.999800    
4 116 121 119 4 49 1.475243    757 1.474790 0.999693    
4 122 127 125 4 50 1.468721    753 1.468000 0.999509    
4 128 133 131 4 51 1.468589    754 1.469466 1.000597    
4 134 139 137 4 52 1.449960    743 1.448905 0.999272    
4 140 145 143 4 53 1.440870    739 1.440559 0.999785    
4 146 151 149 4 54 1.436014    737 1.436242 1.000158    
4 152 157 155 4 55 1.428495    733 1.429032 1.000376    
4 158 163 161 4 56 1.421205    729 1.422360 1.000813    
4 164 169 167 4 57 1.418281    728 1.419162 1.000621    
4 170 175 173 4 58 1.409150    723 1.410405 1.000890    
4 176 181 179 4 59 1.406173    720 1.405028 0.999185    
4 182 187 185 4 60 1.405959    720 1.405405 0.999606    
4 188 193 191 4 61 1.404510    721 1.405759 1.000889    
4 194 254 224 4 62 1.373134    703 1.372768 0.999733    
4 255 255 255 4 63 1.352722    693 1.352941 1.000162    
5 0 0 0 5 0 1.000000    512 1.000000 1.000000       # ieta [6], pt 0
5 15 15 15 5 1 2.314931    11263 2.300000 0.993550    
5 16 16 16 5 2 2.217184    9215 2.218750 1.000706    
5 17 17 17 5 3 2.245544    10239 2.235294 0.995435    
5 18 18 18 5 4 2.237199    11263 2.250000 1.005722    
5 19 19 19 5 5 2.200791    10239 2.210526 1.004424    
5 20 20 20 5 6 2.177013    9215 2.175000 0.999075    
5 21 21 21 5 7 2.142338    8191 2.142857 1.000242    
5 22 22 22 5 8 2.119800    7167 2.113636 0.997092    
5 23 23 23 5 9 2.111860    7167 2.108696 0.998501    
5 24 24 24 5 10 2.078246    6143 2.083333 1.002448    
5 25 25 25 5 11 2.058917    5119 2.060000 1.000526    
5 26 26 26 5 12 2.059907    5119 2.057692 0.998925    
5 27 27 27 5 13 2.025319    3071 2.018519 0.996642    
5 28 28 28 5 14 2.008139    2047 2.000000 0.995947    
5 29 29 29 5 15 1.978784    1020 1.982759 1.002009    
5 30 30 30 5 16 1.981541    1020 1.983333 1.000904    
5 31 31 31 5 17 1.958809    1005 1.951613 0.996326    
5 32 33 33 5 18 1.933528    997 1.939394 1.003034    
5 34 35 35 5 19 1.904307    978 1.900000 0.997738    
5 36 37 37 5 20 1.874631    965 1.878378 1.001999    
5 38 39 39 5 21 1.859291    955 1.858974 0.999830    
5 40 41 41 5 22 1.847181    947 1.841463 0.996905    
5 42 43 43 5 23 1.821294    938 1.825581 1.002354    
5 44 45 45 5 24 1.795364    925 1.800000 1.002582    
5 46 47 47 5 25 1.764335    907 1.765957 1.000919    
5 48 49 49 5 26 1.752278    901 1.755102 1.001612    
5 50 51 51 5 27 1.739212    892 1.735294 0.997747    
5 52 53 53 5 28 1.713465    882 1.716981 1.002052    
5 54 55 55 5 29 1.711911    878 1.709091 0.998353    
5 56 57 57 5 30 1.696607    870 1.692982 0.997864    
5 58 59 59 5 31 1.683699    866 1.686441 1.001628    
5 60 61 61 5 32 1.677522    863 1.680328 1.001673    
5 62 64 63 5 33 1.671527    860 1.674603 1.001840    
5 65 67 66 5 34 1.651140    848 1.651515 1.000227    
5 68 70 69 5 35 1.636964    841 1.637681 1.000438    
5 71 73 72 5 36 1.626252    834 1.625000 0.999230    
5 74 76 75 5 37 1.613816    828 1.613333 0.999701    
5 77 79 78 5 38 1.600892    822 1.602564 1.001044    
5 80 82 81 5 39 1.581744    811 1.580247 0.999054    
5 83 85 84 5 40 1.578335    809 1.577381 0.999395    
5 86 88 87 5 41 1.568283    805 1.568966 1.000435    
5 89 91 90 5 42 1.563088    801 1.561111 0.998735    
5 92 94 93 5 43 1.549024    794 1.548387 0.999589    
5 95 97 96 5 44 1.540494    791 1.541667 1.000761    
5 98 100 99 5 45 1.536793    788 1.535354 0.999063    
5 101 103 102 5 46 1.519539    780 1.519608 1.000045    
5 104 109 107 5 47 1.508414    774 1.509346 1.000617    
5 110 115 113 5 48 1.490969    765 1.491150 1.000121    
5 116 121 119 5 49 1.478977    759 1.478992 1.000010    
5 122 127 125 5 50 1.472349    755 1.472000 0.999763    
5 128 133 131 5 51 1.472217    756 1.473282 1.000724    
5 134 139 137 5 52 1.453542    745 1.452555 0.999321    
5 140 145 143 5 53 1.444429    741 1.444056 0.999742    
5 146 151 149 5 54 1.439561    738 1.439597 1.000025    
5 152 157 155 5 55 1.432024    734 1.432258 1.000164    
5 158 163 161 5 56 1.424715    731 1.425466 1.000527    
5 164 169 167 5 57 1.423073    729 1.422156 0.999356    
5 170 175 173 5 58 1.415196    726 1.416185 1.000699    
5 176 181 179 5 59 1.410646    723 1.410615 0.999978    
5 182 187 185 5 60 1.410119    723 1.410811 1.000491    
5 188 193 191 5 61 1.408665    722 1.408377 0.999795    
5 194 254 224 5 62 1.377197    706 1.377232 1.000026    
5 255 255 255 5 63 1.356724    695 1.356863 1.000102    
6 0 0 0 6 0 1.000000    512 1.000000 1.000000       # ieta [7], pt 0
6 15 15 15 6 1 2.290002    11263 2.300000 1.004366    
6 16 16 16 6 2 2.257152    10239 2.250000 0.996832    
6 17 17 17 6 3 2.236701    10239 2.235294 0.999371    
6 18 18 18 6 4 2.228388    10239 2.222222 0.997233    
6 19 19 19 6 5 2.192124    9215 2.184211 0.996390    
6 20 20 20 6 6 2.168405    9215 2.175000 1.003041    
6 21 21 21 6 7 2.133868    8191 2.142857 1.004213    
6 22 22 22 6 8 2.109375    7167 2.113636 1.002020    
6 23 23 23 6 9 2.101474    7167 2.108696 1.003436    
6 24 24 24 6 10 2.068025    5119 2.062500 0.997328    
6 25 25 25 6 11 2.048791    4095 2.040000 0.995709    
6 26 26 26 6 12 2.049777    5119 2.057692 1.003862    
6 27 27 27 6 13 2.015610    3071 2.018519 1.001443    
6 28 28 28 6 14 2.000153    2047 2.000000 0.999924    
6 29 29 29 6 15 1.970915    1012 1.965517 0.997261    
6 30 30 30 6 16 1.960732    1011 1.966667 1.003027    
6 31 31 31 6 17 1.947770    1004 1.951613 1.001973    
6 32 33 33 6 18 1.923220    989 1.924242 1.000532    
6 34 35 35 6 19 1.894226    977 1.900000 1.003048    
6 36 37 37 6 20 1.860367    958 1.864865 1.002418    
6 38 39 39 6 21 1.843856    949 1.846154 1.001246    
6 40 41 41 6 22 1.831848    940 1.829268 0.998592    
6 42 43 43 6 23 1.806175    926 1.802326 0.997869    
6 44 45 45 6 24 1.780461    913 1.777778 0.998493    
6 46 47 47 6 25 1.749690    897 1.744681 0.997137    
6 48 49 49 6 26 1.737732    891 1.734694 0.998252    
6 50 51 51 6 27 1.724775    886 1.725490 1.000415    
6 52 53 53 6 28 1.697264    872 1.698113 1.000500    
6 54 55 55 6 29 1.695724    873 1.700000 1.002522    
6 56 57 57 6 30 1.680178    865 1.684211 1.002400    
6 58 59 59 6 31 1.667162    857 1.669492 1.001397    
6 60 61 61 6 32 1.661010    854 1.663934 1.001761    
6 62 64 63 6 33 1.654993    852 1.658730 1.002258    
6 65 67 66 6 34 1.634807    840 1.636364 1.000952    
6 68 70 69 6 35 1.620903    833 1.623188 1.001410    
6 71 73 72 6 36 1.610296    827 1.611111 1.000506    
6 74 76 75 6 37 1.597982    821 1.600000 1.001263    
6 77 79 78 6 38 1.584543    812 1.583333 0.999237    
6 80 82 81 6 39 1.565271    804 1.567901 1.001680    
6 83 85 84 6 40 1.559784    800 1.559524 0.999833    
6 86 88 87 6 41 1.548425    793 1.545977 0.998419    
6 89 91 90 6 42 1.543296    792 1.544444 1.000744    
6 92 94 93 6 43 1.529409    784 1.526882 0.998347    
6 95 97 96 6 44 1.520988    780 1.520833 0.999898    
6 98 100 99 6 45 1.517468    777 1.515152 0.998473    
6 101 103 102 6 46 1.501373    769 1.500000 0.999085    
6 104 109 107 6 47 1.490818    765 1.490654 0.999890    
6 110 115 113 6 48 1.473576    756 1.473451 0.999915    
6 116 121 119 6 49 1.461956    750 1.462185 1.000157    
6 122 127 125 6 50 1.455519    747 1.456000 1.000331    
6 128 133 131 6 51 1.455388    746 1.454198 0.999183    
6 134 139 137 6 52 1.436927    738 1.437956 1.000716    
6 140 145 143 6 53 1.427918    732 1.426573 0.999058    
6 146 151 149 6 54 1.423235    730 1.422819 0.999708    
6 152 157 155 6 55 1.415911    726 1.416129 1.000154    
6 158 163 161 6 56 1.408685    723 1.409938 1.000889    
6 164 169 167 6 57 1.407061    722 1.407186 1.000088    
6 170 175 173 6 58 1.399273    717 1.398844 0.999693    
6 176 181 179 6 59 1.394892    715 1.393855 0.999256    
6 182 187 185 6 60 1.394489    715 1.394595 1.000076    
6 188 193 191 6 61 1.393052    714 1.392670 0.999726    
6 194 254 224 6 62 1.361840    698 1.361607 0.999829    
6 255 255 255 6 63 1.341389    687 1.341176 0.999841    
7 0 0 0 7 0 1.000000    512 1.000000 1.000000       # ieta [8], pt 0
7 15 15 15 7 1 2.279069    10239 2.266667 0.994558    
7 16 16 16 7 2 2.248207    10239 2.250000 1.000797    
7 17 17 17 7 3 2.227837    10239 2.235294 1.003347    
7 18 18 18 7 4 2.219558    10239 2.222222 1.001200    
7 19 19 19 7 5 2.183437    9215 2.184211 1.000354    
7 20 20 20 7 6 2.159813    8191 2.150000 0.995457    
7 21 21 21 7 7 2.125412    7167 2.119048 0.997006    
7 22 22 22 7 8 2.101641    6143 2.090909 0.994894    
7 23 23 23 7 9 2.095124    6143 2.086957 0.996102    
7 24 24 24 7 10 2.062454    5119 2.062500 1.000022    
7 25 25 25 7 11 2.043272    4095 2.040000 0.998399    
7 26 26 26 7 12 2.044255    4095 2.038462 0.997166    
7 27 27 27 7 13 2.010022    3071 2.018519 1.004227    
7 28 28 28 7 14 1.991921    2043 2.000000 1.004056    
7 29 29 29 7 15 1.962803    1011 1.965517 1.001383    
7 30 30 30 7 16 1.955587    1004 1.950000 0.997143    
7 31 31 31 7 17 1.942660    997 1.935484 0.996306    
7 32 33 33 7 18 1.918173    989 1.924242 1.003164    
7 34 35 35 7 19 1.889255    970 1.885714 0.998126    
7 36 37 37 7 20 1.855092    952 1.851351 0.997984    
7 38 39 39 7 21 1.839030    943 1.833333 0.996902    
7 40 41 41 7 22 1.827845    940 1.829268 1.000779    
7 42 43 43 7 23 1.802229    926 1.802326 1.000054    
7 44 45 45 7 24 1.775748    913 1.777778 1.001143    
7 46 47 47 7 25 1.745059    896 1.744681 0.999784    
7 48 49 49 7 26 1.732133    891 1.734694 1.001478    
7 50 51 51 7 27 1.719218    882 1.715686 0.997946    
7 52 53 53 7 28 1.692414    868 1.688679 0.997793    
7 54 55 55 7 29 1.690879    868 1.690909 1.000018    
7 56 57 57 7 30 1.674781    860 1.675439 1.000392    
7 58 59 59 7 31 1.661213    853 1.661017 0.999882    
7 60 61 61 7 32 1.655083    850 1.655738 1.000396    
7 62 64 63 7 33 1.649088    848 1.650794 1.001034    
7 65 67 66 7 34 1.627935    836 1.628788 1.000524    
7 68 70 69 7 35 1.613782    830 1.615942 1.001338    
7 71 73 72 7 36 1.602474    823 1.604167 1.001056    
7 74 76 75 7 37 1.589741    814 1.586667 0.998066    
7 77 79 78 7 38 1.574068    809 1.576923 1.001814    
7 80 82 81 7 39 1.554254    798 1.555556 1.000837    
7 83 85 84 7 40 1.544412    791 1.541667 0.998223    
7 86 88 87 7 41 1.533411    787 1.534483 1.000699    
7 89 91 90 7 42 1.528115    784 1.527778 0.999780    
7 92 94 93 7 43 1.513841    778 1.516129 1.001511    
7 95 97 96 7 44 1.504460    772 1.505208 1.000498    
7 98 100 99 7 45 1.500978    769 1.500000 0.999348    
7 101 103 102 7 46 1.485058    762 1.485294 1.000159    
7 104 109 107 7 47 1.474670    758 1.476636 1.001333    
7 110 115 113 7 48 1.457877    747 1.455752 0.998542    
7 116 121 119 7 49 1.446584    742 1.445378 0.999166    
7 122 127 125 7 50 1.440317    739 1.440000 0.999780    
7 128 133 131 7 51 1.440188    738 1.438931 0.999128    
7 134 139 137 7 52 1.421919    730 1.423358 1.001012    
7 140 145 143 7 53 1.413004    725 1.412587 0.999705    
7 146 151 149 7 54 1.408370    723 1.409396 1.000728    
7 152 157 155 7 55 1.401123    718 1.400000 0.999198    
7 158 163 161 7 56 1.393972    715 1.394410 1.000314    
7 164 169 167 7 57 1.392365    714 1.392216 0.999893    
7 170 175 173 7 58 1.384659    710 1.384393 0.999808    
7 176 181 179 7 59 1.380323    707 1.379888 0.999685    
7 182 187 185 7 60 1.379925    708 1.381081 1.000838    
7 188 193 191 7 61 1.378502    707 1.379581 1.000783    
7 194 254 224 7 62 1.347617    691 1.348214 1.000443    
7 255 255 255 7 63 1.327379    680 1.327451 1.000054    
8 0 0 0 8 0 1.000000    512 1.000000 1.000000       # ieta [9], pt 0
8 15 15 15 8 1 2.279069    10239 2.266667 0.994558    
8 16 16 16 8 2 2.248207    10239 2.250000 1.000797    
8 17 17 17 8 3 2.227837    10239 2.235294 1.003347    
8 18 18 18 8 4 2.219558    10239 2.222222 1.001200    
8 19 19 19 8 5 2.183437    9215 2.184211 1.000354    
8 20 20 20 8 6 2.159813    8191 2.150000 0.995457    
8 21 21 21 8 7 2.125412    7167 2.119048 0.997006    
8 22 22 22 8 8 2.101641    6143 2.090909 0.994894    
8 23 23 23 8 9 2.095124    6143 2.086957 0.996102    
8 24 24 24 8 10 2.062454    5119 2.062500 1.000022    
8 25 25 25 8 11 2.043272    4095 2.040000 0.998399    
8 26 26 26 8 12 2.044255    4095 2.038462 0.997166    
8 27 27 27 8 13 2.010022    3071 2.018519 1.004227    
8 28 28 28 8 14 1.991921    2043 2.000000 1.004056    
8 29 29 29 8 15 1.962803    1011 1.965517 1.001383    
8 30 30 30 8 16 1.955587    1004 1.950000 0.997143    
8 31 31 31 8 17 1.942660    997 1.935484 0.996306    
8 32 33 33 8 18 1.918173    989 1.924242 1.003164    
8 34 35 35 8 19 1.889255    970 1.885714 0.998126    
8 36 37 37 8 20 1.855092    952 1.851351 0.997984    
8 38 39 39 8 21 1.839030    943 1.833333 0.996902    
8 40 41 41 8 22 1.827845    940 1.829268 1.000779    
8 42 43 43 8 23 1.802229    926 1.802326 1.000054    
8 44 45 45 8 24 1.775748    913 1.777778 1.001143    
8 46 47 47 8 25 1.745059    896 1.744681 0.999784    
8 48 49 49 8 26 1.732133    891 1.734694 1.001478    
8 50 51 51 8 27 1.719218    882 1.715686 0.997946    
8 52 53 53 8 28 1.692414    868 1.688679 0.997793    
8 54 55 55 8 29 1.690879    868 1.690909 1.000018    
8 56 57 57 8 30 1.674781    860 1.675439 1.000392    
8 58 59 59 8 31 1.661213    853 1.661017 0.999882    
8 60 61 61 8 32 1.655083    850 1.655738 1.000396    
8 62 64 63 8 33 1.649088    848 1.650794 1.001034    
8 65 67 66 8 34 1.627935    836 1.628788 1.000524    
8 68 70 69 8 35 1.613422    830 1.615942 1.001562    
8 71 73 72 8 36 1.602117    823 1.604167 1.001280    
8 74 76 75 8 37 1.589386    814 1.586667 0.998289    
8 77 79 78 8 38 1.573717    806 1.570513 0.997964    
8 80 82 81 8 39 1.553908    798 1.555556 1.001060    
8 83 85 84 8 40 1.544067    791 1.541667 0.998445    
8 86 88 87 8 41 1.533069    787 1.534483 1.000922    
8 89 91 90 8 42 1.527774    784 1.527778 1.000003    
8 92 94 93 8 43 1.513504    778 1.516129 1.001735    
8 95 97 96 8 44 1.504124    772 1.505208 1.000721    
8 98 100 99 8 45 1.500644    769 1.500000 0.999571    
8 101 103 102 8 46 1.484726    762 1.485294 1.000382    
8 104 109 107 8 47 1.474341    758 1.476636 1.001557    
8 110 115 113 8 48 1.457552    747 1.455752 0.998765    
8 116 121 119 8 49 1.446261    742 1.445378 0.999389    
8 122 127 125 8 50 1.439996    739 1.440000 1.000003    
8 128 133 131 8 51 1.439866    738 1.438931 0.999351    
8 134 139 137 8 52 1.421602    730 1.423358 1.001235    
8 140 145 143 8 53 1.412689    725 1.412587 0.999928    
8 146 151 149 8 54 1.408056    723 1.409396 1.000952    
8 152 157 155 8 55 1.400811    718 1.400000 0.999421    
8 158 163 161 8 56 1.393661    715 1.394410 1.000537    
8 164 169 167 8 57 1.392055    714 1.392216 1.000116    
8 170 175 173 8 58 1.384350    710 1.384393 1.000031    
8 176 181 179 8 59 1.380015    707 1.379888 0.999908    
8 182 187 185 8 60 1.379617    707 1.378378 0.999102    
8 188 193 191 8 61 1.378195    706 1.376963 0.999106    
8 194 254 224 8 62 1.348077    691 1.348214 1.000102    
8 255 255 255 8 63 1.327083    680 1.327451 1.000277    
9 0 0 0 9 0 1.000000    512 1.000000 1.000000       # ieta [10], pt 0
9 15 15 15 9 1 2.385997    14335 2.400000 1.005869    
9 16 16 16 9 2 2.343201    13311 2.343750 1.000234    
9 17 17 17 9 3 2.317681    13311 2.323529 1.002523    
9 18 18 18 9 4 2.287635    12287 2.277778 0.995691    
9 19 19 19 9 5 2.248726    11263 2.236842 0.994715    
9 20 20 20 9 6 2.213008    11263 2.225000 1.005419    
9 21 21 21 9 7 2.171116    9215 2.166667 0.997951    
9 22 22 22 9 8 2.147903    9215 2.159091 1.005209    
9 23 23 23 9 9 2.138487    8191 2.130435 0.996235    
9 24 24 24 9 10 2.094625    7167 2.104167 1.004555    
9 25 25 25 9 11 2.067625    5119 2.060000 0.996312    
9 26 26 26 9 12 2.068620    6143 2.076923 1.004014    
9 27 27 27 9 13 2.031419    4095 2.037037 1.002766    
9 28 28 28 9 14 2.004438    2047 2.000000 0.997786    
9 29 29 29 9 15 1.975137    1020 1.982759 1.003859    
9 30 30 30 9 16 1.974816    1013 1.966667 0.995873    
9 31 31 31 9 17 1.960156    1012 1.967742 1.003870    
9 32 33 33 9 18 1.940027    997 1.939394 0.999674    
9 34 35 35 9 19 1.912590    984 1.914286 1.000886    
9 36 37 37 9 20 1.874151    965 1.878378 1.002256    
9 38 39 39 9 21 1.858774    955 1.858974 1.000108    
9 40 41 41 9 22 1.845879    947 1.841463 0.997608    
9 42 43 43 9 23 1.822694    938 1.825581 1.001584    
9 44 45 45 9 24 1.791507    919 1.788889 0.998539    
9 46 47 47 9 25 1.761164    907 1.765957 1.002722    
9 48 49 49 9 26 1.749289    897 1.744898 0.997490    
9 50 51 51 9 27 1.737117    891 1.735294 0.998950    
9 52 53 53 9 28 1.716889    882 1.716981 1.000053    
9 54 55 55 9 29 1.715332    882 1.718182 1.001661    
9 56 57 57 9 30 1.700255    874 1.701754 1.000882    
9 58 59 59 9 31 1.687201    866 1.686441 0.999550    
9 60 61 61 9 32 1.680445    863 1.680328 0.999930    
9 62 64 63 9 33 1.672075    860 1.674603 1.001512    
9 65 67 66 9 34 1.645376    844 1.643939 0.999127    
9 68 70 69 9 35 1.626022    833 1.623188 0.998257    
9 71 73 72 9 36 1.615987    830 1.618056 1.001280    
9 74 76 75 9 37 1.603629    825 1.606667 1.001894    
9 77 79 78 9 38 1.590321    816 1.589744 0.999637    
9 80 82 81 9 39 1.569939    804 1.567901 0.998702    
9 83 85 84 9 40 1.563882    803 1.565476 1.001019    
9 86 88 87 9 41 1.552884    796 1.551724 0.999253    
9 89 91 90 9 42 1.547520    795 1.550000 1.001603    
9 92 94 93 9 43 1.533885    786 1.532258 0.998939    
9 95 97 96 9 44 1.526017    783 1.526042 1.000016    
9 98 100 99 9 45 1.522486    780 1.520202 0.998500    
9 101 103 102 9 46 1.506176    772 1.504902 0.999154    
9 104 109 107 9 47 1.495430    767 1.495327 0.999931    
9 110 115 113 9 48 1.478087    758 1.477876 0.999857    
9 116 121 119 9 49 1.466402    752 1.466387 0.999989    
9 122 127 125 9 50 1.459976    749 1.460000 1.000016    
9 128 133 131 9 51 1.459845    748 1.458015 0.998747    
9 134 139 137 9 52 1.441327    739 1.441606 1.000193    
9 140 145 143 9 53 1.432291    735 1.433566 1.000891    
9 146 151 149 9 54 1.427384    731 1.426174 0.999153    
9 152 157 155 9 55 1.419659    728 1.419355 0.999786    
9 158 163 161 9 56 1.411564    725 1.413043 1.001048    
9 164 169 167 9 57 1.409936    723 1.410180 1.000173    
9 170 175 173 9 58 1.402132    719 1.401734 0.999716    
9 176 181 179 9 59 1.397552    716 1.396648 0.999353    
9 182 187 185 9 60 1.396759    716 1.397297 1.000385    
9 188 193 191 9 61 1.394923    715 1.395288 1.000261    
9 194 254 224 9 62 1.361514    698 1.361607 1.000068    
9 255 255 255 9 63 1.339821    686 1.339216 0.999548    
10 0 0 0 10 0 1.000000    512 1.000000 1.000000       # ieta [11], pt 0
10 15 15 15 10 1 2.386400    14335 2.400000 1.005699    
10 16 16 16 10 2 2.343597    13311 2.343750 1.000065    
10 17 17 17 10 3 2.318073    13311 2.323529 1.002354    
10 18 18 18 10 4 2.288022    12287 2.277778 0.995523    
10 19 19 19 10 5 2.249106    11263 2.236842 0.994547    
10 20 20 20 10 6 2.213382    11263 2.225000 1.005249    
10 21 21 21 10 7 2.174776    9215 2.166667 0.996271    
10 22 22 22 10 8 2.151523    9215 2.159091 1.003517    
10 23 23 23 10 9 2.142091    9215 2.152174 1.004707    
10 24 24 24 10 10 2.099295    7167 2.104167 1.002320    
10 25 25 25 10 11 2.072235    6143 2.080000 1.003747    
10 26 26 26 10 12 2.073232    6143 2.076923 1.001780    
10 27 27 27 10 13 2.035948    4095 2.037037 1.000535    
10 28 28 28 10 14 2.008907    2047 2.000000 0.995566    
10 29 29 29 10 15 1.981051    1020 1.982759 1.000862    
10 30 30 30 10 16 1.980729    1020 1.983333 1.001315    
10 31 31 31 10 17 1.966025    1012 1.967742 1.000873    
10 32 33 33 10 18 1.948851    1005 1.954545 1.002922    
10 34 35 35 10 19 1.922085    991 1.928571 1.003375    
10 36 37 37 10 20 1.881309    966 1.878378 0.998442    
10 38 39 39 10 21 1.865477    962 1.871795 1.003387    
10 40 41 41 10 22 1.852143    953 1.853659 1.000818    
10 42 43 43 10 23 1.827225    938 1.825581 0.999100    
10 44 45 45 10 24 1.794329    920 1.788889 0.996968    
10 46 47 47 10 25 1.772648    913 1.776596 1.002227    
10 48 49 49 10 26 1.758916    902 1.755102 0.997831    
10 50 51 51 10 27 1.746677    896 1.745098 0.999096    
10 52 53 53 10 28 1.725401    886 1.726415 1.000588    
10 54 55 55 10 29 1.723836    887 1.727273 1.001994    
10 56 57 57 10 30 1.707897    878 1.710526 1.001540    
10 58 59 59 10 31 1.694783    870 1.694915 1.000078    
10 60 61 61 10 32 1.687997    867 1.688525 1.000312    
10 62 64 63 10 33 1.679589    864 1.682540 1.001757    
10 65 67 66 10 34 1.647077    844 1.643939 0.998095    
10 68 70 69 10 35 1.624475    833 1.623188 0.999208    
10 71 73 72 10 36 1.614259    827 1.611111 0.998050    
10 74 76 75 10 37 1.601915    821 1.600000 0.998805    
10 77 79 78 10 38 1.588621    816 1.589744 1.000707    
10 80 82 81 10 39 1.568261    804 1.567901 0.999771    
10 83 85 84 10 40 1.562210    800 1.559524 0.998281    
10 86 88 87 10 41 1.551462    796 1.551724 1.000169    
10 89 91 90 10 42 1.546579    792 1.544444 0.998620    
10 92 94 93 10 43 1.532952    786 1.532258 0.999547    
10 95 97 96 10 44 1.525089    783 1.526042 1.000624    
10 98 100 99 10 45 1.521560    780 1.520202 0.999107    
10 101 103 102 10 46 1.505260    772 1.504902 0.999762    
10 104 109 107 10 47 1.494521    767 1.495327 1.000539    
10 110 115 113 10 48 1.477188    758 1.477876 1.000466    
10 116 121 119 10 49 1.465510    752 1.466387 1.000598    
10 122 127 125 10 50 1.459088    749 1.460000 1.000625    
10 128 133 131 10 51 1.458957    748 1.458015 0.999354    
10 134 139 137 10 52 1.440450    739 1.441606 1.000802    
10 140 145 143 10 53 1.431420    733 1.430070 0.999057    
10 146 151 149 10 54 1.426516    731 1.426174 0.999761    
10 152 157 155 10 55 1.418796    728 1.419355 1.000394    
10 158 163 161 10 56 1.411484    723 1.409938 0.998905    
10 164 169 167 10 57 1.409857    723 1.410180 1.000229    
10 170 175 173 10 58 1.401280    719 1.401734 1.000324    
10 176 181 179 10 59 1.396702    716 1.396648 0.999962    
10 182 187 185 10 60 1.395910    715 1.394595 0.999058    
10 188 193 191 10 61 1.394075    715 1.395288 1.000870    
10 194 254 224 10 62 1.360066    697 1.359375 0.999492    
10 255 255 255 10 63 1.339006    686 1.339216 1.000156    
11 0 0 0 11 0 1.000000    512 1.000000 1.000000       # ieta [12], pt 0
11 15 15 15 11 1 2.431753    15359 2.433333 1.000650    
11 16 16 16 11 2 2.368372    14335 2.375000 1.002799    
11 17 17 17 11 3 2.337731    13311 2.323529 0.993925    
11 18 18 18 11 4 2.307425    13311 2.305556 0.999190    
11 19 19 19 11 5 2.300275    13311 2.289474 0.995304    
11 20 20 20 11 6 2.265388    13311 2.275000 1.004243    
11 21 21 21 11 7 2.225875    11263 2.214286 0.994793    
11 22 22 22 11 8 2.211302    11263 2.204545 0.996944    
11 23 23 23 11 9 2.178262    10239 2.173913 0.998003    
11 24 24 24 11 10 2.155132    9215 2.145833 0.995685    
11 25 25 25 11 11 2.126029    8191 2.120000 0.997164    
11 26 26 26 11 12 2.127052    9215 2.134615 1.003556    
11 27 27 27 11 13 2.099189    7167 2.092593 0.996857    
11 28 28 28 11 14 2.082336    7167 2.089286 1.003337    
11 29 29 29 11 15 2.038628    4095 2.034483 0.997967    
11 30 30 30 11 16 2.038296    4095 2.033333 0.997565    
11 31 31 31 11 17 2.001924    2047 2.000000 0.999039    
11 32 33 33 11 18 1.990135    1021 1.984848 0.997344    
11 34 35 35 11 19 1.957950    1006 1.957143 0.999588    
11 36 37 37 11 20 1.910878    980 1.905405 0.997136    
11 38 39 39 11 21 1.893343    975 1.897436 1.002162    
11 40 41 41 11 22 1.872503    965 1.878049 1.002962    
11 42 43 43 11 23 1.849061    950 1.848837 0.999879    
11 44 45 45 11 24 1.815247    931 1.811111 0.997722    
11 46 47 47 11 25 1.802311    924 1.797872 0.997537    
11 48 49 49 11 26 1.788350    917 1.785714 0.998526    
11 50 51 51 11 27 1.770255    911 1.774510 1.002403    
11 52 53 53 11 28 1.743041    896 1.745283 1.001286    
11 54 55 55 11 29 1.741460    896 1.745455 1.002294    
11 56 57 57 11 30 1.718862    883 1.719298 1.000254    
11 58 59 59 11 31 1.708780    879 1.711864 1.001805    
11 60 61 61 11 32 1.701938    875 1.704918 1.001751    
11 62 64 63 11 33 1.693461    868 1.690476 0.998238    
11 65 67 66 11 34 1.660013    852 1.659091 0.999444    
11 68 70 69 11 35 1.632057    837 1.630435 0.999006    
11 71 73 72 11 36 1.622430    834 1.625000 1.001584    
11 74 76 75 11 37 1.614932    828 1.613333 0.999010    
11 77 79 78 11 38 1.606663    826 1.608974 1.001439    
11 80 82 81 11 39 1.590314    817 1.592593 1.001433    
11 83 85 84 11 40 1.584178    812 1.583333 0.999467    
11 86 88 87 11 41 1.573077    808 1.574713 1.001040    
11 89 91 90 11 42 1.568957    804 1.566667 0.998540    
11 92 94 93 11 43 1.556724    800 1.559140 1.001552    
11 95 97 96 11 44 1.550108    796 1.552083 1.001274    
11 98 100 99 11 45 1.547206    793 1.545455 0.998868    
11 101 103 102 11 46 1.536494    787 1.534314 0.998581    
11 104 109 107 11 47 1.528903    784 1.528037 0.999434    
11 110 115 113 11 48 1.508085    774 1.508850 1.000507    
11 116 121 119 11 49 1.496177    767 1.495798 0.999747    
11 122 127 125 11 50 1.489090    763 1.488000 0.999268    
11 128 133 131 11 51 1.487514    764 1.488550 1.000696    
11 134 139 137 11 52 1.468374    753 1.467153 0.999169    
11 140 145 143 11 53 1.459623    748 1.458042 0.998917    
11 146 151 149 11 54 1.453609    745 1.453020 0.999595    
11 152 157 155 11 55 1.445422    741 1.445161 0.999820    
11 158 163 161 11 56 1.437716    737 1.437888 1.000119    
11 164 169 167 11 57 1.433320    735 1.434132 1.000566    
11 170 175 173 11 58 1.425469    731 1.424855 0.999569    
11 176 181 179 11 59 1.421684    729 1.421788 1.000073    
11 182 187 185 11 60 1.420878    729 1.421622 1.000524    
11 188 193 191 11 61 1.418370    727 1.418848 1.000337    
11 194 254 224 11 62 1.380010    707 1.379464 0.999604    
11 255 255 255 11 63 1.359396    696 1.358824 0.999579    
12 0 0 0 12 0 1.000000    512 1.000000 1.000000       # ieta [13], pt 0
12 15 15 15 12 1 2.544922    18431 2.533333 0.995447    
12 16 16 16 12 2 2.480510    17407 2.468750 0.995259    
12 17 17 17 12 3 2.444951    17407 2.441176 0.998456    
12 18 18 18 12 4 2.410903    17407 2.416667 1.002391    
12 19 19 19 12 5 2.379916    16383 2.368421 0.995170    
12 20 20 20 12 6 2.351368    16383 2.350000 0.999418    
12 21 21 21 12 7 2.333664    16383 2.333333 0.999858    
12 22 22 22 12 8 2.297985    15359 2.295455 0.998899    
12 23 23 23 12 9 2.263650    14335 2.260870 0.998772    
12 24 24 24 12 10 2.239613    14335 2.250000 1.004638    
12 25 25 25 12 11 2.204792    12287 2.200000 0.997827    
12 26 26 26 12 12 2.205852    13311 2.211538 1.002578    
12 27 27 27 12 13 2.174004    11263 2.166667 0.996625    
12 28 28 28 12 14 2.136426    10239 2.142857 1.003010    
12 29 29 29 12 15 2.091449    7167 2.086207 0.997494    
12 30 30 30 12 16 2.091109    7167 2.083333 0.996282    
12 31 31 31 12 17 2.071885    6143 2.064516 0.996443    
12 32 33 33 12 18 2.046969    5119 2.045455 0.999260    
12 34 35 35 12 19 2.018237    3071 2.014286 0.998042    
12 36 37 37 12 20 1.986181    1021 1.986486 1.000154    
12 38 39 39 12 21 1.963088    1008 1.961538 0.999211    
12 40 41 41 12 22 1.925834    990 1.926829 1.000517    
12 42 43 43 12 23 1.897654    974 1.895349 0.998785    
12 44 45 45 12 24 1.862933    959 1.866667 1.002004    
12 46 47 47 12 25 1.850001    951 1.851064 1.000574    
12 48 49 49 12 26 1.840936    944 1.836735 0.997718    
12 50 51 51 12 27 1.828901    941 1.833333 1.002423    
12 52 53 53 12 28 1.811022    930 1.811321 1.000165    
12 54 55 55 12 29 1.809380    929 1.809091 0.999840    
12 56 57 57 12 30 1.773303    910 1.771930 0.999226    
12 58 59 59 12 31 1.764917    905 1.762712 0.998751    
12 60 61 61 12 32 1.749152    897 1.745902 0.998142    
12 62 64 63 12 33 1.734475    892 1.738095 1.002087    
12 65 67 66 12 34 1.702557    875 1.704545 1.001168    
12 68 70 69 12 35 1.675552    859 1.673913 0.999022    
12 71 73 72 12 36 1.665874    855 1.666667 1.000476    
12 74 76 75 12 37 1.661847    852 1.660000 0.998888    
12 77 79 78 12 38 1.656190    849 1.653846 0.998585    
12 80 82 81 12 39 1.646109    846 1.648148 1.001239    
12 83 85 84 12 40 1.641378    843 1.642857 1.000901    
12 86 88 87 12 41 1.616989    828 1.614943 0.998734    
12 89 91 90 12 42 1.612694    826 1.611111 0.999018    
12 92 94 93 12 43 1.604087    822 1.602151 0.998793    
12 95 97 96 12 44 1.590703    815 1.588542 0.998641    
12 98 100 99 12 45 1.585091    813 1.585859 1.000484    
12 101 103 102 12 46 1.577209    810 1.578431 1.000775    
12 104 109 107 12 47 1.570375    805 1.570093 0.999821    
12 110 115 113 12 48 1.552068    797 1.553097 1.000663    
12 116 121 119 12 49 1.542062    791 1.542017 0.999971    
12 122 127 125 12 50 1.533164    786 1.532000 0.999241    
12 128 133 131 12 51 1.529496    785 1.530534 1.000679    
12 134 139 137 12 52 1.515262    777 1.514599 0.999562    
12 140 145 143 12 53 1.505211    771 1.503497 0.998861    
12 146 151 149 12 54 1.492566    766 1.493289 1.000484    
12 152 157 155 12 55 1.483458    761 1.483871 1.000278    
12 158 163 161 12 56 1.472039    755 1.472050 1.000007    
12 164 169 167 12 57 1.465536    751 1.464072 0.999001    
12 170 175 173 12 58 1.459116    748 1.459538 1.000289    
12 176 181 179 12 59 1.456852    747 1.458101 1.000857    
12 182 187 185 12 60 1.456025    747 1.456757 1.000502    
12 188 193 191 12 61 1.454503    746 1.455497 1.000683    
12 194 254 224 12 62 1.423432    730 1.424107 1.000474    
12 255 255 255 12 63 1.404353    719 1.403922 0.999692    
13 0 0 0 13 0 1.000000    512 1.000000 1.000000       # ieta [14], pt 0
13 15 15 15 13 1 2.589094    20479 2.600000 1.004212    
13 16 16 16 13 2 2.558038    20479 2.562500 1.001744    
13 17 17 17 13 3 2.534467    20479 2.529412 0.998005    
13 18 18 18 13 4 2.508696    20479 2.500000 0.996534    
13 19 19 19 13 5 2.480540    20479 2.473684 0.997236    
13 20 20 20 13 6 2.438798    20479 2.450000 1.004593    
13 21 21 21 13 7 2.415744    19455 2.404762 0.995454    
13 22 22 22 13 8 2.374710    18431 2.363636 0.995337    
13 23 23 23 13 9 2.341242    18431 2.347826 1.002812    
13 24 24 24 13 10 2.325618    18431 2.333333 1.003317    
13 25 25 25 13 11 2.263400    15359 2.260000 0.998498    
13 26 26 26 13 12 2.264489    16383 2.269231 1.002094    
13 27 27 27 13 13 2.232459    15359 2.240741 1.003710    
13 28 28 28 13 14 2.210051    14335 2.214286 1.001916    
13 29 29 29 13 15 2.169275    12287 2.172414 1.001447    
13 30 30 30 13 16 2.159618    12287 2.166667 1.003264    
13 31 31 31 13 17 2.133580    10239 2.129032 0.997869    
13 32 33 33 13 18 2.098146    8191 2.090909 0.996551    
13 34 35 35 13 19 2.062891    6143 2.057143 0.997214    
13 36 37 37 13 20 2.034420    5119 2.040541 1.003008    
13 38 39 39 13 21 2.005207    2047 2.000000 0.997403    
13 40 41 41 13 22 1.964811    1009 1.963415 0.999289    
13 42 43 43 13 23 1.944504    998 1.941860 0.998640    
13 44 45 45 13 24 1.917680    987 1.922222 1.002369    
13 46 47 47 13 25 1.901310    978 1.904255 1.001549    
13 48 49 49 13 26 1.888529    969 1.887755 0.999590    
13 50 51 51 13 27 1.878636    966 1.882353 1.001979    
13 52 53 53 13 28 1.857706    954 1.858491 1.000422    
13 54 55 55 13 29 1.856021    952 1.854545 0.999205    
13 56 57 57 13 30 1.837782    946 1.842105 1.002352    
13 58 59 59 13 31 1.813346    931 1.813559 1.000118    
13 60 61 61 13 32 1.802373    926 1.803279 1.000502    
13 62 64 63 13 33 1.791009    921 1.793651 1.001475    
13 65 67 66 13 34 1.769167    910 1.772727 1.002012    
13 68 70 69 13 35 1.742831    896 1.746377 1.002034    
13 71 73 72 13 36 1.736596    891 1.736111 0.999721    
13 74 76 75 13 37 1.732398    889 1.733333 1.000540    
13 77 79 78 13 38 1.717843    881 1.717949 1.000061    
13 80 82 81 13 39 1.704344    874 1.703704 0.999624    
13 83 85 84 13 40 1.699445    873 1.702381 1.001727    
13 86 88 87 13 41 1.673270    858 1.672414 0.999488    
13 89 91 90 13 42 1.667698    855 1.666667 0.999381    
13 92 94 93 13 43 1.656673    849 1.655914 0.999542    
13 95 97 96 13 44 1.644524    844 1.645833 1.000796    
13 98 100 99 13 45 1.638723    840 1.636364 0.998560    
13 101 103 102 13 46 1.638844    840 1.637255 0.999030    
13 104 109 107 13 47 1.631128    836 1.630841 0.999824    
13 110 115 113 13 48 1.610143    826 1.610619 1.000296    
13 116 121 119 13 49 1.602199    821 1.600840 0.999152    
13 122 127 125 13 50 1.597185    819 1.596000 0.999258    
13 128 133 131 13 51 1.579803    810 1.580153 1.000221    
13 134 139 137 13 52 1.562923    801 1.562044 0.999437    
13 140 145 143 13 53 1.550063    794 1.548951 0.999283    
13 146 151 149 13 54 1.542496    792 1.543624 1.000731    
13 152 157 155 13 55 1.533211    786 1.532258 0.999379    
13 158 163 161 13 56 1.520463    780 1.521739 1.000839    
13 164 169 167 13 57 1.514615    777 1.514970 1.000234    
13 170 175 173 13 58 1.512743    775 1.511561 0.999218    
13 176 181 179 13 59 1.512386    775 1.511173 0.999198    
13 182 187 185 13 60 1.511529    774 1.510811 0.999525    
13 188 193 191 13 61 1.510704    774 1.510471 0.999846    
13 194 254 224 13 62 1.481103    759 1.482143 1.000702    
13 255 255 255 13 63 1.461972    749 1.462745 1.000529    
14 0 0 0 14 0 1.000000    512 1.000000 1.000000       # ieta [15], pt 0
14 15 15 15 14 1 2.593000    20479 2.600000 1.002699    
14 16 16 16 14 2 2.562851    20479 2.562500 0.999863    
14 17 17 17 14 3 2.542848    20479 2.529412 0.994716    
14 18 18 18 14 4 2.523087    21503 2.527778 1.001859    
14 19 19 19 14 5 2.494770    21503 2.500000 1.002096    
14 20 20 20 14 6 2.448929    20479 2.450000 1.000437    
14 21 21 21 14 7 2.434456    20479 2.428571 0.997583    
14 22 22 22 14 8 2.392086    19455 2.386364 0.997608    
14 23 23 23 14 9 2.368556    19455 2.369565 1.000426    
14 24 24 24 14 10 2.361368    19455 2.354167 0.996950    
14 25 25 25 14 11 2.311306    18431 2.320000 1.003762    
14 26 26 26 14 12 2.312418    18431 2.307692 0.997957    
14 27 27 27 14 13 2.286896    17407 2.277778 0.996013    
14 28 28 28 14 14 2.272580    17407 2.267857 0.997922    
14 29 29 29 14 15 2.232999    16383 2.241379 1.003753    
14 30 30 30 14 16 2.223059    15359 2.216667 0.997125    
14 31 31 31 14 17 2.194637    14335 2.193548 0.999504    
14 32 33 33 14 18 2.157488    12287 2.151515 0.997232    
14 34 35 35 14 19 2.129595    11263 2.128571 0.999519    
14 36 37 37 14 20 2.090725    9215 2.094595 1.001851    
14 38 39 39 14 21 2.058665    7167 2.064103 1.002641    
14 40 41 41 14 22 2.017383    3071 2.012195 0.997429    
14 42 43 43 14 23 1.990669    1021 1.988372 0.998846    
14 44 45 45 14 24 1.961974    1010 1.966667 1.002392    
14 46 47 47 14 25 1.936182    994 1.936170 0.999994    
14 48 49 49 14 26 1.920511    985 1.918367 0.998884    
14 50 51 51 14 27 1.912942    981 1.911765 0.999385    
14 52 53 53 14 28 1.891630    973 1.896226 1.002430    
14 54 55 55 14 29 1.888679    971 1.890909 1.001181    
14 56 57 57 14 30 1.863623    955 1.859649 0.997868    
14 58 59 59 14 31 1.846049    948 1.847458 1.000763    
14 60 61 61 14 32 1.835370    943 1.836066 1.000379    
14 62 64 63 14 33 1.824461    937 1.825397 1.000513    
14 65 67 66 14 34 1.809468    929 1.810606 1.000629    
14 68 70 69 14 35 1.783565    915 1.782609 0.999464    
14 71 73 72 14 36 1.775448    912 1.777778 1.001312    
14 74 76 75 14 37 1.765741    906 1.766667 1.000524    
14 77 79 78 14 38 1.749680    898 1.750000 1.000183    
14 80 82 81 14 39 1.739728    893 1.740741 1.000582    
14 83 85 84 14 40 1.731446    888 1.732143 1.000403    
14 86 88 87 14 41 1.704837    875 1.706897 1.001208    
14 89 91 90 14 42 1.700007    872 1.700000 0.999996    
14 92 94 93 14 43 1.691341    869 1.693548 1.001305    
14 95 97 96 14 44 1.682191    863 1.682292 1.000060    
14 98 100 99 14 45 1.673089    857 1.671717 0.999180    
14 101 103 102 14 46 1.671043    857 1.671569 1.000315    
14 104 109 107 14 47 1.663963    853 1.663551 0.999753    
14 110 115 113 14 48 1.643355    842 1.641593 0.998928    
14 116 121 119 14 49 1.637707    840 1.638655 1.000579    
14 122 127 125 14 50 1.625064    833 1.624000 0.999345    
14 128 133 131 14 51 1.607379    824 1.606870 0.999684    
14 134 139 137 14 52 1.594495    818 1.594891 1.000248    
14 140 145 143 14 53 1.582233    812 1.583916 1.001064    
14 146 151 149 14 54 1.572311    807 1.573826 1.000963    
14 152 157 155 14 55 1.563396    802 1.564516 1.000716    
14 158 163 161 14 56 1.552759    796 1.552795 1.000023    
14 164 169 167 14 57 1.547870    794 1.547904 1.000022    
14 170 175 173 14 58 1.543077    791 1.543353 1.000179    
14 176 181 179 14 59 1.542029    790 1.541899 0.999916    
14 182 187 185 14 60 1.541154    790 1.540541 0.999602    
14 188 193 191 14 61 1.540648    790 1.541885 1.000803    
14 194 254 224 14 62 1.509793    773 1.508929 0.999427    
14 255 255 255 14 63 1.490129    763 1.490196 1.000045    
15 0 0 0 15 0 1.000000    512 1.000000 1.000000       # ieta [16], pt 0
15 15 15 15 15 1 2.567234    19455 2.566667 0.999779    
15 16 16 16 15 2 2.537383    19455 2.531250 0.997583    
15 17 17 17 15 3 2.525834    20479 2.529412 1.001416    
15 18 18 18 15 4 2.504947    20479 2.500000 0.998025    
15 19 19 19 15 5 2.478616    20479 2.473684 0.998010    
15 20 20 20 15 6 2.443222    20479 2.450000 1.002774    
15 21 21 21 15 7 2.422642    20479 2.428571 1.002447    
15 22 22 22 15 8 2.401216    20479 2.409091 1.003280    
15 23 23 23 15 9 2.381857    20479 2.391304 1.003966    
15 24 24 24 15 10 2.374628    20479 2.375000 1.000157    
15 25 25 25 15 11 2.326846    18431 2.320000 0.997058    
15 26 26 26 15 12 2.328390    19455 2.326923 0.999370    
15 27 27 27 15 13 2.319925    19455 2.314815 0.997797    
15 28 28 28 15 14 2.308107    19455 2.303571 0.998035    
15 29 29 29 15 15 2.270661    18431 2.275862 1.002291    
15 30 30 30 15 16 2.265735    18431 2.266667 1.000411    
15 31 31 31 15 17 2.241557    17407 2.241935 1.000169    
15 32 33 33 15 18 2.209080    16383 2.212121 1.001377    
15 34 35 35 15 19 2.189661    15359 2.185714 0.998198    
15 36 37 37 15 20 2.151794    13311 2.148649 0.998538    
15 38 39 39 15 21 2.125411    12287 2.128205 1.001315    
15 40 41 41 15 22 2.086916    9215 2.085366 0.999257    
15 42 43 43 15 23 2.060278    7167 2.058140 0.998962    
15 44 45 45 15 24 2.039029    6143 2.044444 1.002656    
15 46 47 47 15 25 2.017665    4095 2.021277 1.001790    
15 48 49 49 15 26 1.999236    2047 2.000000 1.000382    
15 50 51 51 15 27 1.983154    1017 1.980392 0.998607    
15 52 53 53 15 28 1.961706    1007 1.962264 1.000285    
15 54 55 55 15 29 1.957364    1004 1.954545 0.998560    
15 56 57 57 15 30 1.944701    1000 1.947368 1.001372    
15 58 59 59 15 31 1.915641    983 1.915254 0.999798    
15 60 61 61 15 32 1.905333    976 1.901639 0.998061    
15 62 64 63 15 33 1.893846    974 1.896825 1.001573    
15 65 67 66 15 34 1.877866    964 1.878788 1.000491    
15 68 70 69 15 35 1.863140    956 1.862319 0.999559    
15 71 73 72 15 36 1.863083    955 1.861111 0.998942    
15 74 76 75 15 37 1.853356    951 1.853333 0.999988    
15 77 79 78 15 38 1.834692    940 1.833333 0.999259    
15 80 82 81 15 39 1.820564    934 1.820988 1.000233    
15 83 85 84 15 40 1.817735    931 1.815476 0.998757    
15 86 88 87 15 41 1.793706    920 1.793103 0.999664    
15 89 91 90 15 42 1.788623    917 1.788889 1.000149    
15 92 94 93 15 43 1.778258    913 1.779570 1.000738    
15 95 97 96 15 44 1.764834    905 1.765625 1.000448    
15 98 100 99 15 45 1.754831    899 1.752525 0.998686    
15 101 103 102 15 46 1.752684    900 1.754902 1.001265    
15 104 109 107 15 47 1.745495    896 1.747664 1.001242    
15 110 115 113 15 48 1.725058    885 1.725664 1.000351    
15 116 121 119 15 49 1.718777    881 1.718487 0.999832    
15 122 127 125 15 50 1.705161    874 1.704000 0.999319    
15 128 133 131 15 51 1.686605    865 1.687023 1.000248    
15 134 139 137 15 52 1.675061    859 1.675182 1.000073    
15 140 145 143 15 53 1.661194    852 1.660839 0.999786    
15 146 151 149 15 54 1.653761    848 1.654362 1.000364    
15 152 157 155 15 55 1.647817    845 1.648387 1.000346    
15 158 163 161 15 56 1.640246    841 1.639752 0.999699    
15 164 169 167 15 57 1.635347    838 1.634731 0.999623    
15 170 175 173 15 58 1.631749    837 1.632948 1.000735    
15 176 181 179 15 59 1.631373    836 1.631285 0.999946    
15 182 187 185 15 60 1.630449    835 1.629730 0.999559    
15 188 193 191 15 61 1.632144    836 1.630890 0.999232    
15 194 254 224 15 62 1.589524    814 1.589286 0.999850    
15 255 255 255 15 63 1.532965    786 1.533333 1.000240    
16 0 0 0 16 0 1.000000    512 1.000000 1.000000       # ieta [17], pt 0
16 15 15 15 16 1 2.653526    22527 2.666667 1.004952    
16 16 16 16 16 2 2.635883    22527 2.625000 0.995871    
16 17 17 17 16 3 2.615310    23551 2.617647 1.000894    
16 18 18 18 16 4 2.597030    23551 2.583333 0.994726    
16 19 19 19 16 5 2.567995    24575 2.578947 1.004265    
16 20 20 20 16 6 2.522393    23551 2.525000 1.001034    
16 21 21 21 16 7 2.501146    23551 2.500000 0.999542    
16 22 22 22 16 8 2.467405    23551 2.477273 1.003999    
16 23 23 23 16 9 2.443134    22527 2.434783 0.996582    
16 24 24 24 16 10 2.435719    23551 2.437500 1.000731    
16 25 25 25 16 11 2.377956    21503 2.380000 1.000860    
16 26 26 26 16 12 2.364804    21503 2.365385 1.000245    
16 27 27 27 16 13 2.340594    20479 2.333333 0.996898    
16 28 28 28 16 14 2.337458    21503 2.339286 1.000782    
16 29 29 29 16 15 2.299536    19455 2.293103 0.997203    
16 30 30 30 16 16 2.294548    20479 2.300000 1.002376    
16 31 31 31 16 17 2.270063    19455 2.274194 1.001820    
16 32 33 33 16 18 2.236316    18431 2.242424 1.002731    
16 34 35 35 16 19 2.213986    17407 2.214286 1.000135    
16 36 37 37 16 20 2.173899    15359 2.175676 1.000817    
16 38 39 39 16 21 2.143650    13311 2.141026 0.998776    
16 40 41 41 16 22 2.101245    10239 2.097561 0.998247    
16 42 43 43 16 23 2.074424    8191 2.069767 0.997755    
16 44 45 45 16 24 2.053029    7167 2.055556 1.001231    
16 46 47 47 16 25 2.031518    5119 2.031915 1.000195    
16 48 49 49 16 26 2.012963    3071 2.010204 0.998629    
16 50 51 51 16 27 1.996771    2046 2.000000 1.001617    
16 52 53 53 16 28 1.975175    1013 1.971698 0.998240    
16 54 55 55 16 29 1.970804    1013 1.972727 1.000976    
16 56 57 57 16 30 1.958053    1004 1.956140 0.999023    
16 58 59 59 16 31 1.928794    992 1.932203 1.001768    
16 60 61 61 16 32 1.918416    985 1.918033 0.999800    
16 62 64 63 16 33 1.906849    978 1.904762 0.998905    
16 65 67 66 16 34 1.890760    972 1.893939 1.001681    
16 68 70 69 16 35 1.875932    963 1.876812 1.000469    
16 71 73 72 16 36 1.875464    962 1.875000 0.999753    
16 74 76 75 16 37 1.865672    958 1.866667 1.000533    
16 77 79 78 16 38 1.846885    947 1.846154 0.999604    
16 80 82 81 16 39 1.832663    940 1.833333 1.000366    
16 83 85 84 16 40 1.827485    937 1.827381 0.999943    
16 86 88 87 16 41 1.803326    925 1.804598 1.000705    
16 89 91 90 16 42 1.798216    923 1.800000 1.000992    
16 92 94 93 16 43 1.787796    918 1.790323 1.001414    
16 95 97 96 16 44 1.774299    911 1.776042 1.000982    
16 98 100 99 16 45 1.764243    904 1.762626 0.999084    
16 101 103 102 16 46 1.762085    903 1.759804 0.998706    
16 104 109 107 16 47 1.754857    901 1.757009 1.001226    
16 110 115 113 16 48 1.734310    890 1.734513 1.000117    
16 116 121 119 16 49 1.727500    886 1.726891 0.999647    
16 122 127 125 16 50 1.713154    878 1.712000 0.999327    
16 128 133 131 16 51 1.694510    869 1.694656 1.000086    
16 134 139 137 16 52 1.682912    863 1.682482 0.999744    
16 140 145 143 16 53 1.668980    855 1.667832 0.999312    
16 146 151 149 16 54 1.658450    850 1.657718 0.999559    
16 152 157 155 16 55 1.649443    845 1.648387 0.999360    
16 158 163 161 16 56 1.640978    841 1.639752 0.999253    
16 164 169 167 16 57 1.634538    838 1.634731 1.000118    
16 170 175 173 16 58 1.628717    836 1.630058 1.000823    
16 176 181 179 16 59 1.627045    833 1.625698 0.999172    
16 182 187 185 16 60 1.625605    833 1.624324 0.999212    
16 188 193 191 16 61 1.623885    832 1.623037 0.999478    
16 194 254 224 16 62 1.572436    805 1.571429 0.999360    
16 255 255 255 16 63 1.544672    792 1.545098 1.000276    
17 0 0 0 17 0 1.000000    512 1.000000 1.000000       # ieta [18], pt 0
17 15 15 15 17 1 2.608547    20479 2.600000 0.996723    
17 16 16 16 17 2 2.575202    20479 2.562500 0.995068    
17 17 17 17 17 3 2.559120    21503 2.558824 0.999884    
17 18 18 18 17 4 2.547394    22527 2.555556 1.003204    
17 19 19 19 17 5 2.512500    21503 2.500000 0.995025    
17 20 20 20 17 6 2.464382    21503 2.475000 1.004309    
17 21 21 21 17 7 2.443624    21503 2.452381 1.003584    
17 22 22 22 17 8 2.409655    20479 2.409091 0.999766    
17 23 23 23 17 9 2.381161    20479 2.391304 1.004260    
17 24 24 24 17 10 2.373934    20479 2.375000 1.000449    
17 25 25 25 17 11 2.320374    18431 2.320000 0.999839    
17 26 26 26 17 12 2.321914    19455 2.326923 1.002157    
17 27 27 27 17 13 2.301813    18431 2.296296 0.997603    
17 28 28 28 17 14 2.288447    18431 2.285714 0.998806    
17 29 29 29 17 15 2.251320    17407 2.258621 1.003243    
17 30 30 30 17 16 2.246436    17407 2.250000 1.001587    
17 31 31 31 17 17 2.218864    16383 2.225806 1.003129    
17 32 33 33 17 18 2.184463    14335 2.181818 0.998789    
17 34 35 35 17 19 2.162800    13311 2.157143 0.997384    
17 36 37 37 17 20 2.125191    11263 2.121622 0.998320    
17 38 39 39 17 21 2.098165    10239 2.102564 1.002097    
17 40 41 41 17 22 2.062244    7167 2.060976 0.999385    
17 42 43 43 17 23 2.038390    5119 2.034884 0.998280    
17 44 45 45 17 24 2.017960    4095 2.022222 1.002112    
17 46 47 47 17 25 1.997409    2046 2.000000 1.001297    
17 48 49 49 17 26 1.980380    1016 1.979592 0.999602    
17 50 51 51 17 27 1.967005    1011 1.970588 1.001821    
17 52 53 53 17 28 1.945841    998 1.943396 0.998743    
17 54 55 55 17 29 1.941535    999 1.945455 1.002019    
17 56 57 57 17 30 1.921256    986 1.921053 0.999894    
17 58 59 59 17 31 1.895618    974 1.898305 1.001418    
17 60 61 61 17 32 1.885609    968 1.885246 0.999808    
17 62 64 63 17 33 1.874431    961 1.873016 0.999245    
17 65 67 66 17 34 1.856509    953 1.856061 0.999758    
17 68 70 69 17 35 1.830774    941 1.833333 1.001398    
17 71 73 72 17 36 1.823810    937 1.826389 1.001414    
17 74 76 75 17 37 1.811294    930 1.813333 1.001126    
17 77 79 78 17 38 1.793316    921 1.794872 1.000868    
17 80 82 81 17 39 1.780387    912 1.777778 0.998534    
17 83 85 84 17 40 1.776427    910 1.773810 0.998527    
17 86 88 87 17 41 1.749881    896 1.747126 0.998426    
17 89 91 90 17 42 1.744922    895 1.744444 0.999726    
17 92 94 93 17 43 1.735784    891 1.736559 1.000447    
17 95 97 96 17 44 1.723165    884 1.723958 1.000461    
17 98 100 99 17 45 1.713398    878 1.712121 0.999255    
17 101 103 102 17 46 1.711302    877 1.710784 0.999698    
17 104 109 107 17 47 1.704283    875 1.705607 1.000777    
17 110 115 113 17 48 1.684327    865 1.685841 1.000899    
17 116 121 119 17 49 1.676152    860 1.676471 1.000190    
17 122 127 125 17 50 1.659178    851 1.660000 1.000495    
17 128 133 131 17 51 1.636602    840 1.637405 1.000490    
17 134 139 137 17 52 1.626298    835 1.627737 1.000885    
17 140 145 143 17 53 1.613385    827 1.611888 0.999072    
17 146 151 149 17 54 1.596185    819 1.597315 1.000708    
17 152 157 155 17 55 1.586521    814 1.587097 1.000363    
17 158 163 161 17 56 1.578378    809 1.577640 0.999532    
17 164 169 167 17 57 1.570106    804 1.568862 0.999208    
17 170 175 173 17 58 1.563477    802 1.563584 1.000068    
17 176 181 179 17 59 1.561873    800 1.561453 0.999731    
17 182 187 185 17 60 1.560490    799 1.559459 0.999339    
17 188 193 191 17 61 1.558839    798 1.557592 0.999200    
17 194 254 224 17 62 1.526225    782 1.526786 1.000367    
17 255 255 255 17 63 1.518842    779 1.519608 1.000504    
18 0 0 0 18 0 1.000000    512 1.000000 1.000000       # ieta [19], pt 0
18 15 15 15 18 1 2.568091    19455 2.566667 0.999445    
18 16 16 16 18 2 2.535200    19455 2.531250 0.998442    
18 17 17 17 18 3 2.527558    20479 2.529412 1.000733    
18 18 18 18 18 4 2.525764    21503 2.527778 1.000797    
18 19 19 19 18 5 2.496183    21503 2.500000 1.001529    
18 20 20 20 18 6 2.463339    21503 2.475000 1.004734    
18 21 21 21 18 7 2.442589    21503 2.452381 1.004009    
18 22 22 22 18 8 2.412291    20479 2.409091 0.998673    
18 23 23 23 18 9 2.383766    20479 2.391304 1.003162    
18 24 24 24 18 10 2.376532    20479 2.375000 0.999355    
18 25 25 25 18 11 2.322913    18431 2.320000 0.998746    
18 26 26 26 18 12 2.324454    19455 2.326923 1.001062    
18 27 27 27 18 13 2.303435    18431 2.296296 0.996901    
18 28 28 28 18 14 2.290059    18431 2.285714 0.998103    
18 29 29 29 18 15 2.252906    17407 2.258621 1.002537    
18 30 30 30 18 16 2.248019    17407 2.250000 1.000881    
18 31 31 31 18 17 2.221326    16383 2.225806 1.002017    
18 32 33 33 18 18 2.187716    14335 2.181818 0.997304    
18 34 35 35 18 19 2.166243    14335 2.171429 1.002394    
18 36 37 37 18 20 2.128575    12287 2.135135 1.003082    
18 38 39 39 18 21 2.101506    10239 2.102564 1.000504    
18 40 41 41 18 22 2.065528    7167 2.060976 0.997796    
18 42 43 43 18 23 2.041636    6143 2.046512 1.002388    
18 44 45 45 18 24 2.021173    4095 2.022222 1.000519    
18 46 47 47 18 25 2.000589    2047 2.000000 0.999706    
18 48 49 49 18 26 1.983533    1017 1.979592 0.998013    
18 50 51 51 18 27 1.970137    1011 1.970588 1.000229    
18 52 53 53 18 28 1.948939    1002 1.952830 1.001996    
18 54 55 55 18 29 1.944627    999 1.945455 1.000426    
18 56 57 57 18 30 1.924315    987 1.921053 0.998305    
18 58 59 59 18 31 1.898636    974 1.898305 0.999826    
18 60 61 61 18 32 1.888611    968 1.885246 0.998218    
18 62 64 63 18 33 1.877415    966 1.880952 1.001884    
18 65 67 66 18 34 1.859465    953 1.856061 0.998169    
18 68 70 69 18 35 1.833689    941 1.833333 0.999806    
18 71 73 72 18 36 1.826714    937 1.826389 0.999822    
18 74 76 75 18 37 1.814178    930 1.813333 0.999534    
18 77 79 78 18 38 1.796171    921 1.794872 0.999277    
18 80 82 81 18 39 1.783222    915 1.783951 1.000408    
18 83 85 84 18 40 1.779255    913 1.779762 1.000285    
18 86 88 87 18 41 1.752667    899 1.752874 1.000118    
18 89 91 90 18 42 1.747701    897 1.750000 1.001316    
18 92 94 93 18 43 1.738548    891 1.736559 0.998856    
18 95 97 96 18 44 1.725908    884 1.723958 0.998870    
18 98 100 99 18 45 1.716126    881 1.717172 1.000609    
18 101 103 102 18 46 1.714027    880 1.715686 1.000968    
18 104 109 107 18 47 1.706996    875 1.705607 0.999186    
18 110 115 113 18 48 1.687009    865 1.685841 0.999307    
18 116 121 119 18 49 1.679199    862 1.680672 1.000878    
18 122 127 125 18 50 1.662382    853 1.664000 1.000973    
18 128 133 131 18 51 1.639762    842 1.641221 1.000890    
18 134 139 137 18 52 1.629438    835 1.627737 0.998956    
18 140 145 143 18 53 1.616501    828 1.615385 0.999310    
18 146 151 149 18 54 1.599268    821 1.600671 1.000878    
18 152 157 155 18 55 1.589585    815 1.590323 1.000464    
18 158 163 161 18 56 1.581426    810 1.580745 0.999570    
18 164 169 167 18 57 1.573138    806 1.571856 0.999185    
18 170 175 173 18 58 1.566496    803 1.566474 0.999986    
18 176 181 179 18 59 1.564889    802 1.564246 0.999589    
18 182 187 185 18 60 1.563504    801 1.562162 0.999142    
18 188 193 191 18 61 1.563684    801 1.562827 0.999452    
18 194 254 224 18 62 1.528286    783 1.529018 1.000479    
18 255 255 255 18 63 1.515574    777 1.515686 1.000074    
19 0 0 0 19 0 1.000000    512 1.000000 1.000000       # ieta [20], pt 0
19 15 15 15 19 1 2.654735    22527 2.666667 1.004494    
19 16 16 16 19 2 2.604842    21503 2.593750 0.995742    
19 17 17 17 19 3 2.584512    22527 2.588235 1.001441    
19 18 18 18 19 4 2.543448    22527 2.555556 1.004760    
19 19 19 19 19 5 2.521122    22527 2.526316 1.002060    
19 20 20 20 19 6 2.472628    21503 2.475000 1.000959    
19 21 21 21 19 7 2.449372    21503 2.452381 1.001229    
19 22 22 22 19 8 2.413239    20479 2.409091 0.998281    
19 23 23 23 19 9 2.380439    20479 2.391304 1.004565    
19 24 24 24 19 10 2.373214    20479 2.375000 1.000752    
19 25 25 25 19 11 2.319361    18431 2.320000 1.000276    
19 26 26 26 19 12 2.320900    19455 2.326923 1.002595    
19 27 27 27 19 13 2.302087    18431 2.296296 0.997484    
19 28 28 28 19 14 2.288719    18431 2.285714 0.998687    
19 29 29 29 19 15 2.251588    17407 2.258621 1.003123    
19 30 30 30 19 16 2.246361    17407 2.250000 1.001620    
19 31 31 31 19 17 2.219688    16383 2.225806 1.002757    
19 32 33 33 19 18 2.185415    14335 2.181818 0.998354    
19 34 35 35 19 19 2.162468    13311 2.157143 0.997537    
19 36 37 37 19 20 2.124866    11263 2.121622 0.998473    
19 38 39 39 19 21 2.097844    10239 2.102564 1.002250    
19 40 41 41 19 22 2.061356    7167 2.060976 0.999815    
19 42 43 43 19 23 2.037512    5119 2.034884 0.998710    
19 44 45 45 19 24 2.017091    4095 2.022222 1.002544    
19 46 47 47 19 25 1.996548    2046 2.000000 1.001729    
19 48 49 49 19 26 1.981848    1016 1.979592 0.998862    
19 50 51 51 19 27 1.968463    1011 1.970588 1.001080    
19 52 53 53 19 28 1.947284    998 1.943396 0.998004    
19 54 55 55 19 29 1.942974    999 1.945455 1.001277    
19 56 57 57 19 30 1.922680    986 1.921053 0.999154    
19 58 59 59 19 31 1.897023    974 1.898305 1.000676    
19 60 61 61 19 32 1.887006    968 1.885246 0.999067    
19 62 64 63 19 33 1.875820    962 1.873016 0.998505    
19 65 67 66 19 34 1.857885    953 1.856061 0.999018    
19 68 70 69 19 35 1.832131    941 1.833333 1.000656    
19 71 73 72 19 36 1.825162    937 1.826389 1.000672    
19 74 76 75 19 37 1.812636    930 1.813333 1.000384    
19 77 79 78 19 38 1.794645    921 1.794872 1.000127    
19 80 82 81 19 39 1.781707    915 1.783951 1.001259    
19 83 85 84 19 40 1.777744    913 1.779762 1.001135    
19 86 88 87 19 41 1.751177    899 1.752874 1.000969    
19 89 91 90 19 42 1.746216    895 1.744444 0.998986    
19 92 94 93 19 43 1.737070    891 1.736559 0.999706    
19 95 97 96 19 44 1.724442    884 1.723958 0.999720    
19 98 100 99 19 45 1.714668    881 1.717172 1.001460    
19 101 103 102 19 46 1.712570    877 1.710784 0.998957    
19 104 109 107 19 47 1.705546    875 1.705607 1.000036    
19 110 115 113 19 48 1.685576    865 1.685841 1.000157    
19 116 121 119 19 49 1.677772    860 1.676471 0.999224    
19 122 127 125 19 50 1.660970    851 1.660000 0.999416    
19 128 133 131 19 51 1.638369    840 1.637405 0.999411    
19 134 139 137 19 52 1.628054    835 1.627737 0.999806    
19 140 145 143 19 53 1.615127    828 1.615385 1.000159    
19 146 151 149 19 54 1.597909    819 1.597315 0.999629    
19 152 157 155 19 55 1.588234    814 1.587097 0.999284    
19 158 163 161 19 56 1.580082    810 1.580745 1.000420    
19 164 169 167 19 57 1.571801    806 1.571856 1.000035    
19 170 175 173 19 58 1.565165    803 1.566474 1.000836    
19 176 181 179 19 59 1.563678    802 1.564246 1.000363    
19 182 187 185 19 60 1.562413    801 1.562162 0.999839    
19 188 193 191 19 61 1.562594    801 1.562827 1.000149    
19 194 254 224 19 62 1.526552    782 1.526786 1.000153    
19 255 255 255 19 63 1.513062    776 1.513725 1.000438    
20 0 0 0 20 0 1.000000    512 1.000000 1.000000       # ieta [21], pt 0
20 15 15 15 20 1 2.660715    22527 2.666667 1.002237    
20 16 16 16 20 2 2.610710    22527 2.625000 1.005474    
20 17 17 17 20 3 2.590334    22527 2.588235 0.999190    
20 18 18 18 20 4 2.548388    22527 2.555556 1.002813    
20 19 19 19 20 5 2.526017    22527 2.526316 1.000118    
20 20 20 20 20 6 2.471861    21503 2.475000 1.001270    
20 21 21 21 20 7 2.448612    21503 2.452381 1.001539    
20 22 22 22 20 8 2.408157    20479 2.409091 1.000388    
20 23 23 23 20 9 2.371896    19455 2.369565 0.999017    
20 24 24 24 20 10 2.355401    19455 2.354167 0.999476    
20 25 25 25 20 11 2.301952    17407 2.300000 0.999152    
20 26 26 26 20 12 2.303480    18431 2.307692 1.001829    
20 27 27 27 20 13 2.284808    17407 2.277778 0.996923    
20 28 28 28 20 14 2.263014    17407 2.267857 1.002140    
20 29 29 29 20 15 2.226299    15359 2.224138 0.999029    
20 30 30 30 20 16 2.221131    15359 2.216667 0.997990    
20 31 31 31 20 17 2.194757    14335 2.193548 0.999449    
20 32 33 33 20 18 2.160114    13311 2.166667 1.003034    
20 34 35 35 20 19 2.136678    12287 2.142857 1.002892    
20 36 37 37 20 20 2.099523    9215 2.094595 0.997652    
20 38 39 39 20 21 2.074123    8191 2.076923 1.001350    
20 40 41 41 20 22 2.041389    5119 2.036585 0.997647    
20 42 43 43 20 23 2.022761    4095 2.023256 1.000245    
20 44 45 45 20 24 2.003971    2047 2.000000 0.998019    
20 46 47 47 20 25 1.982961    1017 1.978723 0.997863    
20 48 49 49 20 26 1.965880    1011 1.969388 1.001784    
20 50 51 51 20 27 1.952603    1001 1.950980 0.999169    
20 52 53 53 20 28 1.928795    989 1.924528 0.997788    
20 54 55 55 20 29 1.928854    989 1.927273 0.999180    
20 56 57 57 20 30 1.908708    982 1.912281 1.001872    
20 58 59 59 20 31 1.883237    966 1.881356 0.999001    
20 60 61 61 20 32 1.872917    960 1.868852 0.997830    
20 62 64 63 20 33 1.861438    957 1.865079 1.001956    
20 65 67 66 20 34 1.840146    945 1.840909 1.000415    
20 68 70 69 20 35 1.810528    930 1.811594 1.000589    
20 71 73 72 20 36 1.803641    926 1.805556 1.001061    
20 74 76 75 20 37 1.791264    920 1.793333 1.001155    
20 77 79 78 20 38 1.773484    911 1.775641 1.001216    
20 80 82 81 20 39 1.760699    902 1.759259 0.999182    
20 83 85 84 20 40 1.754225    901 1.755952 1.000985    
20 86 88 87 20 41 1.725393    884 1.724138 0.999272    
20 89 91 90 20 42 1.720504    883 1.722222 1.000998    
20 92 94 93 20 43 1.711666    877 1.709677 0.998838    
20 95 97 96 20 44 1.699308    871 1.697917 0.999181    
20 98 100 99 20 45 1.689676    868 1.691919 1.001327    
20 101 103 102 20 46 1.686941    865 1.686275 0.999605    
20 104 109 107 20 47 1.677589    860 1.677570 0.999989    
20 110 115 113 20 48 1.659877    851 1.659292 0.999648    
20 116 121 119 20 49 1.654763    849 1.655462 1.000422    
20 122 127 125 20 50 1.641464    841 1.640000 0.999108    
20 128 133 131 20 51 1.623600    832 1.622137 0.999099    
20 134 139 137 20 52 1.613378    827 1.613139 0.999852    
20 140 145 143 20 53 1.600910    821 1.601399 1.000305    
20 146 151 149 20 54 1.585539    812 1.583893 0.998962    
20 152 157 155 20 55 1.574581    807 1.574194 0.999754    
20 158 163 161 20 56 1.559184    799 1.559006 0.999886    
20 164 169 167 20 57 1.551658    795 1.550898 0.999510    
20 170 175 173 20 58 1.542611    791 1.543353 1.000481    
20 176 181 179 20 59 1.540645    790 1.541899 1.000814    
20 182 187 185 20 60 1.539399    790 1.540541 1.000741    
20 188 193 191 20 61 1.537725    788 1.536649 0.999300    
20 194 254 224 20 62 1.495258    766 1.495536 1.000186    
20 255 255 255 20 63 1.484453    760 1.484314 0.999907    
21 0 0 0 21 0 1.000000    512 1.000000 1.000000       # ieta [22], pt 0
21 15 15 15 21 1 2.631945    21503 2.633333 1.000528    
21 16 16 16 21 2 2.588542    21503 2.593750 1.002012    
21 17 17 17 21 3 2.557278    21503 2.558824 1.000604    
21 18 18 18 21 4 2.500364    20479 2.500000 0.999854    
21 19 19 19 21 5 2.467989    20479 2.473684 1.002308    
21 20 20 20 21 6 2.423621    19455 2.425000 1.000569    
21 21 21 21 21 7 2.399987    19455 2.404762 1.001990    
21 22 22 22 21 8 2.356870    18431 2.363636 1.002871    
21 23 23 23 21 9 2.310715    16383 2.304348 0.997245    
21 24 24 24 21 10 2.294646    16383 2.291667 0.998702    
21 25 25 25 21 11 2.251299    15359 2.260000 1.003865    
21 26 26 26 21 12 2.252792    15359 2.250000 0.998760    
21 27 27 27 21 13 2.216096    14335 2.222222 1.002765    
21 28 28 28 21 14 2.188883    13311 2.196429 1.003447    
21 29 29 29 21 15 2.153372    11263 2.155172 1.000836    
21 30 30 30 21 16 2.150521    11263 2.150000 0.999758    
21 31 31 31 21 17 2.132035    10239 2.129032 0.998592    
21 32 33 33 21 18 2.103028    9215 2.106061 1.001442    
21 34 35 35 21 19 2.079799    8191 2.085714 1.002844    
21 36 37 37 21 20 2.054254    6143 2.054054 0.999903    
21 38 39 39 21 21 2.033719    5119 2.038462 1.002332    
21 40 41 41 21 22 2.001622    2047 2.000000 0.999189    
21 42 43 43 21 23 1.983357    1021 1.988372 1.002528    
21 44 45 45 21 24 1.966366    1010 1.966667 1.000153    
21 46 47 47 21 25 1.945701    1000 1.946809 1.000569    
21 48 49 49 21 26 1.927201    990 1.928571 1.000711    
21 50 51 51 21 27 1.915999    982 1.911765 0.997790    
21 52 53 53 21 28 1.894700    973 1.896226 1.000806    
21 54 55 55 21 29 1.894759    971 1.890909 0.997968    
21 56 57 57 21 30 1.872618    960 1.868421 0.997759    
21 58 59 59 21 31 1.852170    953 1.855932 1.002031    
21 60 61 61 21 32 1.844893    947 1.844262 0.999658    
21 62 64 63 21 33 1.834328    941 1.833333 0.999458    
21 65 67 66 21 34 1.813345    929 1.810606 0.998489    
21 68 70 69 21 35 1.787276    919 1.789855 1.001443    
21 71 73 72 21 36 1.780524    912 1.777778 0.998458    
21 74 76 75 21 37 1.772008    910 1.773333 1.000748    
21 77 79 78 21 38 1.756272    901 1.756410 1.000079    
21 80 82 81 21 39 1.745908    896 1.746914 1.000576    
21 83 85 84 21 40 1.742869    894 1.744048 1.000676    
21 86 88 87 21 41 1.717795    881 1.718391 1.000347    
21 89 91 90 21 42 1.712928    878 1.711111 0.998939    
21 92 94 93 21 43 1.704128    874 1.704301 1.000101    
21 95 97 96 21 44 1.691824    868 1.692708 1.000523    
21 98 100 99 21 45 1.681799    863 1.681818 1.000012    
21 101 103 102 21 46 1.678858    860 1.676471 0.998578    
21 104 109 107 21 47 1.670855    858 1.672897 1.001222    
21 110 115 113 21 48 1.652036    847 1.650442 0.999035    
21 116 121 119 21 49 1.646947    845 1.647059 1.000068    
21 122 127 125 21 50 1.633710    837 1.632000 0.998953    
21 128 133 131 21 51 1.615931    828 1.614504 0.999117    
21 134 139 137 21 52 1.605661    824 1.605839 1.000111    
21 140 145 143 21 53 1.593158    818 1.594406 1.000783    
21 146 151 149 21 54 1.578216    809 1.577181 0.999345    
21 152 157 155 21 55 1.567663    804 1.567742 1.000050    
21 158 163 161 21 56 1.556901    798 1.555901 0.999357    
21 164 169 167 21 57 1.544841    792 1.544910 1.000045    
21 170 175 173 21 58 1.535833    787 1.534682 0.999251    
21 176 181 179 21 59 1.533876    786 1.533520 0.999768    
21 182 187 185 21 60 1.532635    785 1.532432 0.999868    
21 188 193 191 21 61 1.531028    785 1.531414 1.000252    
21 194 254 224 21 62 1.486952    762 1.486607 0.999768    
21 255 255 255 21 63 1.475575    756 1.476471 1.000607    
22 0 0 0 22 0 1.000000    512 1.000000 1.000000       # ieta [23], pt 0
22 15 15 15 22 1 2.599225    20479 2.600000 1.000298    
22 16 16 16 22 2 2.563044    20479 2.562500 0.999788    
22 17 17 17 22 3 2.532088    20479 2.529412 0.998943    
22 18 18 18 22 4 2.486422    20479 2.500000 1.005461    
22 19 19 19 22 5 2.454227    19455 2.447368 0.997205    
22 20 20 20 22 6 2.410107    18431 2.400000 0.995807    
22 21 21 21 22 7 2.386604    18431 2.380952 0.997632    
22 22 22 22 22 8 2.343728    17407 2.340909 0.998797    
22 23 23 23 22 9 2.297830    16383 2.304348 1.002836    
22 24 24 24 22 10 2.278988    15359 2.270833 0.996422    
22 25 25 25 22 11 2.235936    14335 2.240000 1.001817    
22 26 26 26 22 12 2.237420    14335 2.230769 0.997028    
22 27 27 27 22 13 2.206657    13311 2.203704 0.998662    
22 28 28 28 22 14 2.179560    12287 2.178571 0.999546    
22 29 29 29 22 15 2.144200    10239 2.137931 0.997076    
22 30 30 30 22 16 2.141362    10239 2.133333 0.996251    
22 31 31 31 22 17 2.122954    10239 2.129032 1.002863    
22 32 33 33 22 18 2.093408    8191 2.090909 0.998806    
22 34 35 35 22 19 2.069625    7167 2.071429 1.000872    
22 36 37 37 22 20 2.044205    5119 2.040541 0.998207    
22 38 39 39 22 21 2.023770    4095 2.025641 1.000924    
22 40 41 41 22 22 1.993080    1022 1.987805 0.997353    
22 42 43 43 22 23 1.976135    1016 1.976744 1.000308    
22 44 45 45 22 24 1.959205    1005 1.955556 0.998137    
22 46 47 47 22 25 1.938615    994 1.936170 0.998739    
22 48 49 49 22 26 1.920183    985 1.918367 0.999054    
22 50 51 51 22 27 1.910014    981 1.911765 1.000917    
22 52 53 53 22 28 1.889770    969 1.886792 0.998424    
22 54 55 55 22 29 1.889829    971 1.890909 1.000572    
22 56 57 57 22 30 1.867746    959 1.868421 1.000361    
22 58 59 59 22 31 1.847351    948 1.847458 1.000058    
22 60 61 61 22 32 1.840093    943 1.836066 0.997812    
22 62 64 63 22 33 1.829555    941 1.833333 1.002065    
22 65 67 66 22 34 1.811706    929 1.810606 0.999393    
22 68 70 69 22 35 1.785748    915 1.782609 0.998242    
22 71 73 72 22 36 1.779002    912 1.777778 0.999312    
22 74 76 75 22 37 1.770493    910 1.773333 1.001604    
22 77 79 78 22 38 1.754770    901 1.756410 1.000935    
22 80 82 81 22 39 1.744415    896 1.746914 1.001432    
22 83 85 84 22 40 1.741378    894 1.744048 1.001533    
22 86 88 87 22 41 1.716326    881 1.718391 1.001203    
22 89 91 90 22 42 1.711463    878 1.711111 0.999794    
22 92 94 93 22 43 1.702671    874 1.704301 1.000957    
22 95 97 96 22 44 1.690378    868 1.692708 1.001379    
22 98 100 99 22 45 1.680822    863 1.681818 1.000593    
22 101 103 102 22 46 1.678114    860 1.676471 0.999021    
22 104 109 107 22 47 1.670115    856 1.668224 0.998868    
22 110 115 113 22 48 1.651305    847 1.650442 0.999478    
22 116 121 119 22 49 1.646217    845 1.647059 1.000511    
22 122 127 125 22 50 1.632986    837 1.632000 0.999396    
22 128 133 131 22 51 1.615215    828 1.614504 0.999560    
22 134 139 137 22 52 1.604950    824 1.605839 1.000554    
22 140 145 143 22 53 1.592452    816 1.590909 0.999031    
22 146 151 149 22 54 1.577517    809 1.577181 0.999787    
22 152 157 155 22 55 1.566969    804 1.567742 1.000494    
22 158 163 161 22 56 1.556212    798 1.555901 0.999800    
22 164 169 167 22 57 1.544157    792 1.544910 1.000488    
22 170 175 173 22 58 1.535153    787 1.534682 0.999693    
22 176 181 179 22 59 1.533197    786 1.533520 1.000211    
22 182 187 185 22 60 1.531957    785 1.532432 1.000311    
22 188 193 191 22 61 1.530350    785 1.531414 1.000695    
22 194 254 224 22 62 1.486944    762 1.486607 0.999774    
22 255 255 255 22 63 1.474921    755 1.474510 0.999721    
23 0 0 0 23 0 1.000000    512 1.000000 1.000000       # ieta [24], pt 0
23 15 15 15 23 1 2.532978    18431 2.533333 1.000140    
23 16 16 16 23 2 2.497719    18431 2.500000 1.000913    
23 17 17 17 23 3 2.460397    18431 2.470588 1.004142    
23 18 18 18 23 4 2.418268    17407 2.416667 0.999338    
23 19 19 19 23 5 2.385732    17407 2.394737 1.003774    
23 20 20 20 23 6 2.349553    16383 2.350000 1.000190    
23 21 21 21 23 7 2.321952    16383 2.333333 1.004902    
23 22 22 22 23 8 2.277262    14335 2.272727 0.998009    
23 23 23 23 23 9 2.245214    13311 2.239130 0.997291    
23 24 24 24 23 10 2.233477    13311 2.229167 0.998070    
23 25 25 25 23 11 2.197399    12287 2.200000 1.001184    
23 26 26 26 23 12 2.204142    13311 2.211538 1.003356    
23 27 27 27 23 13 2.173957    11263 2.166667 0.996646    
23 28 28 28 23 14 2.145033    10239 2.142857 0.998985    
23 29 29 29 23 15 2.110233    8191 2.103448 0.996785    
23 30 30 30 23 16 2.107440    8191 2.100000 0.996470    
23 31 31 31 23 17 2.085443    7167 2.080645 0.997699    
23 32 33 33 23 18 2.053232    6143 2.060606 1.003591    
23 34 35 35 23 19 2.028271    4095 2.028571 1.000148    
23 36 37 37 23 20 2.002836    2047 2.000000 0.998584    
23 38 39 39 23 21 1.980785    1021 1.987179 1.003228    
23 40 41 41 23 22 1.948256    1003 1.951220 1.001521    
23 42 43 43 23 23 1.932719    992 1.930233 0.998713    
23 44 45 45 23 24 1.916161    983 1.911111 0.997364    
23 46 47 47 23 25 1.896024    972 1.893617 0.998731    
23 48 49 49 23 26 1.879626    964 1.877551 0.998896    
23 50 51 51 23 27 1.869671    961 1.872549 1.001539    
23 52 53 53 23 28 1.849855    949 1.849057 0.999568    
23 54 55 55 23 29 1.850248    952 1.854545 1.002323    
23 56 57 57 23 30 1.829761    941 1.833333 1.001953    
23 58 59 59 23 31 1.812659    931 1.813559 1.000497    
23 60 61 61 23 32 1.805537    926 1.803279 0.998749    
23 62 64 63 23 33 1.795197    921 1.793651 0.999139    
23 65 67 66 23 34 1.781419    914 1.780303 0.999373    
23 68 70 69 23 35 1.760444    904 1.760870 1.000242    
23 71 73 72 23 36 1.756704    902 1.756944 1.000137    
23 74 76 75 23 37 1.748302    896 1.746667 0.999064    
23 77 79 78 23 38 1.732777    888 1.730769 0.998841    
23 80 82 81 23 39 1.722552    883 1.722222 0.999809    
23 83 85 84 23 40 1.718817    882 1.720238 1.000827    
23 86 88 87 23 41 1.694089    870 1.695402 1.000775    
23 89 91 90 23 42 1.689289    866 1.688889 0.999763    
23 92 94 93 23 43 1.680611    863 1.682796 1.001300    
23 95 97 96 23 44 1.668477    855 1.666667 0.998915    
23 98 100 99 23 45 1.659045    850 1.656566 0.998506    
23 101 103 102 23 46 1.656372    850 1.656863 1.000296    
23 104 109 107 23 47 1.648476    846 1.649533 1.000641    
23 110 115 113 23 48 1.629910    835 1.628319 0.999024    
23 116 121 119 23 49 1.624888    834 1.626050 1.000715    
23 122 127 125 23 50 1.611829    827 1.612000 1.000106    
23 128 133 131 23 51 1.594439    818 1.595420 1.000615    
23 134 139 137 23 52 1.584608    812 1.583942 0.999580    
23 140 145 143 23 53 1.572268    807 1.573427 1.000737    
23 146 151 149 23 54 1.557522    798 1.557047 0.999695    
23 152 157 155 23 55 1.547171    794 1.548387 1.000786    
23 158 163 161 23 56 1.536487    788 1.537267 1.000508    
23 164 169 167 23 57 1.523523    781 1.523952 1.000281    
23 170 175 173 23 58 1.514111    776 1.514451 1.000225    
23 176 181 179 23 59 1.512181    775 1.511173 0.999333    
23 182 187 185 23 60 1.510958    774 1.510811 0.999903    
23 188 193 191 23 61 1.509373    774 1.510471 1.000727    
23 194 254 224 23 62 1.467260    751 1.466518 0.999494    
23 255 255 255 23 63 1.456227    746 1.456863 1.000437    
24 0 0 0 24 0 1.000000    512 1.000000 1.000000       # ieta [25], pt 0
24 15 15 15 24 1 2.523716    18431 2.533333 1.003811    
24 16 16 16 24 2 2.488586    18431 2.500000 1.004586    
24 17 17 17 24 3 2.451400    17407 2.441176 0.995829    
24 18 18 18 24 4 2.406651    17407 2.416667 1.004162    
24 19 19 19 24 5 2.374271    16383 2.368421 0.997536    
24 20 20 20 24 6 2.338266    16383 2.350000 1.005018    
24 21 21 21 24 7 2.310797    15359 2.309524 0.999449    
24 22 22 22 24 8 2.267822    14335 2.272727 1.002163    
24 23 23 23 24 9 2.235906    13311 2.239130 1.001442    
24 24 24 24 24 10 2.226765    13311 2.229167 1.001078    
24 25 25 25 24 11 2.190796    12287 2.200000 1.004201    
24 26 26 26 24 12 2.197518    12287 2.192308 0.997629    
24 27 27 27 24 13 2.169625    11263 2.166667 0.998637    
24 28 28 28 24 14 2.140759    10239 2.142857 1.000980    
24 29 29 29 24 15 2.106028    8191 2.103448 0.998775    
24 30 30 30 24 16 2.103240    8191 2.100000 0.998459    
24 31 31 31 24 17 2.081287    7167 2.080645 0.999692    
24 32 33 33 24 18 2.049140    5119 2.045455 0.998202    
24 34 35 35 24 19 2.024229    4095 2.028571 1.002145    
24 36 37 37 24 20 2.000232    2047 2.000000 0.999884    
24 38 39 39 24 21 1.981395    1021 1.987179 1.002919    
24 40 41 41 24 22 1.952490    1003 1.951220 0.999349    
24 42 43 43 24 23 1.936920    998 1.941860 1.002551    
24 44 45 45 24 24 1.920326    987 1.922222 1.000988    
24 46 47 47 24 25 1.900441    978 1.904255 1.002007    
24 48 49 49 24 26 1.884302    969 1.887755 1.001832    
24 50 51 51 24 27 1.874323    961 1.872549 0.999053    
24 52 53 53 24 28 1.854458    954 1.858491 1.002175    
24 54 55 55 24 29 1.854851    952 1.854545 0.999835    
24 56 57 57 24 30 1.834313    941 1.833333 0.999466    
24 58 59 59 24 31 1.817169    931 1.813559 0.998013    
24 60 61 61 24 32 1.810029    930 1.811475 1.000799    
24 62 64 63 24 33 1.799664    925 1.801587 1.001069    
24 65 67 66 24 34 1.785852    918 1.787879 1.001135    
24 68 70 69 24 35 1.765658    907 1.768116 1.001392    
24 71 73 72 24 36 1.761075    905 1.763889 1.001598    
24 74 76 75 24 37 1.752652    900 1.753333 1.000389    
24 77 79 78 24 38 1.737088    891 1.737179 1.000053    
24 80 82 81 24 39 1.726838    887 1.728395 1.000902    
24 83 85 84 24 40 1.723093    883 1.720238 0.998343    
24 86 88 87 24 41 1.698304    872 1.701149 1.001675    
24 89 91 90 24 42 1.693492    869 1.694444 1.000562    
24 92 94 93 24 43 1.684792    863 1.682796 0.998815    
24 95 97 96 24 44 1.672628    857 1.671875 0.999550    
24 98 100 99 24 45 1.663173    852 1.661616 0.999064    
24 101 103 102 24 46 1.660493    852 1.661765 1.000766    
24 104 109 107 24 47 1.652578    848 1.654206 1.000985    
24 110 115 113 24 48 1.633965    837 1.632743 0.999252    
24 116 121 119 24 49 1.628931    836 1.630252 1.000811    
24 122 127 125 24 50 1.615839    829 1.616000 1.000099    
24 128 133 131 24 51 1.598406    820 1.599237 1.000520    
24 134 139 137 24 52 1.588550    814 1.587591 0.999396    
24 140 145 143 24 53 1.576180    809 1.576923 1.000471    
24 146 151 149 24 54 1.561397    800 1.560403 0.999363    
24 152 157 155 24 55 1.551021    796 1.551613 1.000382    
24 158 163 161 24 56 1.540310    790 1.540373 1.000041    
24 164 169 167 24 57 1.527314    783 1.526946 0.999759    
24 170 175 173 24 58 1.517878    778 1.517341 0.999646    
24 176 181 179 24 59 1.515944    778 1.516760 1.000538    
24 182 187 185 24 60 1.514717    776 1.513514 0.999205    
24 188 193 191 24 61 1.513129    776 1.513089 0.999974    
24 194 254 224 24 62 1.471369    754 1.470982 0.999737    
24 255 255 255 24 63 1.460337    748 1.460784 1.000307    
25 0 0 0 25 0 1.000000    512 1.000000 1.000000       # ieta [26], pt 0
25 15 15 15 25 1 2.457874    16383 2.466667 1.003577    
25 16 16 16 25 2 2.437908    16383 2.437500 0.999833    
25 17 17 17 25 3 2.404661    16383 2.411765 1.002954    
25 18 18 18 25 4 2.374223    15359 2.361111 0.994477    
25 19 19 19 25 5 2.343888    15359 2.342105 0.999239    
25 20 20 20 25 6 2.323983    15359 2.325000 1.000438    
25 21 21 21 25 7 2.300495    15359 2.309524 1.003925    
25 22 22 22 25 8 2.257711    13311 2.250000 0.996585    
25 23 23 23 25 9 2.228773    13311 2.239130 1.004647    
25 24 24 24 25 10 2.219662    13311 2.229167 1.004282    
25 25 25 25 25 11 2.199352    12287 2.200000 1.000295    
25 26 26 26 25 12 2.190904    12287 2.192308 1.000641    
25 27 27 27 25 13 2.182004    12287 2.185185 1.001458    
25 28 28 28 25 14 2.159322    11263 2.160714 1.000645    
25 29 29 29 25 15 2.143770    10239 2.137931 0.997276    
25 30 30 30 25 16 2.119372    9215 2.116667 0.998724    
25 31 31 31 25 17 2.098046    8191 2.096774 0.999394    
25 32 33 33 25 18 2.065774    6143 2.060606 0.997498    
25 34 35 35 25 19 2.040067    5119 2.042857 1.001368    
25 36 37 37 25 20 2.015772    3071 2.013514 0.998880    
25 38 39 39 25 21 1.997027    2046 2.000000 1.001489    
25 40 41 41 25 22 1.966273    1009 1.963415 0.998546    
25 42 43 43 25 23 1.949350    1004 1.953488 1.002123    
25 44 45 45 25 24 1.932650    993 1.933333 1.000354    
25 46 47 47 25 25 1.913070    983 1.914894 1.000953    
25 48 49 49 25 26 1.897259    974 1.897959 1.000369    
25 50 51 51 25 27 1.887211    967 1.882353 0.997426    
25 52 53 53 25 28 1.867209    959 1.867925 1.000383    
25 54 55 55 25 29 1.867267    957 1.863636 0.998056    
25 56 57 57 25 30 1.846257    946 1.842105 0.997751    
25 58 59 59 25 31 1.829002    940 1.830508 1.000824    
25 60 61 61 25 32 1.821815    934 1.819672 0.998824    
25 62 64 63 25 33 1.811382    929 1.809524 0.998974    
25 65 67 66 25 34 1.797480    922 1.795455 0.998873    
25 68 70 69 25 35 1.777155    911 1.775362 0.998991    
25 71 73 72 25 36 1.772543    909 1.770833 0.999036    
25 74 76 75 25 37 1.764065    906 1.766667 1.001475    
25 77 79 78 25 38 1.748399    898 1.750000 1.000916    
25 80 82 81 25 39 1.738082    893 1.740741 1.001530    
25 83 85 84 25 40 1.735961    891 1.738095 1.001230    
25 86 88 87 25 41 1.710986    878 1.712644 1.000969    
25 89 91 90 25 42 1.706138    875 1.705556 0.999658    
25 92 94 93 25 43 1.697374    871 1.698925 1.000914    
25 95 97 96 25 44 1.685118    865 1.687500 1.001413    
25 98 100 99 25 45 1.676596    860 1.676768 1.000102    
25 101 103 102 25 46 1.674398    860 1.676471 1.001238    
25 104 109 107 25 47 1.666416    856 1.668224 1.001085    
25 110 115 113 25 48 1.647648    844 1.646018 0.999011    
25 116 121 119 25 49 1.642572    843 1.642857 1.000174    
25 122 127 125 25 50 1.629370    835 1.628000 0.999159    
25 128 133 131 25 51 1.611791    826 1.610687 0.999315    
25 134 139 137 25 52 1.601853    822 1.602190 1.000211    
25 140 145 143 25 53 1.589379    816 1.590909 1.000963    
25 146 151 149 25 54 1.574114    807 1.573826 0.999817    
25 152 157 155 25 55 1.563297    802 1.564516 1.000780    
25 158 163 161 25 56 1.552501    796 1.552795 1.000189    
25 164 169 167 25 57 1.539403    789 1.538922 0.999688    
25 170 175 173 25 58 1.529892    784 1.528902 0.999353    
25 176 181 179 25 59 1.527942    783 1.527933 0.999994    
25 182 187 185 25 60 1.526706    783 1.527027 1.000210    
25 188 193 191 25 61 1.525105    782 1.526178 1.000704    
25 194 254 224 25 62 1.483014    759 1.482143 0.999413    
25 255 255 255 25 63 1.471895    754 1.472549 1.000444    
26 0 0 0 26 0 1.000000    512 1.000000 1.000000       # ieta [27], pt 0
26 15 15 15 26 1 2.808865    26623 2.800000 0.996844    
26 16 16 16 26 2 2.640269    22527 2.625000 0.994217    
26 17 17 17 26 3 2.592195    22527 2.588235 0.998472    
26 18 18 18 26 4 2.546777    22527 2.555556 1.003447    
26 19 19 19 26 5 2.513787    22527 2.526316 1.004984    
26 20 20 20 26 6 2.464911    21503 2.475000 1.004093    
26 21 21 21 26 7 2.465813    22527 2.476190 1.004209    
26 22 22 22 26 8 2.424886    21503 2.431818 1.002859    
26 23 23 23 26 9 2.389852    20479 2.391304 1.000608    
26 24 24 24 26 10 2.394331    21503 2.395833 1.000628    
26 25 25 25 26 11 2.335035    19455 2.340000 1.002126    
26 26 26 26 26 12 2.335035    19455 2.326923 0.996526    
26 27 27 27 26 13 2.309159    19455 2.314815 1.002449    
26 28 28 28 26 14 2.280847    18431 2.285714 1.002134    
26 29 29 29 26 15 2.264420    17407 2.258621 0.997439    
26 30 30 30 26 16 2.250305    17407 2.250000 0.999864    
26 31 31 31 26 17 2.227662    16383 2.225806 0.999167    
26 32 33 33 26 18 2.204785    16383 2.212121 1.003327    
26 34 35 35 26 19 2.181745    15359 2.185714 1.001819    
26 36 37 37 26 20 2.174614    15359 2.175676 1.000488    
26 38 39 39 26 21 2.151560    14335 2.153846 1.001063    
26 40 41 41 26 22 2.126820    12287 2.121951 0.997711    
26 42 43 43 26 23 2.119569    12287 2.116279 0.998448    
26 44 45 45 26 24 2.110360    12287 2.111111 1.000356    
26 46 47 47 26 25 2.091751    11263 2.095745 1.001909    
26 48 49 49 26 26 2.066037    8191 2.061224 0.997671    
26 50 51 51 26 27 2.049201    7167 2.049020 0.999911    
26 52 53 53 26 28 2.018765    4095 2.018868 1.000051    
26 54 55 55 26 29 2.018828    4095 2.018182 0.999680    
26 56 57 57 26 30 1.992077    1022 1.991228 0.999574    
26 58 59 59 26 31 1.972171    1013 1.974576 1.001220    
26 60 61 61 26 32 1.964938    1010 1.967213 1.001158    
26 62 64 63 26 33 1.956313    1002 1.952381 0.997990    
26 65 67 66 26 34 1.914391    984 1.916667 1.001189    
26 68 70 69 26 35 1.885561    967 1.884058 0.999203    
26 71 73 72 26 36 1.873712    962 1.875000 1.000687    
26 74 76 75 26 37 1.864751    958 1.866667 1.001027    
26 77 79 78 26 38 1.847957    947 1.846154 0.999024    
26 80 82 81 26 39 1.836934    943 1.839506 1.001400    
26 83 85 84 26 40 1.834228    940 1.833333 0.999512    
26 86 88 87 26 41 1.806025    925 1.804598 0.999210    
26 89 91 90 26 42 1.803857    926 1.805556 1.000942    
26 92 94 93 26 43 1.784519    915 1.784946 1.000239    
26 95 97 96 26 44 1.765064    905 1.765625 1.000318    
26 98 100 99 26 45 1.756882    901 1.757576 1.000395    
26 101 103 102 26 46 1.755991    900 1.754902 0.999380    
26 104 109 107 26 47 1.747309    896 1.747664 1.000203    
26 110 115 113 26 48 1.733943    890 1.734513 1.000329    
26 116 121 119 26 49 1.729379    888 1.731092 1.000991    
26 122 127 125 26 50 1.715480    880 1.716000 1.000303    
26 128 133 131 26 51 1.696324    869 1.694656 0.999017    
26 134 139 137 26 52 1.686549    865 1.686131 0.999752    
26 140 145 143 26 53 1.672839    857 1.671329 0.999097    
26 146 151 149 26 54 1.656773    850 1.657718 1.000570    
26 152 157 155 26 55 1.645388    843 1.645161 0.999862    
26 158 163 161 26 56 1.634025    837 1.633540 0.999703    
26 164 169 167 26 57 1.620239    830 1.619760 0.999705    
26 170 175 173 26 58 1.610228    825 1.609827 0.999750    
26 176 181 179 26 59 1.609233    825 1.608939 0.999817    
26 182 187 185 26 60 1.608987    824 1.608108 0.999453    
26 188 193 191 26 61 1.607300    824 1.607330 1.000019    
26 194 254 224 26 62 1.557955    798 1.558036 1.000052    
26 255 255 255 26 63 1.545143    792 1.545098 0.999971    
27 0 0 0 27 0 1.000000    512 1.000000 1.000000       # ieta [28], pt 0
27 15 15 15 27 1 3.216797    39935 3.233333 1.005141    
27 16 16 16 27 2 2.992426    34815 3.000000 1.002531    
27 17 17 17 27 3 2.941974    34815 2.941176 0.999729    
27 18 18 18 27 4 2.847176    32767 2.833333 0.995138    
27 19 19 19 27 5 2.711444    29695 2.710526 0.999662    
27 20 20 20 27 6 2.693402    30719 2.700000 1.002450    
27 21 21 21 27 7 2.730502    33791 2.738095 1.002781    
27 22 22 22 27 8 2.630913    30719 2.636364 1.002072    
27 23 23 23 27 9 2.592902    29695 2.586957 0.997707    
27 24 24 24 27 10 2.575186    30719 2.583333 1.003164    
27 25 25 25 27 11 2.500040    27647 2.500000 0.999984    
27 26 26 26 27 12 2.500040    28671 2.500000 0.999984    
27 27 27 27 27 13 2.465140    27647 2.462963 0.999117    
27 28 28 28 27 14 2.398271    24575 2.392857 0.997743    
27 29 29 29 27 15 2.376775    24575 2.379310 1.001067    
27 30 30 30 27 16 2.384759    25599 2.383333 0.999402    
27 31 31 31 27 17 2.379490    26623 2.387097 1.003197    
27 32 33 33 27 18 2.364541    26623 2.363636 0.999618    
27 34 35 35 27 19 2.316958    24575 2.314286 0.998846    
27 36 37 37 27 20 2.293745    24575 2.297297 1.001549    
27 38 39 39 27 21 2.258039    22527 2.256410 0.999279    
27 40 41 41 27 22 2.229609    21503 2.231707 1.000941    
27 42 43 43 27 23 2.218126    21503 2.220930 1.001264    
27 44 45 45 27 24 2.176020    18431 2.177778 1.000808    
27 46 47 47 27 25 2.157752    17407 2.159574 1.000845    
27 48 49 49 27 26 2.132150    15359 2.132653 1.000236    
27 50 51 51 27 27 2.126207    15359 2.127451 1.000585    
27 52 53 53 27 28 2.106035    13311 2.103774 0.998926    
27 54 55 55 27 29 2.113499    14335 2.109091 0.997914    
27 56 57 57 27 30 2.068306    10239 2.070175 1.000904    
27 58 59 59 27 31 2.051626    8191 2.050847 0.999620    
27 60 61 61 27 32 2.044102    7167 2.040984 0.998474    
27 62 64 63 27 33 2.039221    7167 2.039683 1.000227    
27 65 67 66 27 34 2.011432    4095 2.015152 1.001849    
27 68 70 69 27 35 1.983758    1019 1.985507 1.000882    
27 71 73 72 27 36 1.972811    1012 1.972222 0.999702    
27 74 76 75 27 37 1.963375    1009 1.966667 1.001676    
27 77 79 78 27 38 1.942511    996 1.942308 0.999895    
27 80 82 81 27 39 1.924554    988 1.925926 1.000713    
27 83 85 84 27 40 1.921719    986 1.922619 1.000468    
27 86 88 87 27 41 1.881076    964 1.879310 0.999061    
27 89 91 90 27 42 1.878818    963 1.877778 0.999446    
27 92 94 93 27 43 1.858677    954 1.860215 1.000828    
27 95 97 96 27 44 1.834143    940 1.833333 0.999558    
27 98 100 99 27 45 1.823484    935 1.823232 0.999862    
27 101 103 102 27 46 1.822560    935 1.823529 1.000532    
27 104 109 107 27 47 1.812272    930 1.813084 1.000448    
27 110 115 113 27 48 1.776542    910 1.774336 0.998758    
27 116 121 119 27 49 1.773896    909 1.773109 0.999556    
27 122 127 125 27 50 1.777098    911 1.776000 0.999382    
27 128 133 131 27 51 1.769381    908 1.770992 1.000911    
27 134 139 137 27 52 1.759185    902 1.759124 0.999965    
27 140 145 143 27 53 1.725761    886 1.727273 1.000876    
27 146 151 149 27 54 1.705822    874 1.704698 0.999341    
27 152 157 155 27 55 1.692131    868 1.693548 1.000838    
27 158 163 161 27 56 1.680445    861 1.680124 0.999809    
27 164 169 167 27 57 1.666267    855 1.667665 1.000839    
27 170 175 173 27 58 1.655972    849 1.656069 1.000059    
27 176 181 179 27 59 1.654948    848 1.653631 0.999204    
27 182 187 185 27 60 1.654696    848 1.654054 0.999612    
27 188 193 191 27 61 1.652487    847 1.651832 0.999604    
27 194 254 224 27 62 1.597347    819 1.598214 1.000543    
27 255 255 255 27 63 1.562536    801 1.562745 1.000134    
28 0 0 0 28 0 1.000000    512 1.000000 1.000000       # ieta [29], pt 0
28 15 15 15 28 1 2.585991    20479 2.600000 1.005417    
28 16 16 16 28 2 2.503199    18431 2.500000 0.998722    
28 17 17 17 28 3 2.445461    17407 2.441176 0.998248    
28 18 18 18 28 4 2.343931    14335 2.333333 0.995479    
28 19 19 19 28 5 2.260181    12287 2.263158 1.001317    
28 20 20 20 28 6 2.236527    11263 2.225000 0.994846    
28 21 21 21 28 7 2.173385    9215 2.166667 0.996909    
28 22 22 22 28 8 2.130804    8191 2.136364 1.002609    
28 23 23 23 28 9 2.074313    5119 2.065217 0.995615    
28 24 24 24 28 10 2.056085    5119 2.062500 1.003120    
28 25 25 25 28 11 2.015552    3071 2.020000 1.002207    
28 26 26 26 28 12 2.015552    3071 2.019231 1.001825    
28 27 27 27 28 13 1.978289    1019 1.981481 1.001614    
28 28 28 28 28 14 1.956053    1010 1.964286 1.004209    
28 29 29 29 28 15 1.939957    1002 1.948276 1.004288    
28 30 30 30 28 16 1.919092    986 1.916667 0.998736    
28 31 31 31 28 17 1.908491    980 1.903226 0.997241    
28 32 33 33 28 18 1.867880    959 1.863636 0.997728    
28 34 35 35 28 19 1.845733    948 1.842857 0.998442    
28 36 37 37 28 20 1.814366    931 1.810811 0.998041    
28 38 39 39 28 21 1.799791    923 1.794872 0.997267    
28 40 41 41 28 22 1.792381    921 1.792683 1.000169    
28 42 43 43 28 23 1.772404    909 1.767442 0.997200    
28 44 45 45 28 24 1.741893    896 1.744444 1.001465    
28 46 47 47 28 25 1.724613    885 1.723404 0.999299    
28 48 49 49 28 26 1.708050    876 1.704082 0.997677    
28 50 51 51 28 27 1.690323    867 1.686275 0.997605    
28 52 53 53 28 28 1.668158    857 1.669811 1.000991    
28 54 55 55 28 29 1.666841    855 1.663636 0.998077    
28 56 57 57 28 30 1.661713    852 1.657895 0.997702    
28 58 59 59 28 31 1.648800    849 1.652542 1.002270    
28 60 61 61 28 32 1.630520    838 1.631148 1.000385    
28 62 64 63 28 33 1.611803    827 1.611111 0.999571    
28 65 67 66 28 34 1.596111    821 1.598485 1.001487    
28 68 70 69 28 35 1.578670    811 1.579710 1.000659    
28 71 73 72 28 36 1.564945    802 1.562500 0.998438    
28 74 76 75 28 37 1.558584    801 1.560000 1.000908    
28 77 79 78 28 38 1.552522    796 1.551282 0.999201    
28 80 82 81 28 39 1.543942    792 1.543210 0.999526    
28 83 85 84 28 40 1.539973    791 1.541667 1.001100    
28 86 88 87 28 41 1.539969    790 1.540230 1.000169    
28 89 91 90 28 42 1.531326    787 1.533333 1.001311    
28 92 94 93 28 43 1.517667    778 1.516129 0.998987    
28 95 97 96 28 44 1.511965    775 1.510417 0.998976    
28 98 100 99 28 45 1.510459    775 1.510101 0.999763    
28 101 103 102 28 46 1.491451    764 1.490196 0.999159    
28 104 109 107 28 47 1.488101    762 1.485981 0.998575    
28 110 115 113 28 48 1.471924    756 1.473451 1.001038    
28 116 121 119 28 49 1.459068    748 1.457983 0.999257    
28 122 127 125 28 50 1.448227    743 1.448000 0.999843    
28 128 133 131 28 51 1.446296    742 1.446565 1.000186    
28 134 139 137 28 52 1.431586    734 1.430657 0.999351    
28 140 145 143 28 53 1.418931    728 1.419580 1.000458    
28 146 151 149 28 54 1.411917    725 1.412752 1.000591    
28 152 157 155 28 55 1.395453    716 1.396774 1.000947    
28 158 163 161 28 56 1.390422    713 1.391304 1.000635    
28 164 169 167 28 57 1.381301    708 1.380240 0.999232    
28 170 175 173 28 58 1.373247    704 1.372832 0.999698    
28 176 181 179 28 59 1.365454    700 1.365922 1.000343    
28 182 187 185 28 60 1.356081    696 1.356757 1.000498    
28 188 193 191 28 61 1.351639    692 1.350785 0.999368    
28 194 254 224 28 62 1.334466    684 1.334821 1.000267    
28 255 255 255 28 63 1.307876    670 1.307843 0.999975    
29 0 0 0 29 0 1.000000    512 1.000000 1.000000       # ieta [30], pt 0
29 15 15 15 29 1 2.707459    23551 2.700000 0.997245    
29 16 16 16 29 2 2.619625    22527 2.625000 1.002052    
29 17 17 17 29 3 2.533449    20479 2.529412 0.998406    
29 18 18 18 29 4 2.409960    17407 2.416667 1.002783    
29 19 19 19 29 5 2.315675    14335 2.315789 1.000049    
29 20 20 20 29 6 2.253580    12287 2.250000 0.998411    
29 21 21 21 29 7 2.190438    10239 2.190476 1.000018    
29 22 22 22 29 8 2.147857    9215 2.159091 1.005230    
29 23 23 23 29 9 2.091366    6143 2.086957 0.997891    
29 24 24 24 29 10 2.069892    5119 2.062500 0.996429    
29 25 25 25 29 11 2.025839    3071 2.020000 0.997118    
29 26 26 26 29 12 2.022582    3071 2.019231 0.998343    
29 27 27 27 29 13 1.980689    1019 1.981481 1.000400    
29 28 28 28 29 14 1.949297    1002 1.946429 0.998529    
29 29 29 29 29 15 1.933200    993 1.931034 0.998880    
29 30 30 30 29 16 1.908957    986 1.916667 1.004039    
29 31 31 31 29 17 1.890320    971 1.887097 0.998295    
29 32 33 33 29 18 1.853924    952 1.848485 0.997066    
29 34 35 35 29 19 1.826944    940 1.828571 1.000891    
29 36 37 37 29 20 1.788908    918 1.783784 0.997136    
29 38 39 39 29 21 1.764403    909 1.769231 1.002736    
29 40 41 41 29 22 1.743221    896 1.743902 1.000391    
29 42 43 43 29 23 1.719405    885 1.720930 1.000887    
29 44 45 45 29 24 1.688327    868 1.688889 1.000333    
29 46 47 47 29 25 1.670479    858 1.670213 0.999841    
29 48 49 49 29 26 1.643928    844 1.642857 0.999349    
29 50 51 51 29 27 1.625468    836 1.627451 1.001220    
29 52 53 53 29 28 1.596678    819 1.594340 0.998536    
29 54 55 55 29 29 1.599250    822 1.600000 1.000469    
29 56 57 57 29 30 1.580443    811 1.578947 0.999054    
29 58 59 59 29 31 1.568277    805 1.567797 0.999693    
29 60 61 61 29 32 1.557669    800 1.557377 0.999813    
29 62 64 63 29 33 1.541353    791 1.539683 0.998916    
29 65 67 66 29 34 1.526478    782 1.522727 0.997543    
29 68 70 69 29 35 1.508641    774 1.507246 0.999076    
29 71 73 72 29 36 1.494916    766 1.493056 0.998756    
29 74 76 75 29 37 1.488555    763 1.486667 0.998731    
29 77 79 78 29 38 1.466973    753 1.467949 1.000665    
29 80 82 81 29 39 1.453717    748 1.456790 1.002114    
29 83 85 84 29 40 1.455919    748 1.458333 1.001658    
29 86 88 87 29 41 1.430436    734 1.431034 1.000418    
29 89 91 90 29 42 1.423619    730 1.422222 0.999019    
29 92 94 93 29 43 1.414954    725 1.413978 0.999310    
29 95 97 96 29 44 1.408424    722 1.406250 0.998456    
29 98 100 99 29 45 1.405445    720 1.404040 0.999001    
29 101 103 102 29 46 1.389027    712 1.387255 0.998724    
29 104 109 107 29 47 1.385678    712 1.387850 1.001568    
29 110 115 113 29 48 1.369500    704 1.371681 1.001593    
29 116 121 119 29 49 1.357129    696 1.357143 1.000010    
29 122 127 125 29 50 1.348712    692 1.348000 0.999472    
29 128 133 131 29 51 1.347450    691 1.347328 0.999910    
29 134 139 137 29 52 1.334922    685 1.335766 1.000632    
29 140 145 143 29 53 1.324116    680 1.325175 1.000800    
29 146 151 149 29 54 1.317103    675 1.315436 0.998735    
29 152 157 155 29 55 1.306314    670 1.306452 1.000106    
29 158 163 161 29 56 1.304120    669 1.304348 1.000175    
29 164 169 167 29 57 1.303302    668 1.302395 0.999304    
29 170 175 173 29 58 1.295249    664 1.294798 0.999651    
29 176 181 179 29 59 1.287456    660 1.287709 1.000197    
29 182 187 185 29 60 1.278083    655 1.278378 1.000231    
29 188 193 191 29 61 1.273641    654 1.274869 1.000964    
29 194 254 224 29 62 1.259655    645 1.258929 0.999423    
29 255 255 255 29 63 1.234298    632 1.233333 0.999219    
30 0 0 0 30 0 1.000000    512 1.000000 1.000000       # ieta [31], pt 0
30 15 15 15 30 1 2.713576    23551 2.700000 0.994997    
30 16 16 16 30 2 2.625743    22527 2.625000 0.999717    
30 17 17 17 30 3 2.539567    20479 2.529412 0.996001    
30 18 18 18 30 4 2.413435    17407 2.416667 1.001339    
30 19 19 19 30 5 2.319150    14335 2.315789 0.998551    
30 20 20 20 30 6 2.257055    12287 2.250000 0.996874    
30 21 21 21 30 7 2.193913    10239 2.190476 0.998434    
30 22 22 22 30 8 2.151332    9215 2.159091 1.003607    
30 23 23 23 30 9 2.094841    6143 2.086957 0.996236    
30 24 24 24 30 10 2.073367    6143 2.083333 1.004807    
30 25 25 25 30 11 2.029314    3071 2.020000 0.995410    
30 26 26 26 30 12 2.026057    3071 2.019231 0.996631    
30 27 27 27 30 13 1.984163    1019 1.981481 0.998648    
30 28 28 28 30 14 1.952772    1002 1.946429 0.996752    
30 29 29 29 30 15 1.936675    994 1.931034 0.997087    
30 30 30 30 30 16 1.912432    986 1.916667 1.002214    
30 31 31 31 30 17 1.893795    972 1.887097 0.996463    
30 32 33 33 30 18 1.857398    958 1.863636 1.003358    
30 34 35 35 30 19 1.830419    940 1.828571 0.998991    
30 36 37 37 30 20 1.792382    924 1.797297 1.002742    
30 38 39 39 30 21 1.767878    909 1.769231 1.000765    
30 40 41 41 30 22 1.746696    897 1.743902 0.998400    
30 42 43 43 30 23 1.722880    885 1.720930 0.998868    
30 44 45 45 30 24 1.691802    868 1.688889 0.998278    
30 46 47 47 30 25 1.673954    859 1.670213 0.997765    
30 48 49 49 30 26 1.647402    845 1.642857 0.997241    
30 50 51 51 30 27 1.628943    836 1.627451 0.999084    
30 52 53 53 30 28 1.600740    824 1.603774 1.001895    
30 54 55 55 30 29 1.603899    822 1.600000 0.997569    
30 56 57 57 30 30 1.585092    815 1.587719 1.001658    
30 58 59 59 30 31 1.572927    810 1.576271 1.002126    
30 60 61 61 30 32 1.562318    804 1.565574 1.002084    
30 62 64 63 30 33 1.546002    795 1.547619 1.001046    
30 65 67 66 30 34 1.531127    786 1.530303 0.999462    
30 68 70 69 30 35 1.513290    778 1.514493 1.000795    
30 71 73 72 30 36 1.499565    770 1.500000 1.000290    
30 74 76 75 30 37 1.493204    766 1.493333 1.000087    
30 77 79 78 30 38 1.471622    757 1.474359 1.001860    
30 80 82 81 30 39 1.458367    748 1.456790 0.998919    
30 83 85 84 30 40 1.460569    748 1.458333 0.998470    
30 86 88 87 30 41 1.435085    737 1.436782 1.001182    
30 89 91 90 30 42 1.428268    733 1.427778 0.999656    
30 92 94 93 30 43 1.419604    728 1.419355 0.999825    
30 95 97 96 30 44 1.413073    724 1.411458 0.998857    
30 98 100 99 30 45 1.410094    723 1.409091 0.999289    
30 101 103 102 30 46 1.393676    714 1.392157 0.998910    
30 104 109 107 30 47 1.390327    714 1.392523 1.001580    
30 110 115 113 30 48 1.374149    706 1.376106 1.001424    
30 116 121 119 30 49 1.361778    699 1.361345 0.999682    
30 122 127 125 30 50 1.353361    694 1.352000 0.998994    
30 128 133 131 30 51 1.352099    693 1.351145 0.999294    
30 134 139 137 30 52 1.339571    687 1.339416 0.999884    
30 140 145 143 30 53 1.328765    682 1.328671 0.999929    
30 146 151 149 30 54 1.321752    678 1.322148 1.000299    
30 152 157 155 30 55 1.310963    672 1.309677 0.999020    
30 158 163 161 30 56 1.308769    671 1.307453 0.998995    
30 164 169 167 30 57 1.307952    671 1.308383 1.000330    
30 170 175 173 30 58 1.299898    667 1.300578 1.000523    
30 176 181 179 30 59 1.292105    663 1.293296 1.000922    
30 182 187 185 30 60 1.282732    658 1.283784 1.000820    
30 188 193 191 30 61 1.278290    655 1.277487 0.999371    
30 194 254 224 30 62 1.264304    647 1.263393 0.999279    
30 255 255 255 30 63 1.238947    635 1.239216 1.000217    
31 0 0 0 31 0 1.000000    512 1.000000 1.000000       # ieta [32], pt 0
31 15 15 15 31 1 2.709269    23551 2.700000 0.996579    
31 16 16 16 31 2 2.621436    22527 2.625000 1.001360    
31 17 17 17 31 3 2.535260    20479 2.529412 0.997693    
31 18 18 18 31 4 2.409128    17407 2.416667 1.003129    
31 19 19 19 31 5 2.310643    14335 2.315789 1.002227    
31 20 20 20 31 6 2.248547    12287 2.250000 1.000646    
31 21 21 21 31 7 2.185405    10239 2.190476 1.002320    
31 22 22 22 31 8 2.142825    8191 2.136364 0.996985    
31 23 23 23 31 9 2.086334    6143 2.086957 1.000298    
31 24 24 24 31 10 2.064860    5119 2.062500 0.998857    
31 25 25 25 31 11 2.020806    3071 2.020000 0.999601    
31 26 26 26 31 12 2.017550    3071 2.019231 1.000833    
31 27 27 27 31 13 1.975656    1019 1.981481 1.002949    
31 28 28 28 31 14 1.940202    1001 1.946429 1.003209    
31 29 29 29 31 15 1.924105    993 1.931034 1.003601    
31 30 30 30 31 16 1.899862    977 1.900000 1.000073    
31 31 31 31 31 17 1.877747    964 1.870968 0.996390    
31 32 33 33 31 18 1.841351    951 1.848485 1.003874    
31 34 35 35 31 19 1.816181    933 1.814286 0.998956    
31 36 37 37 31 20 1.778144    917 1.783784 1.003171    
31 38 39 39 31 21 1.753305    903 1.756410 1.001771    
31 40 41 41 31 22 1.731788    890 1.731707 0.999953    
31 42 43 43 31 23 1.707972    879 1.709302 1.000779    
31 44 45 45 31 24 1.676894    862 1.677778 1.000527    
31 46 47 47 31 25 1.659046    853 1.659574 1.000318    
31 48 49 49 31 26 1.633051    839 1.632653 0.999756    
31 50 51 51 31 27 1.615149    831 1.617647 1.001547    
31 52 53 53 31 28 1.586946    814 1.584906 0.998715    
31 54 55 55 31 29 1.594167    818 1.590909 0.997956    
31 56 57 57 31 30 1.577099    811 1.578947 1.001172    
31 58 59 59 31 31 1.566673    805 1.567797 1.000717    
31 60 61 61 31 32 1.556064    800 1.557377 1.000844    
31 62 64 63 31 33 1.539748    791 1.539683 0.999958    
31 65 67 66 31 34 1.524873    782 1.522727 0.998593    
31 68 70 69 31 35 1.507036    774 1.507246 1.000139    
31 71 73 72 31 36 1.493311    766 1.493056 0.999829    
31 74 76 75 31 37 1.486950    763 1.486667 0.999809    
31 77 79 78 31 38 1.465368    753 1.467949 1.001761    
31 80 82 81 31 39 1.452113    744 1.450617 0.998970    
31 83 85 84 31 40 1.454315    745 1.452381 0.998670    
31 86 88 87 31 41 1.428831    734 1.431034 1.001542    
31 89 91 90 31 42 1.422015    730 1.422222 1.000146    
31 92 94 93 31 43 1.413350    725 1.413978 1.000445    
31 95 97 96 31 44 1.406820    721 1.406250 0.999595    
31 98 100 99 31 45 1.403840    720 1.404040 1.000143    
31 101 103 102 31 46 1.387422    712 1.387255 0.999879    
31 104 109 107 31 47 1.384184    710 1.383178 0.999273    
31 110 115 113 31 48 1.371713    704 1.371681 0.999977    
31 116 121 119 31 49 1.359341    699 1.361345 1.001474    
31 122 127 125 31 50 1.350924    694 1.352000 1.000796    
31 128 133 131 31 51 1.349662    693 1.351145 1.001099    
31 134 139 137 31 52 1.337135    685 1.335766 0.998977    
31 140 145 143 31 53 1.326328    680 1.325175 0.999130    
31 146 151 149 31 54 1.319315    676 1.318792 0.999603    
31 152 157 155 31 55 1.308526    672 1.309677 1.000880    
31 158 163 161 31 56 1.306332    671 1.307453 1.000858    
31 164 169 167 31 57 1.305515    669 1.305389 0.999904    
31 170 175 173 31 58 1.297462    665 1.297688 1.000174    
31 176 181 179 31 59 1.289668    662 1.290503 1.000647    
31 182 187 185 31 60 1.280295    657 1.281081 1.000614    
31 188 193 191 31 61 1.275854    654 1.274869 0.999228    
31 194 254 224 31 62 1.261868    646 1.261161 0.999440    
31 255 255 255 31 63 1.236510    634 1.237255 1.000602    
32 0 0 0 32 0 1.000000    512 1.000000 1.000000       # ieta [33], pt 0
32 15 15 15 32 1 2.680606    22527 2.666667 0.994800    
32 16 16 16 32 2 2.595590    21503 2.593750 0.999291    
32 17 17 17 32 3 2.509414    19455 2.500000 0.996249    
32 18 18 18 32 4 2.378189    16383 2.388889 1.004499    
32 19 19 19 32 5 2.279703    13311 2.289474 1.004286    
32 20 20 20 32 6 2.217608    11263 2.225000 1.003333    
32 21 21 21 32 7 2.154466    8191 2.142857 0.994612    
32 22 22 22 32 8 2.111885    7167 2.113636 1.000829    
32 23 23 23 32 9 2.060054    5119 2.065217 1.002507    
32 24 24 24 32 10 2.038580    4095 2.041667 1.001514    
32 25 25 25 32 11 1.989575    1021 1.980000 0.995187    
32 26 26 26 32 12 1.989575    1021 1.980769 0.995574    
32 27 27 27 32 13 1.947682    1001 1.944444 0.998338    
32 28 28 28 32 14 1.912227    983 1.910714 0.999209    
32 29 29 29 32 15 1.896131    976 1.896552 1.000222    
32 30 30 30 32 16 1.871887    961 1.866667 0.997211    
32 31 31 31 32 17 1.841845    946 1.838710 0.998298    
32 32 33 33 32 18 1.815188    935 1.818182 1.001649    
32 34 35 35 32 19 1.784369    918 1.785714 1.000754    
32 36 37 37 32 20 1.744773    896 1.743243 0.999123    
32 38 39 39 32 21 1.718649    883 1.717949 0.999593    
32 40 41 41 32 22 1.695848    871 1.695122 0.999572    
32 42 43 43 32 23 1.672032    861 1.674419 1.001427    
32 44 45 45 32 24 1.640954    845 1.644444 1.002127    
32 46 47 47 32 25 1.623106    836 1.627660 1.002806    
32 48 49 49 32 26 1.597688    823 1.602041 1.002724    
32 50 51 51 32 27 1.580363    811 1.578431 0.998778    
32 52 53 53 32 28 1.552160    799 1.556604 1.002863    
32 54 55 55 32 29 1.559382    803 1.563636 1.002728    
32 56 57 57 32 30 1.542313    793 1.543860 1.001003    
32 58 59 59 32 31 1.531887    788 1.533898 1.001313    
32 60 61 61 32 32 1.523001    783 1.524590 1.001043    
32 62 64 63 32 33 1.509473    775 1.507937 0.998982    
32 65 67 66 32 34 1.495132    766 1.492424 0.998189    
32 68 70 69 32 35 1.482300    763 1.485507 1.002163    
32 71 73 72 32 36 1.468575    752 1.465278 0.997755    
32 74 76 75 32 37 1.462214    749 1.460000 0.998486    
32 77 79 78 32 38 1.440633    740 1.442308 1.001163    
32 80 82 81 32 39 1.427377    732 1.425926 0.998984    
32 83 85 84 32 40 1.429579    733 1.428571 0.999295    
32 86 88 87 32 41 1.404095    719 1.402299 0.998720    
32 89 91 90 32 42 1.397279    718 1.400000 1.001948    
32 92 94 93 32 43 1.388614    712 1.387097 0.998907    
32 95 97 96 32 44 1.382084    708 1.380208 0.998643    
32 98 100 99 32 45 1.379104    707 1.378788 0.999771    
32 101 103 102 32 46 1.362686    699 1.362745 1.000043    
32 104 109 107 32 47 1.360957    698 1.359813 0.999160    
32 110 115 113 32 48 1.351706    693 1.349558 0.998411    
32 116 121 119 32 49 1.339334    688 1.340336 1.000748    
32 122 127 125 32 50 1.330917    683 1.332000 1.000814    
32 128 133 131 32 51 1.331372    683 1.332061 1.000518    
32 134 139 137 32 52 1.319702    678 1.321168 1.001110    
32 140 145 143 32 53 1.308896    671 1.307692 0.999080    
32 146 151 149 32 54 1.301883    668 1.302013 1.000100    
32 152 157 155 32 55 1.291094    662 1.290323 0.999403    
32 158 163 161 32 56 1.288900    661 1.288820 0.999938    
32 164 169 167 32 57 1.288083    660 1.287425 0.999490    
32 170 175 173 32 58 1.280029    657 1.280347 1.000248    
32 176 181 179 32 59 1.272236    652 1.270950 0.998989    
32 182 187 185 32 60 1.262863    647 1.262162 0.999445    
32 188 193 191 32 61 1.258421    646 1.259162 1.000589    
32 194 254 224 32 62 1.244435    638 1.245536 1.000884    
32 255 255 255 32 63 1.219078    625 1.219608 1.000435    
33 0 0 0 33 0 1.000000    512 1.000000 1.000000       # ieta [34], pt 0
33 15 15 15 33 1 2.870451    28671 2.866667 0.998682    
33 16 16 16 33 2 2.785435    27647 2.781250 0.998498    
33 17 17 17 33 3 2.687217    25599 2.676471 0.996001    
33 18 18 18 33 4 2.515923    21503 2.527778 1.004712    
33 19 19 19 33 5 2.432260    18431 2.421053 0.995392    
33 20 20 20 33 6 2.356907    16383 2.350000 0.997070    
33 21 21 21 33 7 2.292189    14335 2.285714 0.997175    
33 22 22 22 33 8 2.259332    13311 2.250000 0.995870    
33 23 23 23 33 9 2.211144    12287 2.217391 1.002826    
33 24 24 24 33 10 2.172349    10239 2.166667 0.997384    
33 25 25 25 33 11 2.141871    9215 2.140000 0.999126    
33 26 26 26 33 12 2.139125    9215 2.134615 0.997892    
33 27 27 27 33 13 2.079528    6143 2.074074 0.997377    
33 28 28 28 33 14 2.051294    5119 2.053571 1.001110    
33 29 29 29 33 15 2.047131    5119 2.051724 1.002244    
33 30 30 30 33 16 2.008117    2047 2.000000 0.995958    
33 31 31 31 33 17 1.991242    1021 1.983871 0.996298    
33 32 33 33 33 18 1.954846    1005 1.954545 0.999846    
33 34 35 35 33 19 1.932438    992 1.928571 0.997999    
33 36 37 37 33 20 1.898124    973 1.891892 0.996717    
33 38 39 39 33 21 1.882544    968 1.884615 1.001100    
33 40 41 41 33 22 1.863426    959 1.865854 1.001303    
33 42 43 43 33 23 1.838443    944 1.837209 0.999329    
33 44 45 45 33 24 1.807334    930 1.811111 1.002090    
33 46 47 47 33 25 1.779698    913 1.776596 0.998257    
33 48 49 49 33 26 1.751713    901 1.755102 1.001935    
33 50 51 51 33 27 1.733579    891 1.735294 1.000989    
33 52 53 53 33 28 1.705376    877 1.707547 1.001273    
33 54 55 55 33 29 1.702868    873 1.700000 0.998316    
33 56 57 57 33 30 1.693250    869 1.692982 0.999842    
33 58 59 59 33 31 1.676088    862 1.677966 1.001121    
33 60 61 61 33 32 1.657154    850 1.655738 0.999146    
33 62 64 63 33 33 1.640464    844 1.642857 1.001459    
33 65 67 66 33 34 1.618119    832 1.621212 1.001911    
33 68 70 69 33 35 1.582217    811 1.579710 0.998416    
33 71 73 72 33 36 1.564566    802 1.562500 0.998680    
33 74 76 75 33 37 1.560444    801 1.560000 0.999716    
33 77 79 78 33 38 1.547014    793 1.544872 0.998615    
33 80 82 81 33 39 1.534211    789 1.537037 1.001842    
33 83 85 84 33 40 1.530286    785 1.529762 0.999658    
33 86 88 87 33 41 1.515888    778 1.517241 1.000893    
33 89 91 90 33 42 1.509071    775 1.511111 1.001352    
33 92 94 93 33 43 1.493418    767 1.494624 1.000808    
33 95 97 96 33 44 1.483393    761 1.484375 1.000662    
33 98 100 99 33 45 1.479359    759 1.479798 1.000297    
33 101 103 102 33 46 1.460831    749 1.460784 0.999968    
33 104 109 107 33 47 1.458355    748 1.457944 0.999718    
33 110 115 113 33 48 1.445376    742 1.446903 1.001057    
33 116 121 119 33 49 1.433004    735 1.432773 0.999839    
33 122 127 125 33 50 1.424587    731 1.424000 0.999588    
33 128 133 131 33 51 1.421567    728 1.419847 0.998790    
33 134 139 137 33 52 1.408160    723 1.408759 1.000425    
33 140 145 143 33 53 1.397354    717 1.398601 1.000893    
33 146 151 149 33 54 1.390341    713 1.389262 0.999224    
33 152 157 155 33 55 1.379552    708 1.380645 1.000793    
33 158 163 161 33 56 1.377358    707 1.378882 1.001107    
33 164 169 167 33 57 1.376540    706 1.377246 1.000512    
33 170 175 173 33 58 1.368487    701 1.367052 0.998951    
33 176 181 179 33 59 1.360693    697 1.360335 0.999737    
33 182 187 185 33 60 1.351321    693 1.351351 1.000023    
33 188 193 191 33 61 1.346879    691 1.348168 1.000957    
33 194 254 224 33 62 1.332893    683 1.332589 0.999772    
33 255 255 255 33 63 1.307536    670 1.307843 1.000235    
34 0 0 0 34 0 1.000000    512 1.000000 1.000000       # ieta [35], pt 0
34 15 15 15 34 1 2.940163    30719 2.933333 0.997677    
34 16 16 16 34 2 2.855147    29695 2.843750 0.996008    
34 17 17 17 34 3 2.753433    28671 2.764706 1.004094    
34 18 18 18 34 4 2.576458    23551 2.583333 1.002669    
34 19 19 19 34 5 2.479078    20479 2.473684 0.997824    
34 20 20 20 34 6 2.408088    18431 2.400000 0.996641    
34 21 21 21 34 7 2.354240    17407 2.357143 1.001233    
34 22 22 22 34 8 2.317754    16383 2.318182 1.000185    
34 23 23 23 34 9 2.269566    14335 2.260870 0.996168    
34 24 24 24 34 10 2.230771    13311 2.229167 0.999281    
34 25 25 25 34 11 2.201666    12287 2.200000 0.999243    
34 26 26 26 34 12 2.201666    12287 2.192308 0.995750    
34 27 27 27 34 13 2.125074    9215 2.129630 1.002144    
34 28 28 28 34 14 2.110852    8191 2.107143 0.998243    
34 29 29 29 34 15 2.095290    8191 2.103448 1.003893    
34 30 30 30 34 16 2.056277    5119 2.050000 0.996947    
34 31 31 31 34 17 2.041483    5119 2.048387 1.003382    
34 32 33 33 34 18 2.010186    3071 2.015152 1.002470    
34 34 35 35 34 19 1.993245    2044 2.000000 1.003389    
34 36 37 37 34 20 1.954741    1007 1.959459 1.002414    
34 38 39 39 34 21 1.927468    989 1.923077 0.997722    
34 40 41 41 34 22 1.902695    978 1.902439 0.999865    
34 42 43 43 34 23 1.877712    963 1.872093 0.997007    
34 44 45 45 34 24 1.846604    948 1.844444 0.998831    
34 46 47 47 34 25 1.818967    934 1.819149 1.000100    
34 48 49 49 34 26 1.790982    922 1.795918 1.002756    
34 50 51 51 34 27 1.768395    907 1.764706 0.997914    
34 52 53 53 34 28 1.735738    891 1.735849 1.000064    
34 54 55 55 34 29 1.733230    892 1.736364 1.001808    
34 56 57 57 34 30 1.723612    883 1.719298 0.997497    
34 58 59 59 34 31 1.706450    875 1.703390 0.998207    
34 60 61 61 34 32 1.686570    867 1.688525 1.001159    
34 62 64 63 34 33 1.668934    856 1.666667 0.998641    
34 65 67 66 34 34 1.645675    844 1.643939 0.998945    
34 68 70 69 34 35 1.609315    826 1.608696 0.999615    
34 71 73 72 34 36 1.591664    816 1.590278 0.999129    
34 74 76 75 34 37 1.587542    814 1.586667 0.999449    
34 77 79 78 34 38 1.574112    809 1.576923 1.001786    
34 80 82 81 34 39 1.561310    801 1.561728 1.000268    
34 83 85 84 34 40 1.557384    800 1.559524 1.001374    
34 86 88 87 34 41 1.542986    791 1.540230 0.998214    
34 89 91 90 34 42 1.536169    789 1.538889 1.001770    
34 92 94 93 34 43 1.520516    781 1.521505 1.000651    
34 95 97 96 34 44 1.510492    775 1.510417 0.999950    
34 98 100 99 34 45 1.506457    772 1.505051 0.999066    
34 101 103 102 34 46 1.487929    764 1.490196 1.001524    
34 104 109 107 34 47 1.481642    760 1.481308 0.999775    
34 110 115 113 34 48 1.464850    751 1.464602 0.999831    
34 116 121 119 34 49 1.452478    746 1.453782 1.000897    
34 122 127 125 34 50 1.444061    741 1.444000 0.999958    
34 128 133 131 34 51 1.441041    740 1.442748 1.001184    
34 134 139 137 34 52 1.427635    732 1.427007 0.999561    
34 140 145 143 34 53 1.416828    726 1.416084 0.999475    
34 146 151 149 34 54 1.409815    723 1.409396 0.999703    
34 152 157 155 34 55 1.399026    718 1.400000 1.000696    
34 158 163 161 34 56 1.396832    717 1.397516 1.000489    
34 164 169 167 34 57 1.396015    715 1.395210 0.999423    
34 170 175 173 34 58 1.387961    711 1.387283 0.999511    
34 176 181 179 34 59 1.380168    707 1.379888 0.999798    
34 182 187 185 34 60 1.370795    702 1.370270 0.999617    
34 188 193 191 34 61 1.366353    700 1.366492 1.000102    
34 194 254 224 34 62 1.352368    693 1.352679 1.000230    
34 255 255 255 34 63 1.327010    680 1.327451 1.000332    
35 0 0 0 35 0 1.000000    512 1.000000 1.000000       # ieta [36], pt 0
35 15 15 15 35 1 3.039186    33791 3.033333 0.998074    
35 16 16 16 35 2 2.954170    33791 2.968750 1.004936    
35 17 17 17 35 3 2.880546    32767 2.882353 1.000627    
35 18 18 18 35 4 2.694369    27647 2.694444 1.000028    
35 19 19 19 35 5 2.585645    24575 2.578947 0.997410    
35 20 20 20 35 6 2.500968    22527 2.500000 0.999613    
35 21 21 21 35 7 2.441366    21503 2.452381 1.004512    
35 22 22 22 35 8 2.404881    20479 2.409091 1.001751    
35 23 23 23 35 9 2.349894    18431 2.347826 0.999120    
35 24 24 24 35 10 2.294968    16383 2.291667 0.998561    
35 25 25 25 35 11 2.265863    15359 2.260000 0.997413    
35 26 26 26 35 12 2.265863    16383 2.269231 1.001486    
35 27 27 27 35 13 2.206529    13311 2.203704 0.998720    
35 28 28 28 35 14 2.173304    12287 2.178571 1.002424    
35 29 29 29 35 15 2.157742    11263 2.155172 0.998809    
35 30 30 30 35 16 2.118728    9215 2.116667 0.999027    
35 31 31 31 35 17 2.118648    9215 2.112903 0.997288    
35 32 33 33 35 18 2.089209    8191 2.090909 1.000814    
35 34 35 35 35 19 2.071614    7167 2.071429 0.999910    
35 36 37 37 35 20 2.036845    5119 2.040541 1.001814    
35 38 39 39 35 21 2.011835    3071 2.012821 1.000490    
35 40 41 41 35 22 1.983720    1021 1.987805 1.002059    
35 42 43 43 35 23 1.953132    1004 1.953488 1.000182    
35 44 45 45 35 24 1.919548    987 1.922222 1.001393    
35 46 47 47 35 25 1.889436    972 1.893617 1.002213    
35 48 49 49 35 26 1.860869    954 1.857143 0.997998    
35 50 51 51 35 27 1.837699    942 1.833333 0.997625    
35 52 53 53 35 28 1.805592    926 1.801887 0.997948    
35 54 55 55 35 29 1.794348    920 1.790909 0.998084    
35 56 57 57 35 30 1.781169    914 1.780702 0.999738    
35 58 59 59 35 31 1.764699    905 1.762712 0.998874    
35 60 61 61 35 32 1.749074    897 1.745902 0.998187    
35 62 64 63 35 33 1.730844    888 1.730159 0.999604    
35 65 67 66 35 34 1.706398    875 1.704545 0.998914    
35 68 70 69 35 35 1.662569    852 1.659420 0.998106    
35 71 73 72 35 36 1.644918    845 1.645833 1.000556    
35 74 76 75 35 37 1.640796    842 1.640000 0.999515    
35 77 79 78 35 38 1.627366    835 1.628205 1.000516    
35 80 82 81 35 39 1.614563    830 1.617284 1.001685    
35 83 85 84 35 40 1.610638    827 1.613095 1.001526    
35 86 88 87 35 41 1.596240    820 1.597701 1.000915    
35 89 91 90 35 42 1.589423    815 1.588889 0.999664    
35 92 94 93 35 43 1.573770    808 1.575269 1.000952    
35 95 97 96 35 44 1.563745    801 1.562500 0.999204    
35 98 100 99 35 45 1.559711    801 1.560606 1.000574    
35 101 103 102 35 46 1.541183    790 1.539216 0.998724    
35 104 109 107 35 47 1.534895    786 1.532710 0.998576    
35 110 115 113 35 48 1.518104    779 1.517699 0.999734    
35 116 121 119 35 49 1.505732    772 1.504202 0.998984    
35 122 127 125 35 50 1.497315    767 1.496000 0.999122    
35 128 133 131 35 51 1.494295    767 1.496183 1.001264    
35 134 139 137 35 52 1.480888    760 1.481752 1.000583    
35 140 145 143 35 53 1.470082    753 1.468531 0.998945    
35 146 151 149 35 54 1.463069    750 1.463087 1.000013    
35 152 157 155 35 55 1.452280    744 1.451613 0.999541    
35 158 163 161 35 56 1.450086    744 1.450311 1.000155    
35 164 169 167 35 57 1.449268    743 1.449102 0.999885    
35 170 175 173 35 58 1.441215    739 1.442197 1.000681    
35 176 181 179 35 59 1.433421    735 1.432961 0.999679    
35 182 187 185 35 60 1.424049    730 1.424324 1.000194    
35 188 193 191 35 61 1.419607    727 1.418848 0.999465    
35 194 254 224 35 62 1.405621    721 1.406250 1.000447    
35 255 255 255 35 63 1.380264    707 1.380392 1.000093    
36 0 0 0 36 0 1.000000    512 1.000000 1.000000       # ieta [37], pt 0
36 15 15 15 36 1 3.103041    35839 3.100000 0.999020    
36 16 16 16 36 2 3.018025    35839 3.031250 1.004382    
36 17 17 17 36 3 2.928376    34815 2.941176 1.004371    
36 18 18 18 36 4 2.780986    30719 2.777778 0.998846    
36 19 19 19 36 5 2.670319    27647 2.657895 0.995347    
36 20 20 20 36 6 2.575958    25599 2.575000 0.999628    
36 21 21 21 36 7 2.521479    24575 2.523810 1.000924    
36 22 22 22 36 8 2.491500    24575 2.500000 1.003412    
36 23 23 23 36 9 2.436513    22527 2.434783 0.999290    
36 24 24 24 36 10 2.350951    19455 2.354167 1.001368    
36 25 25 25 36 11 2.316809    18431 2.320000 1.001377    
36 26 26 26 36 12 2.316809    18431 2.307692 0.996065    
36 27 27 27 36 13 2.259553    16383 2.259259 0.999870    
36 28 28 28 36 14 2.226706    15359 2.232143 1.002442    
36 29 29 29 36 15 2.192430    13311 2.189655 0.998734    
36 30 30 30 36 16 2.153417    11263 2.150000 0.998413    
36 31 31 31 36 17 2.165962    12287 2.161290 0.997843    
36 32 33 33 36 18 2.128676    10239 2.121212 0.996494    
36 34 35 35 36 19 2.105535    9215 2.100000 0.997371    
36 36 37 37 36 20 2.070617    7167 2.067568 0.998527    
36 38 39 39 36 21 2.039800    5119 2.038462 0.999344    
36 40 41 41 36 22 2.015834    3071 2.012195 0.998195    
36 42 43 43 36 23 1.985246    1021 1.988372 1.001575    
36 44 45 45 36 24 1.943571    999 1.944444 1.000450    
36 46 47 47 36 25 1.905368    978 1.904255 0.999416    
36 48 49 49 36 26 1.876800    964 1.877551 1.000400    
36 50 51 51 36 27 1.853631    951 1.852941 0.999628    
36 52 53 53 36 28 1.821523    935 1.820755 0.999578    
36 54 55 55 36 29 1.810280    929 1.809091 0.999343    
36 56 57 57 36 30 1.797101    923 1.798246 1.000637    
36 58 59 59 36 31 1.780631    914 1.779661 0.999455    
36 60 61 61 36 32 1.764286    905 1.762295 0.998872    
36 62 64 63 36 33 1.745337    896 1.746032 1.000398    
36 65 67 66 36 34 1.720892    883 1.719697 0.999306    
36 68 70 69 36 35 1.677062    859 1.673913 0.998122    
36 71 73 72 36 36 1.659411    852 1.659722 1.000187    
36 74 76 75 36 37 1.655289    848 1.653333 0.998819    
36 77 79 78 36 38 1.641859    842 1.641026 0.999492    
36 80 82 81 36 39 1.629057    836 1.629630 1.000352    
36 83 85 84 36 40 1.625131    834 1.625000 0.999919    
36 86 88 87 36 41 1.610733    825 1.609195 0.999045    
36 89 91 90 36 42 1.603916    824 1.605556 1.001022    
36 92 94 93 36 43 1.588263    814 1.586022 0.998589    
36 95 97 96 36 44 1.578239    809 1.578125 0.999928    
36 98 100 99 36 45 1.574204    808 1.575758 1.000987    
36 101 103 102 36 46 1.555676    797 1.553922 0.998872    
36 104 109 107 36 47 1.549389    796 1.551402 1.001299    
36 110 115 113 36 48 1.532597    785 1.530973 0.998941    
36 116 121 119 36 49 1.520225    780 1.521008 1.000515    
36 122 127 125 36 50 1.511808    776 1.512000 1.000127    
36 128 133 131 36 51 1.508788    773 1.507634 0.999235    
36 134 139 137 36 52 1.495382    767 1.496350 1.000648    
36 140 145 143 36 53 1.484575    762 1.486014 1.000969    
36 146 151 149 36 54 1.477562    757 1.476510 0.999288    
36 152 157 155 36 55 1.466773    753 1.467742 1.000661    
36 158 163 161 36 56 1.464579    752 1.465839 1.000860    
36 164 169 167 36 57 1.463762    751 1.464072 1.000212    
36 170 175 173 36 58 1.455708    747 1.456647 1.000645    
36 176 181 179 36 59 1.447915    742 1.446927 0.999318    
36 182 187 185 36 60 1.438542    737 1.437838 0.999511    
36 188 193 191 36 61 1.434100    735 1.434555 1.000317    
36 194 254 224 36 62 1.420114    727 1.419643 0.999668    
36 255 255 255 36 63 1.394757    714 1.394118 0.999542    
37 0 0 0 37 0 1.000000    512 1.000000 1.000000       # ieta [38], pt 0
37 15 15 15 37 1 3.103041    35839 3.100000 0.999020    
37 16 16 16 37 2 3.018025    35839 3.031250 1.004382    
37 17 17 17 37 3 2.928376    34815 2.941176 1.004371    
37 18 18 18 37 4 2.780986    30719 2.777778 0.998846    
37 19 19 19 37 5 2.670319    27647 2.657895 0.995347    
37 20 20 20 37 6 2.575958    25599 2.575000 0.999628    
37 21 21 21 37 7 2.521479    24575 2.523810 1.000924    
37 22 22 22 37 8 2.484471    23551 2.477273 0.997103    
37 23 23 23 37 9 2.429484    22527 2.434783 1.002181    
37 24 24 24 37 10 2.343922    19455 2.354167 1.004371    
37 25 25 25 37 11 2.309780    17407 2.300000 0.995766    
37 26 26 26 37 12 2.309780    18431 2.307692 0.999096    
37 27 27 27 37 13 2.239193    15359 2.240741 1.000691    
37 28 28 28 37 14 2.219676    14335 2.214286 0.997571    
37 29 29 29 37 15 2.192430    13311 2.189655 0.998734    
37 30 30 30 37 16 2.153417    11263 2.150000 0.998413    
37 31 31 31 37 17 2.165962    12287 2.161290 0.997843    
37 32 33 33 37 18 2.128676    10239 2.121212 0.996494    
37 34 35 35 37 19 2.105535    9215 2.100000 0.997371    
37 36 37 37 37 20 2.070617    7167 2.067568 0.998527    
37 38 39 39 37 21 2.039800    5119 2.038462 0.999344    
37 40 41 41 37 22 2.015834    3071 2.012195 0.998195    
37 42 43 43 37 23 1.985246    1021 1.988372 1.001575    
37 44 45 45 37 24 1.943571    999 1.944444 1.000450    
37 46 47 47 37 25 1.905368    978 1.904255 0.999416    
37 48 49 49 37 26 1.876800    964 1.877551 1.000400    
37 50 51 51 37 27 1.853631    951 1.852941 0.999628    
37 52 53 53 37 28 1.821523    935 1.820755 0.999578    
37 54 55 55 37 29 1.810280    929 1.809091 0.999343    
37 56 57 57 37 30 1.797101    923 1.798246 1.000637    
37 58 59 59 37 31 1.780631    914 1.779661 0.999455    
37 60 61 61 37 32 1.764286    905 1.762295 0.998872    
37 62 64 63 37 33 1.745337    896 1.746032 1.000398    
37 65 67 66 37 34 1.720892    883 1.719697 0.999306    
37 68 70 69 37 35 1.677062    859 1.673913 0.998122    
37 71 73 72 37 36 1.659411    852 1.659722 1.000187    
37 74 76 75 37 37 1.655289    848 1.653333 0.998819    
37 77 79 78 37 38 1.641859    842 1.641026 0.999492    
37 80 82 81 37 39 1.629057    836 1.629630 1.000352    
37 83 85 84 37 40 1.625131    834 1.625000 0.999919    
37 86 88 87 37 41 1.610733    825 1.609195 0.999045    
37 89 91 90 37 42 1.603916    824 1.605556 1.001022    
37 92 94 93 37 43 1.588263    814 1.586022 0.998589    
37 95 97 96 37 44 1.578239    809 1.578125 0.999928    
37 98 100 99 37 45 1.574204    808 1.575758 1.000987    
37 101 103 102 37 46 1.555676    797 1.553922 0.998872    
37 104 109 107 37 47 1.549389    796 1.551402 1.001299    
37 110 115 113 37 48 1.532597    785 1.530973 0.998941    
37 116 121 119 37 49 1.520225    780 1.521008 1.000515    
37 122 127 125 37 50 1.511808    776 1.512000 1.000127    
37 128 133 131 37 51 1.508788    773 1.507634 0.999235    
37 134 139 137 37 52 1.495382    767 1.496350 1.000648    
37 140 145 143 37 53 1.484575    762 1.486014 1.000969    
37 146 151 149 37 54 1.477562    757 1.476510 0.999288    
37 152 157 155 37 55 1.466773    753 1.467742 1.000661    
37 158 163 161 37 56 1.464579    752 1.465839 1.000860    
37 164 169 167 37 57 1.463762    751 1.464072 1.000212    
37 170 175 173 37 58 1.455708    747 1.456647 1.000645    
37 176 181 179 37 59 1.447915    742 1.446927 0.999318    
37 182 187 185 37 60 1.438542    737 1.437838 0.999511    
37 188 193 191 37 61 1.434100    735 1.434555 1.000317    
37 194 254 224 37 62 1.420114    727 1.419643 0.999668    
37 255 255 255 37 63 1.394757    714 1.394118 0.999542    
38 0 0 0 38 0 1.000000    512 1.000000 1.000000       # ieta [39], pt 0
38 15 15 15 38 1 3.297732    41983 3.300000 1.000688    
38 16 16 16 38 2 3.212715    41983 3.218750 1.001878    
38 17 17 17 38 3 3.265731    46079 3.264706 0.999686    
38 18 18 18 38 4 3.134065    44031 3.138889 1.001539    
38 19 19 19 38 5 2.946272    38911 2.947368 1.000372    
38 20 20 20 38 6 2.851911    36863 2.850000 0.999330    
38 21 21 21 38 7 2.797432    35839 2.785714 0.995811    
38 22 22 22 38 8 2.760424    35839 2.750000 0.996224    
38 23 23 23 38 9 2.705437    34815 2.695652 0.996383    
38 24 24 24 38 10 2.570643    29695 2.562500 0.996832    
38 25 25 25 38 11 2.513796    28671 2.520000 1.002468    
38 26 26 26 38 12 2.513796    29695 2.519231 1.002162    
38 27 27 27 38 13 2.433723    25599 2.425926 0.996796    
38 28 28 28 38 14 2.414206    25599 2.410714 0.998554    
38 29 29 29 38 15 2.386960    24575 2.379310 0.996795    
38 30 30 30 38 16 2.347946    23551 2.350000 1.000875    
38 31 31 31 38 17 2.360491    24575 2.354839 0.997605    
38 32 33 33 38 18 2.277211    20479 2.272727 0.998031    
38 34 35 35 38 19 2.221902    18431 2.228571 1.003002    
38 36 37 37 38 20 2.115795    11263 2.121622 1.002754    
38 38 39 39 38 21 2.077117    8191 2.076923 0.999907    
38 40 41 41 38 22 2.045288    6143 2.048780 1.001708    
38 42 43 43 38 23 2.014701    3071 2.011628 0.998475    
38 44 45 45 38 24 1.973025    1016 1.977778 1.002409    
38 46 47 47 38 25 1.934822    994 1.936170 1.000697    
38 48 49 49 38 26 1.906255    980 1.908163 1.001001    
38 50 51 51 38 27 1.883085    966 1.882353 0.999611    
38 52 53 53 38 28 1.850978    949 1.849057 0.998962    
38 54 55 55 38 29 1.839734    943 1.836364 0.998168    
38 56 57 57 38 30 1.826555    937 1.824561 0.998908    
38 58 59 59 38 31 1.805831    927 1.805085 0.999587    
38 60 61 61 38 32 1.785232    917 1.786885 1.000926    
38 62 64 63 38 33 1.766284    909 1.769841 1.002014    
38 65 67 66 38 34 1.741838    894 1.742424 1.000337    
38 68 70 69 38 35 1.698008    870 1.695652 0.998612    
38 71 73 72 38 36 1.680358    862 1.680556 1.000118    
38 74 76 75 38 37 1.676235    859 1.673333 0.998269    
38 77 79 78 38 38 1.662806    852 1.660256 0.998467    
38 80 82 81 38 39 1.650003    846 1.648148 0.998876    
38 83 85 84 38 40 1.646077    846 1.648810 1.001660    
38 86 88 87 38 41 1.631679    837 1.632184 1.000309    
38 89 91 90 38 42 1.624863    832 1.622222 0.998375    
38 92 94 93 38 43 1.609209    825 1.607527 0.998955    
38 95 97 96 38 44 1.599185    820 1.598958 0.999858    
38 98 100 99 38 45 1.595150    819 1.595960 1.000507    
38 101 103 102 38 46 1.576622    810 1.578431 1.001148    
38 104 109 107 38 47 1.570335    805 1.570093 0.999846    
38 110 115 113 38 48 1.553543    797 1.553097 0.999713    
38 116 121 119 38 49 1.541171    791 1.542017 1.000549    
38 122 127 125 38 50 1.532754    786 1.532000 0.999508    
38 128 133 131 38 51 1.529734    785 1.530534 1.000523    
38 134 139 137 38 52 1.516328    777 1.514599 0.998860    
38 140 145 143 38 53 1.505521    773 1.506993 1.000977    
38 146 151 149 38 54 1.498508    769 1.500000 1.000996    
38 152 157 155 38 55 1.487719    763 1.487097 0.999582    
38 158 163 161 38 56 1.485525    761 1.484472 0.999291    
38 164 169 167 38 57 1.484708    761 1.485030 1.000217    
38 170 175 173 38 58 1.476654    757 1.476879 1.000152    
38 176 181 179 38 59 1.468861    753 1.469274 1.000281    
38 182 187 185 38 60 1.459488    748 1.459459 0.999980    
38 188 193 191 38 61 1.455046    746 1.455497 1.000310    
38 194 254 224 38 62 1.441061    739 1.441964 1.000627    
38 255 255 255 38 63 1.415703    725 1.415686 0.999988    
39 0 0 0 39 0 1.000000    512 1.000000 1.000000       # ieta [40], pt 0
39 15 15 15 39 1 3.273687    40959 3.266667 0.997855    
39 16 16 16 39 2 3.188671    40959 3.187500 0.999633    
39 17 17 17 39 3 3.220877    45055 3.235294 1.004476    
39 18 18 18 39 4 3.089211    41983 3.083333 0.998097    
39 19 19 19 39 5 2.901418    36863 2.894737 0.997697    
39 20 20 20 39 6 2.807057    34815 2.800000 0.997486    
39 21 21 21 39 7 2.752578    34815 2.761905 1.003389    
39 22 22 22 39 8 2.715570    33791 2.704545 0.995940    
39 23 23 23 39 9 2.660583    32767 2.652174 0.996839    
39 24 24 24 39 10 2.549833    28671 2.541667 0.996797    
39 25 25 25 39 11 2.492986    27647 2.500000 1.002813    
39 26 26 26 39 12 2.492986    28671 2.500000 1.002813    
39 27 27 27 39 13 2.412913    24575 2.407407 0.997718    
39 28 28 28 39 14 2.393396    24575 2.392857 0.999775    
39 29 29 29 39 15 2.366150    23551 2.362069 0.998275    
39 30 30 30 39 16 2.327137    22527 2.333333 1.002663    
39 31 31 31 39 17 2.339682    23551 2.338710 0.999584    
39 32 33 33 39 18 2.256401    19455 2.257576 1.000521    
39 34 35 35 39 19 2.201092    16383 2.200000 0.999504    
39 36 37 37 39 20 2.115795    11263 2.121622 1.002754    
39 38 39 39 39 21 2.077117    8191 2.076923 0.999907    
39 40 41 41 39 22 2.045288    6143 2.048780 1.001708    
39 42 43 43 39 23 2.014701    3071 2.011628 0.998475    
39 44 45 45 39 24 1.973025    1016 1.977778 1.002409    
39 46 47 47 39 25 1.934822    994 1.936170 1.000697    
39 48 49 49 39 26 1.906255    980 1.908163 1.001001    
39 50 51 51 39 27 1.883085    966 1.882353 0.999611    
39 52 53 53 39 28 1.850978    949 1.849057 0.998962    
39 54 55 55 39 29 1.839734    943 1.836364 0.998168    
39 56 57 57 39 30 1.826555    937 1.824561 0.998908    
39 58 59 59 39 31 1.805831    927 1.805085 0.999587    
39 60 61 61 39 32 1.785232    917 1.786885 1.000926    
39 62 64 63 39 33 1.766284    909 1.769841 1.002014    
39 65 67 66 39 34 1.741838    894 1.742424 1.000337    
39 68 70 69 39 35 1.698008    870 1.695652 0.998612    
39 71 73 72 39 36 1.680358    862 1.680556 1.000118    
39 74 76 75 39 37 1.676235    859 1.673333 0.998269    
39 77 79 78 39 38 1.662806    852 1.660256 0.998467    
39 80 82 81 39 39 1.650003    846 1.648148 0.998876    
39 83 85 84 39 40 1.646077    846 1.648810 1.001660    
39 86 88 87 39 41 1.631679    837 1.632184 1.000309    
39 89 91 90 39 42 1.624863    832 1.622222 0.998375    
39 92 94 93 39 43 1.609209    825 1.607527 0.998955    
39 95 97 96 39 44 1.599185    820 1.598958 0.999858    
39 98 100 99 39 45 1.595150    819 1.595960 1.000507    
39 101 103 102 39 46 1.576622    810 1.578431 1.001148    
39 104 109 107 39 47 1.570335    805 1.570093 0.999846    
39 110 115 113 39 48 1.553543    797 1.553097 0.999713    
39 116 121 119 39 49 1.541171    791 1.542017 1.000549    
39 122 127 125 39 50 1.532754    786 1.532000 0.999508    
39 128 133 131 39 51 1.529734    785 1.530534 1.000523    
39 134 139 137 39 52 1.516328    777 1.514599 0.998860    
39 140 145 143 39 53 1.505521    773 1.506993 1.000977    
39 146 151 149 39 54 1.498508    769 1.500000 1.000996    
39 152 157 155 39 55 1.487719    763 1.487097 0.999582    
39 158 163 161 39 56 1.485525    761 1.484472 0.999291    
39 164 169 167 39 57 1.484708    761 1.485030 1.000217    
39 170 175 173 39 58 1.476654    757 1.476879 1.000152    
39 176 181 179 39 59 1.468861    753 1.469274 1.000281    
39 182 187 185 39 60 1.459488    748 1.459459 0.999980    
39 188 193 191 39 61 1.455046    746 1.455497 1.000310    
39 194 254 224 39 62 1.441061    739 1.441964 1.000627    
39 255 255 255 39 63 1.415703    725 1.415686 0.999988    
