# columns 
# CaloToolMPEtaBin PtMin PtMax avgPt IEtaBin_forLUT_col1 PtBin_forLUT SF
0 0 0 0 0 0 1.000000    512 1.000000 1.000000       # ieta [1], pt 0
0 15 15 15 0 1 2.508629    17407 2.500000 0.996560    
0 16 16 16 0 2 2.418303    15359 2.406250 0.995016    
0 17 17 17 0 3 2.392932    15359 2.382353 0.995579    
0 18 18 18 0 4 2.362936    15359 2.361111 0.999228    
0 19 19 19 0 5 2.365432    16383 2.368421 1.001264    
0 20 20 20 0 6 2.345718    16383 2.350000 1.001826    
0 21 21 21 0 7 2.307528    15359 2.309524 1.000865    
0 22 22 22 0 8 2.300391    15359 2.295455 0.997854    
0 23 23 23 0 9 2.275215    15359 2.282609 1.003250    
0 24 24 24 0 10 2.267015    15359 2.270833 1.001684    
0 25 25 25 0 11 2.247512    14335 2.240000 0.996658    
0 26 26 26 0 12 2.229992    14335 2.230769 1.000349    
0 27 27 27 0 13 2.210239    13311 2.203704 0.997043    
0 28 28 28 0 14 2.180420    12287 2.178571 0.999152    
0 29 29 29 0 15 2.182173    13311 2.189655 1.003429    
0 30 30 30 0 16 2.142759    11263 2.150000 1.003379    
0 31 31 31 0 17 2.135058    10239 2.129032 0.997178    
0 32 33 33 0 18 2.100529    9215 2.106061 1.002633    
0 34 35 35 0 19 2.085979    8191 2.085714 0.999873    
0 36 37 37 0 20 2.034468    5119 2.040541 1.002985    
0 38 39 39 0 21 2.015996    3071 2.012821 0.998425    
0 40 41 41 0 22 1.999138    2047 2.000000 1.000431    
0 42 43 43 0 23 1.966467    1010 1.965116 0.999313    
0 44 45 45 0 24 1.957726    1004 1.955556 0.998891    
0 46 47 47 0 25 1.934908    994 1.936170 1.000653    
0 48 49 49 0 26 1.921859    985 1.918367 0.998183    
0 50 51 51 0 27 1.904230    976 1.901961 0.998809    
0 52 53 53 0 28 1.894307    973 1.896226 1.001013    
0 54 55 55 0 29 1.878299    966 1.881818 1.001874    
0 56 57 57 0 30 1.870420    959 1.868421 0.998931    
0 58 59 59 0 31 1.861379    957 1.864407 1.001626    
0 60 61 61 0 32 1.844481    947 1.844262 0.999881    
0 62 64 63 0 33 1.827812    937 1.825397 0.998679    
0 65 67 66 0 34 1.812411    929 1.810606 0.999004    
0 68 70 69 0 35 1.798597    922 1.797101 0.999168    
0 71 73 72 0 36 1.773267    909 1.770833 0.998628    
0 74 76 75 0 37 1.772888    910 1.773333 1.000251    
0 77 79 78 0 38 1.760541    904 1.762821 1.001295    
0 80 82 81 0 39 1.740786    893 1.740741 0.999974    
0 83 85 84 0 40 1.735206    891 1.738095 1.001665    
0 86 88 87 0 41 1.723774    884 1.724138 1.000211    
0 89 91 90 0 42 1.718805    881 1.716667 0.998756    
0 92 94 93 0 43 1.710504    877 1.709677 0.999517    
0 95 97 96 0 44 1.700076    871 1.697917 0.998730    
0 98 100 99 0 45 1.682157    863 1.681818 0.999799    
0 101 103 102 0 46 1.673411    857 1.671569 0.998899    
0 104 109 107 0 47 1.664377    853 1.663551 0.999504    
0 110 115 113 0 48 1.658765    851 1.659292 1.000318    
0 116 121 119 0 49 1.643344    843 1.642857 0.999704    
0 122 127 125 0 50 1.634081    839 1.636000 1.001174    
0 128 133 131 0 51 1.619352    830 1.618321 0.999363    
0 134 139 137 0 52 1.613889    827 1.613139 0.999535    
0 140 145 143 0 53 1.600255    821 1.601399 1.000715    
0 146 151 149 0 54 1.593741    817 1.593960 1.000137    
0 152 157 155 0 55 1.588962    815 1.590323 1.000856    
0 158 163 161 0 56 1.576094    809 1.577640 1.000980    
0 164 169 167 0 57 1.575585    807 1.574850 0.999533    
0 170 175 173 0 58 1.573493    806 1.572254 0.999213    
0 176 181 179 0 59 1.562221    800 1.561453 0.999508    
0 182 187 185 0 60 1.556494    798 1.556757 1.000169    
0 188 193 191 0 61 1.554813    797 1.554974 1.000104    
0 194 254 224 0 62 1.535510    787 1.535714 1.000133    
0 255 255 255 0 63 1.524269    781 1.523529 0.999515    
1 0 0 0 1 0 1.000000    512 1.000000 1.000000       # ieta [2], pt 0
1 15 15 15 1 1 2.486679    17407 2.500000 1.005357    
1 16 16 16 1 2 2.398448    15359 2.406250 1.003253    
1 17 17 17 1 3 2.375261    15359 2.382353 1.002986    
1 18 18 18 1 4 2.348297    15359 2.361111 1.005457    
1 19 19 19 1 5 2.352650    15359 2.342105 0.995518    
1 20 20 20 1 6 2.334627    15359 2.325000 0.995876    
1 21 21 21 1 7 2.298687    15359 2.309524 1.004714    
1 22 22 22 1 8 2.291577    15359 2.295455 1.001692    
1 23 23 23 1 9 2.266498    14335 2.260870 0.997517    
1 24 24 24 1 10 2.258330    14335 2.250000 0.996312    
1 25 25 25 1 11 2.238901    14335 2.240000 1.000491    
1 26 26 26 1 12 2.221448    14335 2.230769 1.004196    
1 27 27 27 1 13 2.201771    13311 2.203704 1.000878    
1 28 28 28 1 14 2.171775    12287 2.178571 1.003129    
1 29 29 29 1 15 2.173521    12287 2.172414 0.999491    
1 30 30 30 1 16 2.134264    10239 2.133333 0.999564    
1 31 31 31 1 17 2.126695    10239 2.129032 1.001099    
1 32 33 33 1 18 2.091877    8191 2.090909 0.999537    
1 34 35 35 1 19 2.077340    7167 2.071429 0.997155    
1 36 37 37 1 20 2.032065    4095 2.027027 0.997521    
1 38 39 39 1 21 2.014056    3071 2.012821 0.999387    
1 40 41 41 1 22 1.997209    2046 2.000000 1.001398    
1 42 43 43 1 23 1.964609    1010 1.965116 1.000258    
1 44 45 45 1 24 1.955915    1004 1.955556 0.999816    
1 46 47 47 1 25 1.933174    994 1.936170 1.001550    
1 48 49 49 1 26 1.920136    985 1.918367 0.999079    
1 50 51 51 1 27 1.902523    976 1.901961 0.999705    
1 52 53 53 1 28 1.892609    973 1.896226 1.001911    
1 54 55 55 1 29 1.876615    962 1.872727 0.997928    
1 56 57 57 1 30 1.869085    959 1.868421 0.999645    
1 58 59 59 1 31 1.861113    957 1.864407 1.001770    
1 60 61 61 1 32 1.843505    947 1.844262 1.000411    
1 62 64 63 1 33 1.826844    937 1.825397 0.999208    
1 65 67 66 1 34 1.811451    929 1.810606 0.999533    
1 68 70 69 1 35 1.797645    922 1.797101 0.999698    
1 71 73 72 1 36 1.772328    909 1.770833 0.999157    
1 74 76 75 1 37 1.771949    910 1.773333 1.000781    
1 77 79 78 1 38 1.759609    901 1.756410 0.998182    
1 80 82 81 1 39 1.739864    893 1.740741 1.000504    
1 83 85 84 1 40 1.734279    888 1.732143 0.998768    
1 86 88 87 1 41 1.722861    884 1.724138 1.000741    
1 89 91 90 1 42 1.717896    880 1.716667 0.999285    
1 92 94 93 1 43 1.709633    877 1.709677 1.000026    
1 95 97 96 1 44 1.699228    871 1.697917 0.999228    
1 98 100 99 1 45 1.681318    863 1.681818 1.000298    
1 101 103 102 1 46 1.672634    857 1.671569 0.999363    
1 104 109 107 1 47 1.663567    853 1.663551 0.999991    
1 110 115 113 1 48 1.657958    851 1.659292 1.000804    
1 116 121 119 1 49 1.642803    843 1.642857 1.000033    
1 122 127 125 1 50 1.633544    837 1.632000 0.999055    
1 128 133 131 1 51 1.619148    830 1.618321 0.999489    
1 134 139 137 1 52 1.614076    827 1.613139 0.999419    
1 140 145 143 1 53 1.600749    821 1.601399 1.000406    
1 146 151 149 1 54 1.594373    817 1.593960 0.999741    
1 152 157 155 1 55 1.589732    815 1.590323 1.000371    
1 158 163 161 1 56 1.576746    809 1.577640 1.000567    
1 164 169 167 1 57 1.576010    807 1.574850 0.999264    
1 170 175 173 1 58 1.573917    807 1.575145 1.000780    
1 176 181 179 1 59 1.562642    800 1.561453 0.999239    
1 182 187 185 1 60 1.556914    798 1.556757 0.999899    
1 188 193 191 1 61 1.555232    797 1.554974 0.999834    
1 194 254 224 1 62 1.532047    785 1.531250 0.999480    
1 255 255 255 1 63 1.518866    779 1.519608 1.000488    
2 0 0 0 2 0 1.000000    512 1.000000 1.000000       # ieta [3], pt 0
2 15 15 15 2 1 2.543750    18431 2.533333 0.995905    
2 16 16 16 2 2 2.455874    17407 2.468750 1.005243    
2 17 17 17 2 3 2.432779    17407 2.441176 1.003452    
2 18 18 18 2 4 2.394405    16383 2.388889 0.997696    
2 19 19 19 2 5 2.391692    17407 2.394737 1.001273    
2 20 20 20 2 6 2.370854    17407 2.375000 1.001749    
2 21 21 21 2 7 2.323789    16383 2.333333 1.004107    
2 22 22 22 2 8 2.316869    16383 2.318182 1.000567    
2 23 23 23 2 9 2.291513    15359 2.282609 0.996114    
2 24 24 24 2 10 2.282692    16383 2.291667 1.003931    
2 25 25 25 2 11 2.263238    15359 2.260000 0.998569    
2 26 26 26 2 12 2.245595    15359 2.250000 1.001962    
2 27 27 27 2 13 2.225817    14335 2.222222 0.998385    
2 28 28 28 2 14 2.195165    13311 2.196429 1.000576    
2 29 29 29 2 15 2.196929    13311 2.189655 0.996689    
2 30 30 30 2 16 2.156325    11263 2.150000 0.997067    
2 31 31 31 2 17 2.148679    11263 2.145161 0.998363    
2 32 33 33 2 18 2.113591    9215 2.106061 0.996437    
2 34 35 35 2 19 2.097391    9215 2.100000 1.001244    
2 36 37 37 2 20 2.045030    5119 2.040541 0.997805    
2 38 39 39 2 21 2.025230    4095 2.025641 1.000203    
2 40 41 41 2 22 2.008029    3071 2.012195 1.002075    
2 42 43 43 2 23 1.974836    1016 1.976744 1.000966    
2 44 45 45 2 24 1.965303    1010 1.966667 1.000694    
2 46 47 47 2 25 1.941499    1000 1.946809 1.002735    
2 48 49 49 2 26 1.928093    990 1.928571 1.000248    
2 50 51 51 2 27 1.908227    981 1.911765 1.001854    
2 52 53 53 2 28 1.897408    973 1.896226 0.999377    
2 54 55 55 2 29 1.881109    966 1.881818 1.000377    
2 56 57 57 2 30 1.873320    964 1.877193 1.002068    
2 58 59 59 2 31 1.865088    957 1.864407 0.999635    
2 60 61 61 2 32 1.847442    947 1.844262 0.998279    
2 62 64 63 2 33 1.830196    941 1.833333 1.001714    
2 65 67 66 2 34 1.814775    933 1.818182 1.001878    
2 68 70 69 2 35 1.800943    926 1.804348 1.001890    
2 71 73 72 2 36 1.775580    912 1.777778 1.001238    
2 74 76 75 2 37 1.775200    910 1.773333 0.998948    
2 77 79 78 2 38 1.762742    904 1.762821 1.000045    
2 80 82 81 2 39 1.742962    893 1.740741 0.998725    
2 83 85 84 2 40 1.737367    891 1.738095 1.000419    
2 86 88 87 2 41 1.724461    884 1.724138 0.999813    
2 89 91 90 2 42 1.720955    883 1.722222 1.000736    
2 92 94 93 2 43 1.712677    880 1.715054 1.001388    
2 95 97 96 2 44 1.702254    873 1.703125 1.000512    
2 98 100 99 2 45 1.684436    865 1.686869 1.001444    
2 101 103 102 2 46 1.675773    860 1.676471 1.000416    
2 104 109 107 2 47 1.666611    856 1.668224 1.000968    
2 110 115 113 2 48 1.660845    851 1.659292 0.999065    
2 116 121 119 2 49 1.645335    845 1.647059 1.001048    
2 122 127 125 2 50 1.636061    839 1.636000 0.999963    
2 128 133 131 2 51 1.621643    832 1.622137 1.000305    
2 134 139 137 2 52 1.616564    829 1.616788 1.000139    
2 140 145 143 2 53 1.603216    823 1.604895 1.001047    
2 146 151 149 2 54 1.596830    819 1.597315 1.000304    
2 152 157 155 2 55 1.592182    817 1.593548 1.000858    
2 158 163 161 2 56 1.579176    809 1.577640 0.999027    
2 164 169 167 2 57 1.578439    809 1.577844 0.999623    
2 170 175 173 2 58 1.576343    807 1.575145 0.999240    
2 176 181 179 2 59 1.565051    802 1.564246 0.999486    
2 182 187 185 2 60 1.559313    799 1.559459 1.000094    
2 188 193 191 2 61 1.557629    798 1.557592 0.999976    
2 194 254 224 2 62 1.532069    785 1.531250 0.999465    
2 255 255 255 2 63 1.512629    775 1.511765 0.999429    
3 0 0 0 3 0 1.000000    512 1.000000 1.000000       # ieta [4], pt 0
3 15 15 15 3 1 2.544337    18431 2.533333 0.995675    
3 16 16 16 3 2 2.456947    17407 2.468750 1.004804    
3 17 17 17 3 3 2.434522    17407 2.441176 1.002733    
3 18 18 18 3 4 2.398659    16383 2.388889 0.995927    
3 19 19 19 3 5 2.395941    17407 2.394737 0.999498    
3 20 20 20 3 6 2.378574    17407 2.375000 0.998497    
3 21 21 21 3 7 2.347238    17407 2.357143 1.004220    
3 22 22 22 3 8 2.329429    16383 2.318182 0.995172    
3 23 23 23 3 9 2.308103    16383 2.304348 0.998373    
3 24 24 24 3 10 2.296625    16383 2.291667 0.997841    
3 25 25 25 3 11 2.277052    16383 2.280000 1.001295    
3 26 26 26 3 12 2.259301    15359 2.250000 0.995883    
3 27 27 27 3 13 2.237817    15359 2.240741 1.001307    
3 28 28 28 3 14 2.207580    14335 2.214286 1.003037    
3 29 29 29 3 15 2.206995    14335 2.206897 0.999955    
3 30 30 30 3 16 2.167409    12287 2.166667 0.999657    
3 31 31 31 3 17 2.160099    12287 2.161290 1.000551    
3 32 33 33 3 18 2.129671    11263 2.136364 1.003143    
3 34 35 35 3 19 2.113152    10239 2.114286 1.000536    
3 36 37 37 3 20 2.062391    7167 2.067568 1.002510    
3 38 39 39 3 21 2.042479    5119 2.038462 0.998033    
3 40 41 41 3 22 2.024079    4095 2.024390 1.000154    
3 42 43 43 3 23 1.987589    1021 1.988372 1.000394    
3 44 45 45 3 24 1.977211    1016 1.977778 1.000287    
3 46 47 47 3 25 1.953133    1005 1.957447 1.002209    
3 48 49 49 3 26 1.939905    995 1.938776 0.999418    
3 50 51 51 3 27 1.922749    986 1.921569 0.999386    
3 52 53 53 3 28 1.911496    983 1.915094 1.001882    
3 54 55 55 3 29 1.897584    975 1.900000 1.001273    
3 56 57 57 3 30 1.889660    969 1.885965 0.998045    
3 58 59 59 3 31 1.882818    966 1.881356 0.999223    
3 60 61 61 3 32 1.863986    955 1.860656 0.998214    
3 62 64 63 3 33 1.845857    949 1.849206 1.001815    
3 65 67 66 3 34 1.828957    937 1.825758 0.998251    
3 68 70 69 3 35 1.813033    930 1.811594 0.999206    
3 71 73 72 3 36 1.786450    916 1.784722 0.999033    
3 74 76 75 3 37 1.786010    917 1.786667 1.000368    
3 77 79 78 3 38 1.772522    911 1.775641 1.001760    
3 80 82 81 3 39 1.752540    899 1.753086 1.000312    
3 83 85 84 3 40 1.746737    895 1.744048 0.998460    
3 86 88 87 3 41 1.732994    890 1.735632 1.001523    
3 89 91 90 3 42 1.729141    886 1.727778 0.999212    
3 92 94 93 3 43 1.720041    882 1.720430 1.000226    
3 95 97 96 3 44 1.709042    876 1.708333 0.999585    
3 98 100 99 3 45 1.691089    868 1.691919 1.000491    
3 101 103 102 3 46 1.681629    862 1.681373 0.999848    
3 104 109 107 3 47 1.672415    858 1.672897 1.000288    
3 110 115 113 3 48 1.665446    853 1.663717 0.998961    
3 116 121 119 3 49 1.649187    847 1.651261 1.001257    
3 122 127 125 3 50 1.639325    841 1.640000 1.000412    
3 128 133 131 3 51 1.623924    832 1.622137 0.998900    
3 134 139 137 3 52 1.618837    831 1.620438 1.000989    
3 140 145 143 3 53 1.605671    823 1.604895 0.999517    
3 146 151 149 3 54 1.599275    821 1.600671 1.000873    
3 152 157 155 3 55 1.594259    817 1.593548 0.999554    
3 158 163 161 3 56 1.581222    810 1.580745 0.999699    
3 164 169 167 3 57 1.580412    810 1.580838 1.000270    
3 170 175 173 3 58 1.577920    809 1.578035 1.000073    
3 176 181 179 3 59 1.566584    803 1.567039 1.000291    
3 182 187 185 3 60 1.560840    801 1.562162 1.000847    
3 188 193 191 3 61 1.559155    800 1.560209 1.000677    
3 194 254 224 3 62 1.532325    785 1.531250 0.999298    
3 255 255 255 3 63 1.510988    775 1.511765 1.000514    
4 0 0 0 4 0 1.000000    512 1.000000 1.000000       # ieta [5], pt 0
4 15 15 15 4 1 2.586519    20479 2.600000 1.005212    
4 16 16 16 4 2 2.506171    18431 2.500000 0.997538    
4 17 17 17 4 3 2.478820    18431 2.470588 0.996679    
4 18 18 18 4 4 2.433018    18431 2.444444 1.004697    
4 19 19 19 4 5 2.427611    18431 2.421053 0.997298    
4 20 20 20 4 6 2.409145    18431 2.400000 0.996204    
4 21 21 21 4 7 2.368173    17407 2.357143 0.995342    
4 22 22 22 4 8 2.348340    17407 2.340909 0.996836    
4 23 23 23 4 9 2.328109    17407 2.326087 0.999132    
4 24 24 24 4 10 2.315100    17407 2.312500 0.998877    
4 25 25 25 4 11 2.290917    17407 2.300000 1.003965    
4 26 26 26 4 12 2.272352    16383 2.269231 0.998626    
4 27 27 27 4 13 2.251762    16383 2.259259 1.003329    
4 28 28 28 4 14 2.223289    15359 2.232143 1.003982    
4 29 29 29 4 15 2.221968    15359 2.224138 1.000977    
4 30 30 30 4 16 2.181734    13311 2.183333 1.000733    
4 31 31 31 4 17 2.177876    13311 2.177419 0.999790    
4 32 33 33 4 18 2.147600    12287 2.151515 1.001823    
4 34 35 35 4 19 2.128575    11263 2.128571 0.999999    
4 36 37 37 4 20 2.082080    8191 2.081081 0.999520    
4 38 39 39 4 21 2.063317    7167 2.064103 1.000381    
4 40 41 41 4 22 2.045162    6143 2.048780 1.001769    
4 42 43 43 4 23 2.004171    2047 2.000000 0.997919    
4 44 45 45 4 24 1.995653    2045 2.000000 1.002178    
4 46 47 47 4 25 1.972239    1011 1.968085 0.997894    
4 48 49 49 4 26 1.956501    1006 1.959184 1.001371    
4 50 51 51 4 27 1.937142    996 1.941176 1.002083    
4 52 53 53 4 28 1.921895    988 1.924528 1.001370    
4 54 55 55 4 29 1.903958    976 1.900000 0.997921    
4 56 57 57 4 30 1.897517    973 1.894737 0.998535    
4 58 59 59 4 31 1.889682    970 1.889831 1.000079    
4 60 61 61 4 32 1.871441    960 1.868852 0.998617    
4 62 64 63 4 33 1.852726    949 1.849206 0.998100    
4 65 67 66 4 34 1.835201    941 1.833333 0.998982    
4 68 70 69 4 35 1.819449    933 1.818841 0.999666    
4 71 73 72 4 36 1.793141    919 1.791667 0.999178    
4 74 76 75 4 37 1.792668    920 1.793333 1.000371    
4 77 79 78 4 38 1.781095    914 1.782051 1.000537    
4 80 82 81 4 39 1.762379    906 1.765432 1.001732    
4 83 85 84 4 40 1.756731    901 1.755952 0.999557    
4 86 88 87 4 41 1.743057    893 1.741379 0.999037    
4 89 91 90 4 42 1.739257    892 1.738889 0.999788    
4 92 94 93 4 43 1.729987    888 1.731183 1.000691    
4 95 97 96 4 44 1.718731    881 1.718750 1.000011    
4 98 100 99 4 45 1.702243    873 1.702020 0.999869    
4 101 103 102 4 46 1.693458    868 1.691176 0.998653    
4 104 109 107 4 47 1.683380    863 1.682243 0.999325    
4 110 115 113 4 48 1.676066    860 1.676991 1.000552    
4 116 121 119 4 49 1.660343    851 1.659664 0.999591    
4 122 127 125 4 50 1.650289    847 1.652000 1.001037    
4 128 133 131 4 51 1.634449    838 1.633588 0.999473    
4 134 139 137 4 52 1.630836    837 1.631387 1.000338    
4 140 145 143 4 53 1.620632    832 1.622378 1.001077    
4 146 151 149 4 54 1.615551    828 1.614094 0.999098    
4 152 157 155 4 55 1.610409    825 1.609677 0.999546    
4 158 163 161 4 56 1.596831    818 1.596273 0.999651    
4 164 169 167 4 57 1.595341    818 1.595808 1.000293    
4 170 175 173 4 58 1.592257    816 1.592486 1.000144    
4 176 181 179 4 59 1.580838    810 1.581006 1.000106    
4 182 187 185 4 60 1.574700    808 1.575676 1.000620    
4 188 193 191 4 61 1.572514    806 1.573298 1.000499    
4 194 254 224 4 62 1.543489    790 1.542411 0.999301    
4 255 255 255 4 63 1.521864    780 1.521569 0.999806    
5 0 0 0 5 0 1.000000    512 1.000000 1.000000       # ieta [6], pt 0
5 15 15 15 5 1 2.596537    20479 2.600000 1.001334    
5 16 16 16 5 2 2.516415    19455 2.531250 1.005895    
5 17 17 17 5 3 2.493095    19455 2.500000 1.002770    
5 18 18 18 5 4 2.444354    18431 2.444444 1.000037    
5 19 19 19 5 5 2.438922    19455 2.447368 1.003463    
5 20 20 20 5 6 2.420370    19455 2.425000 1.001913    
5 21 21 21 5 7 2.375098    18431 2.380952 1.002465    
5 22 22 22 5 8 2.354612    18431 2.363636 1.003833    
5 23 23 23 5 9 2.333573    17407 2.326087 0.996792    
5 24 24 24 5 10 2.319511    17407 2.312500 0.996977    
5 25 25 25 5 11 2.293755    17407 2.300000 1.002723    
5 26 26 26 5 12 2.275167    16383 2.269231 0.997391    
5 27 27 27 5 13 2.254552    16383 2.259259 1.002088    
5 28 28 28 5 14 2.228343    15359 2.232143 1.001705    
5 29 29 29 5 15 2.225590    15359 2.224138 0.999347    
5 30 30 30 5 16 2.186162    13311 2.183333 0.998706    
5 31 31 31 5 17 2.182295    13311 2.177419 0.997766    
5 32 33 33 5 18 2.150552    12287 2.151515 1.000448    
5 34 35 35 5 19 2.132370    11263 2.128571 0.998219    
5 36 37 37 5 20 2.087850    9215 2.094595 1.003231    
5 38 39 39 5 21 2.073086    8191 2.076923 1.001851    
5 40 41 41 5 22 2.055152    7167 2.060976 1.002834    
5 42 43 43 5 23 2.013960    3071 2.011628 0.998842    
5 44 45 45 5 24 2.005372    2047 2.000000 0.997321    
5 46 47 47 5 25 1.981814    1016 1.978723 0.998441    
5 48 49 49 5 26 1.966000    1011 1.969388 1.001723    
5 50 51 51 5 27 1.945155    997 1.941176 0.997955    
5 52 53 53 5 28 1.929551    993 1.933962 1.002286    
5 54 55 55 5 29 1.915391    985 1.918182 1.001457    
5 56 57 57 5 30 1.905689    977 1.903509 0.998856    
5 58 59 59 5 31 1.897500    974 1.898305 1.000424    
5 60 61 61 5 32 1.879183    964 1.877049 0.998864    
5 62 64 63 5 33 1.859973    953 1.857143 0.998478    
5 65 67 66 5 34 1.842171    945 1.840909 0.999315    
5 68 70 69 5 35 1.824935    937 1.826087 1.000632    
5 71 73 72 5 36 1.797766    923 1.798611 1.000470    
5 74 76 75 5 37 1.797278    924 1.800000 1.001514    
5 77 79 78 5 38 1.785174    915 1.782051 0.998251    
5 80 82 81 5 39 1.765839    906 1.765432 0.999770    
5 83 85 84 5 40 1.759869    904 1.761905 1.001157    
5 86 88 87 5 41 1.745402    896 1.747126 1.000988    
5 89 91 90 5 42 1.741446    892 1.738889 0.998532    
5 92 94 93 5 43 1.731759    888 1.731183 0.999667    
5 95 97 96 5 44 1.720288    881 1.718750 0.999106    
5 98 100 99 5 45 1.703655    873 1.702020 0.999041    
5 101 103 102 5 46 1.694314    870 1.696078 1.001042    
5 104 109 107 5 47 1.684172    863 1.682243 0.998855    
5 110 115 113 5 48 1.676854    860 1.676991 1.000082    
5 116 121 119 5 49 1.661124    851 1.659664 0.999121    
5 122 127 125 5 50 1.651066    847 1.652000 1.000566    
5 128 133 131 5 51 1.634551    838 1.633588 0.999411    
5 134 139 137 5 52 1.630938    837 1.631387 1.000275    
5 140 145 143 5 53 1.620733    832 1.622378 1.001015    
5 146 151 149 5 54 1.615652    828 1.614094 0.999036    
5 152 157 155 5 55 1.610509    825 1.609677 0.999483    
5 158 163 161 5 56 1.596931    818 1.596273 0.999588    
5 164 169 167 5 57 1.595441    818 1.595808 1.000230    
5 170 175 173 5 58 1.592356    816 1.592486 1.000081    
5 176 181 179 5 59 1.581036    810 1.581006 0.999981    
5 182 187 185 5 60 1.575096    808 1.575676 1.000368    
5 188 193 191 5 61 1.572910    806 1.573298 1.000247    
5 194 254 224 5 62 1.543878    791 1.544643 1.000496    
5 255 255 255 5 63 1.522247    780 1.521569 0.999554    
6 0 0 0 6 0 1.000000    512 1.000000 1.000000       # ieta [7], pt 0
6 15 15 15 6 1 2.596537    20479 2.600000 1.001334    
6 16 16 16 6 2 2.516949    19455 2.531250 1.005682    
6 17 17 17 6 3 2.495202    19455 2.500000 1.001923    
6 18 18 18 6 4 2.457208    18431 2.444444 0.994806    
6 19 19 19 6 5 2.453005    19455 2.447368 0.997702    
6 20 20 20 6 6 2.434345    19455 2.425000 0.996161    
6 21 21 21 6 7 2.386008    18431 2.380952 0.997881    
6 22 22 22 6 8 2.364962    18431 2.363636 0.999440    
6 23 23 23 6 9 2.345125    18431 2.347826 1.001152    
6 24 24 24 6 10 2.330549    18431 2.333333 1.001195    
6 25 25 25 6 11 2.303383    17407 2.300000 0.998531    
6 26 26 26 6 12 2.282800    17407 2.288462 1.002480    
6 27 27 27 6 13 2.260911    16383 2.259259 0.999269    
6 28 28 28 6 14 2.233121    15359 2.232143 0.999562    
6 29 29 29 6 15 2.230362    15359 2.224138 0.997209    
6 30 30 30 6 16 2.190111    13311 2.183333 0.996905    
6 31 31 31 6 17 2.186237    14335 2.193548 1.003344    
6 32 33 33 6 18 2.151190    12287 2.151515 1.000151    
6 34 35 35 6 19 2.132562    11263 2.128571 0.998129    
6 36 37 37 6 20 2.087850    9215 2.094595 1.003231    
6 38 39 39 6 21 2.073086    8191 2.076923 1.001851    
6 40 41 41 6 22 2.055152    7167 2.060976 1.002834    
6 42 43 43 6 23 2.013960    3071 2.011628 0.998842    
6 44 45 45 6 24 2.005372    2047 2.000000 0.997321    
6 46 47 47 6 25 1.981814    1016 1.978723 0.998441    
6 48 49 49 6 26 1.966000    1011 1.969388 1.001723    
6 50 51 51 6 27 1.945155    997 1.941176 0.997955    
6 52 53 53 6 28 1.929551    993 1.933962 1.002286    
6 54 55 55 6 29 1.916534    985 1.918182 1.000860    
6 56 57 57 6 30 1.906827    978 1.903509 0.998260    
6 58 59 59 6 31 1.898633    974 1.898305 0.999828    
6 60 61 61 6 32 1.881065    964 1.877049 0.997865    
6 62 64 63 6 33 1.861836    957 1.865079 1.001742    
6 65 67 66 6 34 1.844177    945 1.840909 0.998228    
6 68 70 69 6 35 1.826762    937 1.826087 0.999631    
6 71 73 72 6 36 1.800146    923 1.798611 0.999147    
6 74 76 75 6 37 1.799753    924 1.800000 1.000137    
6 77 79 78 6 38 1.790585    917 1.788462 0.998814    
6 80 82 81 6 39 1.772395    909 1.771605 0.999554    
6 83 85 84 6 40 1.766404    907 1.767857 1.000823    
6 86 88 87 6 41 1.751883    899 1.752874 1.000565    
6 89 91 90 6 42 1.747912    897 1.750000 1.001194    
6 92 94 93 6 43 1.737825    891 1.736559 0.999272    
6 95 97 96 6 44 1.725826    884 1.723958 0.998918    
6 98 100 99 6 45 1.708678    876 1.707071 0.999059    
6 101 103 102 6 46 1.699083    872 1.700980 1.001117    
6 104 109 107 6 47 1.687515    865 1.686916 0.999645    
6 110 115 113 6 48 1.678980    860 1.676991 0.998815    
6 116 121 119 6 49 1.662288    853 1.663866 1.000949    
6 122 127 125 6 50 1.652222    847 1.652000 0.999866    
6 128 133 131 6 51 1.635696    840 1.637405 1.001045    
6 134 139 137 6 52 1.631994    837 1.631387 0.999628    
6 140 145 143 6 53 1.621611    832 1.622378 1.000473    
6 146 151 149 6 54 1.616527    829 1.617450 1.000571    
6 152 157 155 6 55 1.611382    827 1.612903 1.000944    
6 158 163 161 6 56 1.597796    818 1.596273 0.999047    
6 164 169 167 6 57 1.596305    818 1.595808 0.999689    
6 170 175 173 6 58 1.593219    816 1.592486 0.999540    
6 176 181 179 6 59 1.582024    810 1.581006 0.999356    
6 182 187 185 6 60 1.576147    808 1.575676 0.999701    
6 188 193 191 6 61 1.573960    806 1.573298 0.999580    
6 194 254 224 6 62 1.545085    791 1.544643 0.999714    
6 255 255 255 6 63 1.523460    781 1.523529 1.000046    
7 0 0 0 7 0 1.000000    512 1.000000 1.000000       # ieta [8], pt 0
7 15 15 15 7 1 2.591292    20479 2.600000 1.003360    
7 16 16 16 7 2 2.515452    18431 2.500000 0.993857    
7 17 17 17 7 3 2.494084    19455 2.500000 1.002372    
7 18 18 18 7 4 2.456191    18431 2.444444 0.995218    
7 19 19 19 7 5 2.451988    19455 2.447368 0.998116    
7 20 20 20 7 6 2.433336    19455 2.425000 0.996574    
7 21 21 21 7 7 2.385019    18431 2.380952 0.998295    
7 22 22 22 7 8 2.364358    18431 2.363636 0.999695    
7 23 23 23 7 9 2.344526    18431 2.347826 1.001408    
7 24 24 24 7 10 2.329954    18431 2.333333 1.001450    
7 25 25 25 7 11 2.302794    17407 2.300000 0.998787    
7 26 26 26 7 12 2.282217    17407 2.288462 1.002736    
7 27 27 27 7 13 2.260334    16383 2.259259 0.999525    
7 28 28 28 7 14 2.232551    15359 2.232143 0.999817    
7 29 29 29 7 15 2.229793    15359 2.224138 0.997464    
7 30 30 30 7 16 2.190362    13311 2.183333 0.996791    
7 31 31 31 7 17 2.186488    14335 2.193548 1.003229    
7 32 33 33 7 18 2.151437    12287 2.151515 1.000036    
7 34 35 35 7 19 2.132807    11263 2.128571 0.998014    
7 36 37 37 7 20 2.088089    9215 2.094595 1.003115    
7 38 39 39 7 21 2.073324    8191 2.076923 1.001736    
7 40 41 41 7 22 2.055011    7167 2.060976 1.002903    
7 42 43 43 7 23 2.014038    3071 2.011628 0.998804    
7 44 45 45 7 24 2.006303    3071 2.011111 1.002396    
7 46 47 47 7 25 1.982995    1017 1.978723 0.997846    
7 48 49 49 7 26 1.967172    1011 1.969388 1.001127    
7 50 51 51 7 27 1.946314    1001 1.950980 1.002397    
7 52 53 53 7 28 1.932519    993 1.933962 1.000747    
7 54 55 55 7 29 1.921377    985 1.918182 0.998337    
7 56 57 57 7 30 1.912012    982 1.912281 1.000140    
7 58 59 59 7 31 1.904631    979 1.906780 1.001128    
7 60 61 61 7 32 1.885759    968 1.885246 0.999728    
7 62 64 63 7 33 1.866814    957 1.865079 0.999071    
7 65 67 66 7 34 1.849293    949 1.848485 0.999563    
7 68 70 69 7 35 1.830392    941 1.833333 1.001607    
7 71 73 72 7 36 1.800982    923 1.798611 0.998684    
7 74 76 75 7 37 1.800588    924 1.800000 0.999673    
7 77 79 78 7 38 1.791416    918 1.788462 0.998351    
7 80 82 81 7 39 1.773218    909 1.771605 0.999090    
7 83 85 84 7 40 1.767224    907 1.767857 1.000358    
7 86 88 87 7 41 1.752202    899 1.752874 1.000383    
7 89 91 90 7 42 1.747983    897 1.750000 1.001154    
7 92 94 93 7 43 1.737895    891 1.736559 0.999231    
7 95 97 96 7 44 1.725896    884 1.723958 0.998877    
7 98 100 99 7 45 1.708748    876 1.707071 0.999019    
7 101 103 102 7 46 1.699152    872 1.700980 1.001076    
7 104 109 107 7 47 1.687583    865 1.686916 0.999605    
7 110 115 113 7 48 1.679156    860 1.676991 0.998711    
7 116 121 119 7 49 1.662015    853 1.663866 1.001113    
7 122 127 125 7 50 1.652789    847 1.652000 0.999523    
7 128 133 131 7 51 1.636618    840 1.637405 1.000481    
7 134 139 137 7 52 1.632914    837 1.631387 0.999065    
7 140 145 143 7 53 1.622525    832 1.622378 0.999909    
7 146 151 149 7 54 1.617438    829 1.617450 1.000007    
7 152 157 155 7 55 1.612290    827 1.612903 1.000380    
7 158 163 161 7 56 1.598697    820 1.599379 1.000427    
7 164 169 167 7 57 1.597205    818 1.595808 0.999126    
7 170 175 173 7 58 1.594117    818 1.595376 1.000790    
7 176 181 179 7 59 1.582916    812 1.583799 1.000558    
7 182 187 185 7 60 1.577036    809 1.578378 1.000851    
7 188 193 191 7 61 1.574761    808 1.575916 1.000734    
7 194 254 224 7 62 1.545670    791 1.544643 0.999336    
7 255 255 255 7 63 1.524081    781 1.523529 0.999638    
8 0 0 0 8 0 1.000000    512 1.000000 1.000000       # ieta [9], pt 0
8 15 15 15 8 1 2.602095    20479 2.600000 0.999195    
8 16 16 16 8 2 2.519545    19455 2.531250 1.004646    
8 17 17 17 8 3 2.497039    19455 2.500000 1.001186    
8 18 18 18 8 4 2.461755    19455 2.472222 1.004252    
8 19 19 19 8 5 2.457859    19455 2.447368 0.995732    
8 20 20 20 8 6 2.441014    20479 2.450000 1.003681    
8 21 21 21 8 7 2.393582    19455 2.404762 1.004671    
8 22 22 22 8 8 2.370394    18431 2.363636 0.997149    
8 23 23 23 8 9 2.351094    18431 2.347826 0.998610    
8 24 24 24 8 10 2.336537    18431 2.333333 0.998629    
8 25 25 25 8 11 2.309403    17407 2.300000 0.995928    
8 26 26 26 8 12 2.293372    17407 2.288462 0.997859    
8 27 27 27 8 13 2.281090    17407 2.277778 0.998548    
8 28 28 28 8 14 2.256584    16383 2.250000 0.997082    
8 29 29 29 8 15 2.253705    17407 2.258621 1.002181    
8 30 30 30 8 16 2.213264    15359 2.216667 1.001538    
8 31 31 31 8 17 2.209097    15359 2.209677 1.000263    
8 32 33 33 8 18 2.173144    13311 2.166667 0.997019    
8 34 35 35 8 19 2.155203    13311 2.157143 1.000900    
8 36 37 37 8 20 2.100188    9215 2.094595 0.997337    
8 38 39 39 8 21 2.078711    8191 2.076923 0.999140    
8 40 41 41 8 22 2.059923    7167 2.060976 1.000511    
8 42 43 43 8 23 2.019042    4095 2.023256 1.002087    
8 44 45 45 8 24 2.011212    3071 2.011111 0.999950    
8 46 47 47 8 25 1.987675    1021 1.989362 1.000849    
8 48 49 49 8 26 1.970265    1011 1.969388 0.999555    
8 50 51 51 8 27 1.949074    1001 1.950980 1.000978    
8 52 53 53 8 28 1.935258    993 1.933962 0.999330    
8 54 55 55 8 29 1.924100    989 1.927273 1.001649    
8 56 57 57 8 30 1.915279    982 1.912281 0.998435    
8 58 59 59 8 31 1.908443    979 1.906780 0.999128    
8 60 61 61 8 32 1.889633    972 1.893443 1.002016    
8 62 64 63 8 33 1.870096    961 1.873016 1.001561    
8 65 67 66 8 34 1.853919    953 1.856061 1.001155    
8 68 70 69 8 35 1.837977    945 1.840580 1.001416    
8 71 73 72 8 36 1.812505    930 1.812500 0.999997    
8 74 76 75 8 37 1.812109    930 1.813333 1.000676    
8 77 79 78 8 38 1.803128    924 1.801282 0.998976    
8 80 82 81 8 39 1.784811    915 1.783951 0.999518    
8 83 85 84 8 40 1.778777    913 1.779762 1.000554    
8 86 88 87 8 41 1.762349    905 1.764368 1.001145    
8 89 91 90 8 42 1.757450    900 1.755556 0.998922    
8 92 94 93 8 43 1.746347    896 1.747312 1.000552    
8 95 97 96 8 44 1.732174    889 1.734375 1.001271    
8 98 100 99 8 45 1.712205    878 1.712121 0.999951    
8 101 103 102 8 46 1.701611    872 1.700980 0.999630    
8 104 109 107 8 47 1.688145    865 1.686916 0.999272    
8 110 115 113 8 48 1.679227    862 1.681416 1.001304    
8 116 121 119 8 49 1.661681    851 1.659664 0.998786    
8 122 127 125 8 50 1.652806    847 1.652000 0.999513    
8 128 133 131 8 51 1.636634    840 1.637405 1.000471    
8 134 139 137 8 52 1.632931    837 1.631387 0.999054    
8 140 145 143 8 53 1.622542    832 1.622378 0.999899    
8 146 151 149 8 54 1.617454    829 1.617450 0.999997    
8 152 157 155 8 55 1.612307    827 1.612903 1.000370    
8 158 163 161 8 56 1.598713    820 1.599379 1.000417    
8 164 169 167 8 57 1.597221    818 1.595808 0.999116    
8 170 175 173 8 58 1.594133    818 1.595376 1.000779    
8 176 181 179 8 59 1.582932    812 1.583799 1.000547    
8 182 187 185 8 60 1.577052    809 1.578378 1.000841    
8 188 193 191 8 61 1.574777    808 1.575916 1.000724    
8 194 254 224 8 62 1.545686    791 1.544643 0.999325    
8 255 255 255 8 63 1.524096    781 1.523529 0.999628    
9 0 0 0 9 0 1.000000    512 1.000000 1.000000       # ieta [10], pt 0
9 15 15 15 9 1 2.702851    23551 2.700000 0.998945    
9 16 16 16 9 2 2.625588    22527 2.625000 0.999776    
9 17 17 17 9 3 2.592817    22527 2.588235 0.998233    
9 18 18 18 9 4 2.556251    22527 2.555556 0.999728    
9 19 19 19 9 5 2.542000    23551 2.552632 1.004182    
9 20 20 20 9 6 2.524826    23551 2.525000 1.000069    
9 21 21 21 9 7 2.460496    21503 2.452381 0.996702    
9 22 22 22 9 8 2.439208    21503 2.431818 0.996971    
9 23 23 23 9 9 2.418441    21503 2.413043 0.997768    
9 24 24 24 9 10 2.397983    21503 2.395833 0.999104    
9 25 25 25 9 11 2.352745    20479 2.360000 1.003084    
9 26 26 26 9 12 2.317495    19455 2.326923 1.004068    
9 27 27 27 9 13 2.287995    18431 2.296296 1.003628    
9 28 28 28 9 14 2.269183    17407 2.267857 0.999416    
9 29 29 29 9 15 2.266288    17407 2.258621 0.996617    
9 30 30 30 9 16 2.228478    16383 2.233333 1.002179    
9 31 31 31 9 17 2.224283    16383 2.225806 1.000685    
9 32 33 33 9 18 2.189385    14335 2.181818 0.996544    
9 34 35 35 9 19 2.178291    14335 2.171429 0.996850    
9 36 37 37 9 20 2.140081    12287 2.135135 0.997689    
9 38 39 39 9 21 2.118778    11263 2.115385 0.998399    
9 40 41 41 9 22 2.101000    10239 2.097561 0.998363    
9 42 43 43 9 23 2.065325    8191 2.069767 1.002151    
9 44 45 45 9 24 2.056314    7167 2.055556 0.999631    
9 46 47 47 9 25 2.032814    5119 2.031915 0.999558    
9 48 49 49 9 26 2.012778    3071 2.010204 0.998721    
9 50 51 51 9 27 1.979253    1016 1.980392 1.000576    
9 52 53 53 9 28 1.962717    1007 1.962264 0.999769    
9 54 55 55 9 29 1.949318    999 1.945455 0.998018    
9 56 57 57 9 30 1.935391    995 1.938596 1.001656    
9 58 59 59 9 31 1.925683    987 1.923729 0.998985    
9 60 61 61 9 32 1.910073    980 1.909836 0.999876    
9 62 64 63 9 33 1.891610    970 1.888889 0.998562    
9 65 67 66 9 34 1.876760    964 1.878788 1.001081    
9 68 70 69 9 35 1.857198    952 1.855072 0.998856    
9 71 73 72 9 36 1.828736    937 1.826389 0.998717    
9 74 76 75 9 37 1.828336    937 1.826667 0.999087    
9 77 79 78 9 38 1.816077    931 1.814103 0.998913    
9 80 82 81 9 39 1.796048    921 1.796296 1.000138    
9 83 85 84 9 40 1.790955    919 1.791667 1.000397    
9 86 88 87 9 41 1.777910    911 1.775862 0.998848    
9 89 91 90 9 42 1.772565    909 1.772222 0.999806    
9 92 94 93 9 43 1.760849    904 1.763441 1.001472    
9 95 97 96 9 44 1.747611    897 1.750000 1.001367    
9 98 100 99 9 45 1.731298    888 1.732323 1.000592    
9 101 103 102 9 46 1.723555    885 1.725490 1.001123    
9 104 109 107 9 47 1.714410    880 1.714953 1.000317    
9 110 115 113 9 48 1.707187    876 1.707965 1.000455    
9 116 121 119 9 49 1.690947    866 1.689076 0.998893    
9 122 127 125 9 50 1.681194    862 1.680000 0.999290    
9 128 133 131 9 51 1.663167    853 1.664122 1.000574    
9 134 139 137 9 52 1.659339    852 1.660584 1.000750    
9 140 145 143 9 53 1.646151    844 1.646853 1.000426    
9 146 151 149 9 54 1.643074    843 1.644295 1.000743    
9 152 157 155 9 55 1.636941    839 1.635484 0.999110    
9 158 163 161 9 56 1.622235    831 1.621118 0.999311    
9 164 169 167 9 57 1.620626    830 1.619760 0.999466    
9 170 175 173 9 58 1.617019    828 1.615607 0.999126    
9 176 181 179 9 59 1.604890    823 1.606145 1.000782    
9 182 187 185 9 60 1.598534    819 1.597297 0.999226    
9 188 193 191 9 61 1.596228    818 1.596859 1.000395    
9 194 254 224 9 62 1.569963    804 1.569196 0.999511    
9 255 255 255 9 63 1.548636    794 1.549020 1.000248    
10 0 0 0 10 0 1.000000    512 1.000000 1.000000       # ieta [11], pt 0
10 15 15 15 10 1 2.748467    24575 2.733333 0.994494    
10 16 16 16 10 2 2.684325    24575 2.687500 1.001183    
10 17 17 17 10 3 2.656748    24575 2.647059 0.996353    
10 18 18 18 10 4 2.603904    24575 2.611111 1.002768    
10 19 19 19 10 5 2.590404    24575 2.578947 0.995577    
10 20 20 20 10 6 2.567139    25599 2.575000 1.003062    
10 21 21 21 10 7 2.493180    23551 2.500000 1.002736    
10 22 22 22 10 8 2.477512    23551 2.477273 0.999903    
10 23 23 23 10 9 2.455848    23551 2.456522 1.000274    
10 24 24 24 10 10 2.432977    23551 2.437500 1.001859    
10 25 25 25 10 11 2.391845    22527 2.400000 1.003410    
10 26 26 26 10 12 2.363152    21503 2.365385 1.000945    
10 27 27 27 10 13 2.332029    20479 2.333333 1.000559    
10 28 28 28 10 14 2.305230    19455 2.303571 0.999280    
10 29 29 29 10 15 2.302289    20479 2.310345 1.003499    
10 30 30 30 10 16 2.267098    18431 2.266667 0.999810    
10 31 31 31 10 17 2.262830    18431 2.258065 0.997894    
10 32 33 33 10 18 2.216792    16383 2.212121 0.997893    
10 34 35 35 10 19 2.200921    16383 2.200000 0.999582    
10 36 37 37 10 20 2.157731    14335 2.162162 1.002054    
10 38 39 39 10 21 2.135403    13311 2.141026 1.002633    
10 40 41 41 10 22 2.117209    12287 2.121951 1.002240    
10 42 43 43 10 23 2.067111    8191 2.069767 1.001285    
10 44 45 45 10 24 2.056342    7167 2.055556 0.999617    
10 46 47 47 10 25 2.032842    5119 2.031915 0.999544    
10 48 49 49 10 26 2.012805    3071 2.010204 0.998708    
10 50 51 51 10 27 1.980304    1016 1.980392 1.000044    
10 52 53 53 10 28 1.963759    1007 1.962264 0.999239    
10 54 55 55 10 29 1.950354    1003 1.954545 1.002149    
10 56 57 57 10 30 1.936419    995 1.938596 1.001124    
10 58 59 59 10 31 1.926706    988 1.923729 0.998455    
10 60 61 61 10 32 1.911088    980 1.909836 0.999345    
10 62 64 63 10 33 1.893546    974 1.896825 1.001732    
10 65 67 66 10 34 1.880797    964 1.878788 0.998932    
10 68 70 69 10 35 1.863072    956 1.862319 0.999596    
10 71 73 72 10 36 1.838560    944 1.840278 1.000934    
10 74 76 75 10 37 1.838158    944 1.840000 1.001002    
10 77 79 78 10 38 1.825834    937 1.826923 1.000597    
10 80 82 81 10 39 1.804762    925 1.802469 0.998729    
10 83 85 84 10 40 1.799920    922 1.797619 0.998721    
10 86 88 87 10 41 1.786947    917 1.787356 1.000229    
10 89 91 90 10 42 1.781575    915 1.783333 1.000987    
10 92 94 93 10 43 1.769800    907 1.768817 0.999445    
10 95 97 96 10 44 1.756679    900 1.755208 0.999163    
10 98 100 99 10 45 1.740651    894 1.742424 1.001019    
10 101 103 102 10 46 1.732811    888 1.730392 0.998604    
10 104 109 107 10 47 1.723617    884 1.724299 1.000396    
10 110 115 113 10 48 1.717253    881 1.716814 0.999744    
10 116 121 119 10 49 1.700888    873 1.701681 1.000466    
10 122 127 125 10 50 1.690187    868 1.692000 1.001072    
10 128 133 131 10 51 1.670504    857 1.671756 1.000749    
10 134 139 137 10 52 1.665835    853 1.664234 0.999039    
10 140 145 143 10 53 1.652595    848 1.653846 1.000757    
10 146 151 149 10 54 1.649506    847 1.651007 1.000910    
10 152 157 155 10 55 1.643213    842 1.641935 0.999222    
10 158 163 161 10 56 1.627749    834 1.627329 0.999742    
10 164 169 167 10 57 1.626013    833 1.625749 0.999837    
10 170 175 173 10 58 1.622234    831 1.621387 0.999478    
10 176 181 179 10 59 1.610034    825 1.608939 0.999320    
10 182 187 185 10 60 1.603657    821 1.602703 0.999405    
10 188 193 191 10 61 1.601343    821 1.602094 1.000469    
10 194 254 224 10 62 1.577192    809 1.578125 1.000591    
10 255 255 255 10 63 1.556127    798 1.556863 1.000473    
11 0 0 0 11 0 1.000000    512 1.000000 1.000000       # ieta [12], pt 0
11 15 15 15 11 1 2.769857    25599 2.766667 0.998848    
11 16 16 16 11 2 2.725785    25599 2.718750 0.997419    
11 17 17 17 11 3 2.696861    26623 2.705882 1.003345    
11 18 18 18 11 4 2.635030    25599 2.638889 1.001464    
11 19 19 19 11 5 2.624867    26623 2.631579 1.002557    
11 20 20 20 11 6 2.609106    26623 2.600000 0.996510    
11 21 21 21 11 7 2.540000    25599 2.547619 1.002999    
11 22 22 22 11 8 2.524039    25599 2.522727 0.999480    
11 23 23 23 11 9 2.493844    25599 2.500000 1.002468    
11 24 24 24 11 10 2.464059    24575 2.458333 0.997676    
11 25 25 25 11 11 2.422595    23551 2.420000 0.998929    
11 26 26 26 11 12 2.393533    22527 2.384615 0.996274    
11 27 27 27 11 13 2.362011    22527 2.370370 1.003539    
11 28 28 28 11 14 2.327348    20479 2.321429 0.997457    
11 29 29 29 11 15 2.323153    21503 2.327586 1.001908    
11 30 30 30 11 16 2.279315    19455 2.283333 1.001763    
11 31 31 31 11 17 2.274659    19455 2.274194 0.999796    
11 32 33 33 11 18 2.231463    17407 2.227273 0.998122    
11 34 35 35 11 19 2.216959    17407 2.214286 0.998794    
11 36 37 37 11 20 2.175898    15359 2.175676 0.999898    
11 38 39 39 11 21 2.154517    14335 2.153846 0.999688    
11 40 41 41 11 22 2.138640    13311 2.134146 0.997899    
11 42 43 43 11 23 2.093217    10239 2.093023 0.999907    
11 44 45 45 11 24 2.081979    9215 2.077778 0.997982    
11 46 47 47 11 25 2.057839    7167 2.053191 0.997742    
11 48 49 49 11 26 2.037463    6143 2.040816 1.001646    
11 50 51 51 11 27 2.007202    3071 2.009804 1.001296    
11 52 53 53 11 28 1.993534    1022 1.990566 0.998511    
11 54 55 55 11 29 1.979915    1017 1.981818 1.000961    
11 56 57 57 11 30 1.966578    1009 1.964912 0.999153    
11 58 59 59 11 31 1.957528    1005 1.957627 1.000051    
11 60 61 61 11 32 1.942125    997 1.942623 1.000256    
11 62 64 63 11 33 1.922654    986 1.920635 0.998950    
11 65 67 66 11 34 1.907640    980 1.909091 1.000761    
11 68 70 69 11 35 1.888897    971 1.891304 1.001275    
11 71 73 72 11 36 1.861879    955 1.861111 0.999588    
11 74 76 75 11 37 1.861472    954 1.860000 0.999209    
11 77 79 78 11 38 1.849181    947 1.846154 0.998363    
11 80 82 81 11 39 1.827840    937 1.827160 0.999628    
11 83 85 84 11 40 1.821199    934 1.821429 1.000126    
11 86 88 87 11 41 1.803492    925 1.804598 1.000613    
11 89 91 90 11 42 1.797185    921 1.794444 0.998475    
11 92 94 93 11 43 1.783689    915 1.784946 1.000705    
11 95 97 96 11 44 1.769291    908 1.770833 1.000872    
11 98 100 99 11 45 1.752129    899 1.752525 1.000226    
11 101 103 102 11 46 1.743210    895 1.745098 1.001083    
11 104 109 107 11 47 1.733487    889 1.733645 1.000091    
11 110 115 113 11 48 1.726833    885 1.725664 0.999323    
11 116 121 119 11 49 1.709899    877 1.710084 1.000108    
11 122 127 125 11 50 1.699142    872 1.700000 1.000505    
11 128 133 131 11 51 1.679354    861 1.679389 1.000021    
11 134 139 137 11 52 1.674190    859 1.675182 1.000593    
11 140 145 143 11 53 1.659951    852 1.660839 1.000535    
11 146 151 149 11 54 1.656848    850 1.657718 1.000525    
11 152 157 155 11 55 1.650527    847 1.651613 1.000658    
11 158 163 161 11 56 1.634994    837 1.633540 0.999111    
11 164 169 167 11 57 1.633250    838 1.634731 1.000906    
11 170 175 173 11 58 1.629454    836 1.630058 1.000371    
11 176 181 179 11 59 1.617199    829 1.617318 1.000074    
11 182 187 185 11 60 1.610794    826 1.610811 1.000010    
11 188 193 191 11 61 1.608471    824 1.607330 0.999291    
11 194 254 224 11 62 1.584212    812 1.584821 1.000385    
11 255 255 255 11 63 1.563053    801 1.562745 0.999803    
12 0 0 0 12 0 1.000000    512 1.000000 1.000000       # ieta [13], pt 0
12 15 15 15 12 1 2.880614    28671 2.866667 0.995158    
12 16 16 16 12 2 2.804686    28671 2.812500 1.002786    
12 17 17 17 12 3 2.774249    28671 2.764706 0.996560    
12 18 18 18 12 4 2.706714    27647 2.694444 0.995467    
12 19 19 19 12 5 2.697081    28671 2.684211 0.995228    
12 20 20 20 12 6 2.688358    30719 2.700000 1.004331    
12 21 21 21 12 7 2.620470    28671 2.619048 0.999457    
12 22 22 22 12 8 2.604662    29695 2.613636 1.003446    
12 23 23 23 12 9 2.570381    28671 2.565217 0.997991    
12 24 24 24 12 10 2.539752    28671 2.541667 1.000754    
12 25 25 25 12 11 2.497419    27647 2.500000 1.001034    
12 26 26 26 12 12 2.467460    26623 2.461538 0.997600    
12 27 27 27 12 13 2.435859    26623 2.444444 1.003525    
12 28 28 28 12 14 2.399631    24575 2.392857 0.997177    
12 29 29 29 12 15 2.392326    25599 2.396552 1.001766    
12 30 30 30 12 16 2.347349    23551 2.350000 1.001129    
12 31 31 31 12 17 2.338202    23551 2.338710 1.000217    
12 32 33 33 12 18 2.294525    21503 2.287879 0.997103    
12 34 35 35 12 19 2.274029    21503 2.271429 0.998857    
12 36 37 37 12 20 2.229135    19455 2.229730 1.000267    
12 38 39 39 12 21 2.202309    18431 2.205128 1.001280    
12 40 41 41 12 22 2.184550    17407 2.182927 0.999257    
12 42 43 43 12 23 2.136577    14335 2.139535 1.001385    
12 44 45 45 12 24 2.123507    13311 2.122222 0.999395    
12 46 47 47 12 25 2.096750    11263 2.095745 0.999521    
12 48 49 49 12 26 2.076140    9215 2.071429 0.997731    
12 50 51 51 12 27 2.046173    7167 2.049020 1.001391    
12 52 53 53 12 28 2.028479    5119 2.028302 0.999913    
12 54 55 55 12 29 2.012014    3071 2.009091 0.998547    
12 56 57 57 12 30 1.997591    2046 2.000000 1.001206    
12 58 59 59 12 31 1.987619    1022 1.991525 1.001966    
12 60 61 61 12 32 1.968862    1010 1.967213 0.999163    
12 62 64 63 12 33 1.948148    998 1.944444 0.998099    
12 65 67 66 12 34 1.930548    991 1.931818 1.000658    
12 68 70 69 12 35 1.910416    982 1.913043 1.001375    
12 71 73 72 12 36 1.882652    966 1.881944 0.999624    
12 74 76 75 12 37 1.882118    964 1.880000 0.998875    
12 77 79 78 12 38 1.869739    960 1.871795 1.001100    
12 80 82 81 12 39 1.848161    947 1.845679 0.998657    
12 83 85 84 12 40 1.841446    943 1.839286 0.998827    
12 86 88 87 12 41 1.823542    934 1.821839 0.999066    
12 89 91 90 12 42 1.817345    932 1.816667 0.999627    
12 92 94 93 12 43 1.805390    926 1.806452 1.000588    
12 95 97 96 12 44 1.790867    919 1.791667 1.000446    
12 98 100 99 12 45 1.773003    909 1.772727 0.999844    
12 101 103 102 12 46 1.763815    905 1.764706 1.000505    
12 104 109 107 12 47 1.754010    899 1.752336 0.999046    
12 110 115 113 12 48 1.746705    896 1.747788 1.000620    
12 116 121 119 12 49 1.729552    888 1.731092 1.000891    
12 122 127 125 12 50 1.718642    882 1.720000 1.000790    
12 128 133 131 12 51 1.698627    871 1.698473 0.999909    
12 134 139 137 12 52 1.693404    868 1.693431 1.000015    
12 140 145 143 12 53 1.679002    861 1.678322 0.999595    
12 146 151 149 12 54 1.675916    859 1.674497 0.999153    
12 152 157 155 12 55 1.669663    857 1.670968 1.000782    
12 158 163 161 12 56 1.653950    849 1.655280 1.000804    
12 164 169 167 12 57 1.652186    847 1.652695 1.000308    
12 170 175 173 12 58 1.648346    844 1.647399 0.999426    
12 176 181 179 12 59 1.635949    839 1.636872 1.000564    
12 182 187 185 12 60 1.629470    835 1.629730 1.000160    
12 188 193 191 12 61 1.627273    835 1.628272 1.000614    
12 194 254 224 12 62 1.602564    821 1.602679 1.000071    
12 255 255 255 12 63 1.581022    810 1.580392 0.999602    
13 0 0 0 13 0 1.000000    512 1.000000 1.000000       # ieta [14], pt 0
13 15 15 15 13 1 2.946146    30719 2.933333 0.995651    
13 16 16 16 13 2 2.868365    30719 2.875000 1.002313    
13 17 17 17 13 3 2.833913    30719 2.823529 0.996336    
13 18 18 18 13 4 2.750023    29695 2.750000 0.999991    
13 19 19 19 13 5 2.730883    30719 2.736842 1.002182    
13 20 20 20 13 6 2.722079    31743 2.725000 1.001073    
13 21 21 21 13 7 2.659819    30719 2.666667 1.002574    
13 22 22 22 13 8 2.649024    31743 2.659091 1.003800    
13 23 23 23 13 9 2.609782    30719 2.608696 0.999584    
13 24 24 24 13 10 2.578705    30719 2.583333 1.001795    
13 25 25 25 13 11 2.536108    29695 2.540000 1.001535    
13 26 26 26 13 12 2.506670    28671 2.500000 0.997339    
13 27 27 27 13 13 2.474639    28671 2.481481 1.002765    
13 28 28 28 13 14 2.439105    27647 2.446429 1.003002    
13 29 29 29 13 15 2.435333    27647 2.431034 0.998235    
13 30 30 30 13 16 2.392244    26623 2.400000 1.003242    
13 31 31 31 13 17 2.382921    26623 2.387097 1.001752    
13 32 33 33 13 18 2.337603    24575 2.333333 0.998173    
13 34 35 35 13 19 2.315717    24575 2.314286 0.999382    
13 36 37 37 13 20 2.264806    22527 2.270270 1.002412    
13 38 39 39 13 21 2.236713    20479 2.230769 0.997343    
13 40 41 41 13 22 2.219230    20479 2.219512 1.000127    
13 42 43 43 13 23 2.172000    17407 2.174419 1.001113    
13 44 45 45 13 24 2.158630    16383 2.155556 0.998576    
13 46 47 47 13 25 2.132117    14335 2.127660 0.997909    
13 48 49 49 13 26 2.110671    13311 2.112245 1.000746    
13 50 51 51 13 27 2.081110    10239 2.078431 0.998713    
13 52 53 53 13 28 2.063765    9215 2.066038 1.001101    
13 54 55 55 13 29 2.046602    7167 2.045455 0.999439    
13 56 57 57 13 30 2.030897    6143 2.035088 1.002063    
13 58 59 59 13 31 2.019054    4095 2.016949 0.998957    
13 60 61 61 13 32 2.001121    2047 2.000000 0.999440    
13 62 64 63 13 33 1.977713    1014 1.976190 0.999230    
13 65 67 66 13 34 1.961777    1007 1.962121 1.000175    
13 68 70 69 13 35 1.944191    997 1.942029 0.998888    
13 71 73 72 13 36 1.916710    983 1.916667 0.999977    
13 74 76 75 13 37 1.916040    982 1.913333 0.998588    
13 77 79 78 13 38 1.902981    977 1.903846 1.000455    
13 80 82 81 13 39 1.881021    966 1.882716 1.000901    
13 83 85 84 13 40 1.873348    962 1.875000 1.000882    
13 86 88 87 13 41 1.854066    952 1.856322 1.001216    
13 89 91 90 13 42 1.848701    949 1.850000 1.000702    
13 92 94 93 13 43 1.836872    943 1.838710 1.001000    
13 95 97 96 13 44 1.822983    935 1.822917 0.999964    
13 98 100 99 13 45 1.804592    925 1.803030 0.999134    
13 101 103 102 13 46 1.797577    923 1.799020 1.000802    
13 104 109 107 13 47 1.786390    915 1.785047 0.999248    
13 110 115 113 13 48 1.779453    912 1.778761 0.999611    
13 116 121 119 13 49 1.761628    903 1.760504 0.999362    
13 122 127 125 13 50 1.750965    899 1.752000 1.000591    
13 128 133 131 13 51 1.730101    887 1.729008 0.999368    
13 134 139 137 13 52 1.724781    885 1.726277 1.000867    
13 140 145 143 13 53 1.710111    877 1.709790 0.999812    
13 146 151 149 13 54 1.706969    876 1.708054 1.000635    
13 152 157 155 13 55 1.701030    872 1.700000 0.999394    
13 158 163 161 13 56 1.687437    864 1.686335 0.999347    
13 164 169 167 13 57 1.686044    864 1.685629 0.999754    
13 170 175 173 13 58 1.682125    862 1.682081 0.999974    
13 176 181 179 13 59 1.669810    856 1.670391 1.000348    
13 182 187 185 13 60 1.663365    852 1.662162 0.999277    
13 188 193 191 13 61 1.660909    851 1.659686 0.999264    
13 194 254 224 13 62 1.634723    837 1.633929 0.999514    
13 255 255 255 13 63 1.611162    826 1.611765 1.000374    
14 0 0 0 14 0 1.000000    512 1.000000 1.000000       # ieta [15], pt 0
14 15 15 15 14 1 2.945642    30719 2.933333 0.995821    
14 16 16 16 14 2 2.868365    30719 2.875000 1.002313    
14 17 17 17 14 3 2.833913    30719 2.823529 0.996336    
14 18 18 18 14 4 2.750023    29695 2.750000 0.999991    
14 19 19 19 14 5 2.730883    30719 2.736842 1.002182    
14 20 20 20 14 6 2.722345    31743 2.725000 1.000975    
14 21 21 21 14 7 2.660079    30719 2.666667 1.002476    
14 22 22 22 14 8 2.649284    31743 2.659091 1.003702    
14 23 23 23 14 9 2.609436    30719 2.608696 0.999716    
14 24 24 24 14 10 2.579760    30719 2.583333 1.001385    
14 25 25 25 14 11 2.537093    29695 2.540000 1.001146    
14 26 26 26 14 12 2.507644    28671 2.500000 0.996952    
14 27 27 27 14 13 2.475600    28671 2.481481 1.002376    
14 28 28 28 14 14 2.440053    27647 2.446429 1.002613    
14 29 29 29 14 15 2.436279    27647 2.431034 0.997847    
14 30 30 30 14 16 2.393173    26623 2.400000 1.002853    
14 31 31 31 14 17 2.383847    26623 2.387097 1.001363    
14 32 33 33 14 18 2.338511    24575 2.333333 0.997786    
14 34 35 35 14 19 2.320084    24575 2.314286 0.997501    
14 36 37 37 14 20 2.282358    23551 2.283784 1.000625    
14 38 39 39 14 21 2.257838    22527 2.256410 0.999368    
14 40 41 41 14 22 2.240016    22527 2.243902 1.001735    
14 42 43 43 14 23 2.192340    19455 2.197674 1.002433    
14 44 45 45 14 24 2.178890    18431 2.177778 0.999489    
14 46 47 47 14 25 2.152235    16383 2.148936 0.998467    
14 48 49 49 14 26 2.130664    15359 2.132653 1.000933    
14 50 51 51 14 27 2.100824    12287 2.098039 0.998674    
14 52 53 53 14 28 2.083314    11263 2.084906 1.000764    
14 54 55 55 14 29 2.065989    9215 2.063636 0.998861    
14 56 57 57 14 30 2.050135    8191 2.052632 1.001218    
14 58 59 59 14 31 2.037591    6143 2.033898 0.998188    
14 60 61 61 14 32 2.014931    4095 2.016393 1.000726    
14 62 64 63 14 33 1.991403    1022 1.992063 1.000331    
14 65 67 66 14 34 1.975357    1015 1.977273 1.000970    
14 68 70 69 14 35 1.956724    1004 1.956522 0.999896    
14 71 73 72 14 36 1.927581    990 1.930556 1.001543    
14 74 76 75 14 37 1.926706    988 1.926667 0.999980    
14 77 79 78 14 38 1.913574    983 1.916667 1.001616    
14 80 82 81 14 39 1.891491    969 1.888889 0.998624    
14 83 85 84 14 40 1.883776    965 1.880952 0.998501    
14 86 88 87 14 41 1.864388    955 1.862069 0.998756    
14 89 91 90 14 42 1.858992    954 1.861111 1.001140    
14 92 94 93 14 43 1.847428    948 1.849462 1.001101    
14 95 97 96 14 44 1.833623    940 1.833333 0.999842    
14 98 100 99 14 45 1.815126    930 1.813131 0.998901    
14 101 103 102 14 46 1.808070    928 1.808824 1.000417    
14 104 109 107 14 47 1.796817    923 1.799065 1.001251    
14 110 115 113 14 48 1.789797    917 1.787611 0.998779    
14 116 121 119 14 49 1.772119    909 1.773109 1.000559    
14 122 127 125 14 50 1.761269    903 1.760000 0.999279    
14 128 133 131 14 51 1.739602    893 1.740458 1.000492    
14 134 139 137 14 52 1.734154    889 1.733577 0.999667    
14 140 145 143 14 53 1.719077    882 1.720280 1.000700    
14 146 151 149 14 54 1.715856    879 1.714765 0.999364    
14 152 157 155 14 55 1.709864    877 1.709677 0.999891    
14 158 163 161 14 56 1.696200    869 1.695652 0.999677    
14 164 169 167 14 57 1.694799    869 1.694611 0.999889    
14 170 175 173 14 58 1.691024    867 1.690751 0.999839    
14 176 181 179 14 59 1.678808    860 1.678771 0.999978    
14 182 187 185 14 60 1.672328    857 1.672973 1.000386    
14 188 193 191 14 61 1.670242    856 1.670157 0.999949    
14 194 254 224 14 62 1.643985    843 1.645089 1.000672    
14 255 255 255 14 63 1.620290    830 1.619608 0.999579    
15 0 0 0 15 0 1.000000    512 1.000000 1.000000       # ieta [16], pt 0
15 15 15 15 15 1 2.915892    29695 2.900000 0.994550    
15 16 16 16 15 2 2.848928    29695 2.843750 0.998183    
15 17 17 17 15 3 2.821462    30719 2.823529 1.000733    
15 18 18 18 15 4 2.745632    29695 2.750000 1.001591    
15 19 19 19 15 5 2.728695    30719 2.736842 1.002986    
15 20 20 20 15 6 2.721519    31743 2.725000 1.001279    
15 21 21 21 15 7 2.664646    30719 2.666667 1.000758    
15 22 22 22 15 8 2.654974    31743 2.659091 1.001551    
15 23 23 23 15 9 2.614846    30719 2.608696 0.997648    
15 24 24 24 15 10 2.586015    30719 2.583333 0.998963    
15 25 25 25 15 11 2.543244    29695 2.540000 0.998725    
15 26 26 26 15 12 2.513723    29695 2.519231 1.002191    
15 27 27 27 15 13 2.481602    28671 2.481481 0.999951    
15 28 28 28 15 14 2.445968    27647 2.446429 1.000188    
15 29 29 29 15 15 2.442186    28671 2.448276 1.002494    
15 30 30 30 15 16 2.398975    26623 2.400000 1.000427    
15 31 31 31 15 17 2.389626    26623 2.387097 0.998941    
15 32 33 33 15 18 2.344181    25599 2.348485 1.001836    
15 34 35 35 15 19 2.325709    25599 2.328571 1.001231    
15 36 37 37 15 20 2.288142    23551 2.283784 0.998095    
15 38 39 39 15 21 2.266183    23551 2.269231 1.001345    
15 40 41 41 15 22 2.247970    22527 2.243902 0.998191    
15 42 43 43 15 23 2.200906    19455 2.197674 0.998532    
15 44 45 45 15 24 2.188159    19455 2.188889 1.000334    
15 46 47 47 15 25 2.161362    17407 2.159574 0.999173    
15 48 49 49 15 26 2.139700    16383 2.142857 1.001475    
15 50 51 51 15 27 2.109733    13311 2.107843 0.999104    
15 52 53 53 15 28 2.092149    12287 2.094340 1.001047    
15 54 55 55 15 29 2.074750    10239 2.072727 0.999025    
15 56 57 57 15 30 2.059730    9215 2.061404 1.000813    
15 58 59 59 15 31 2.047440    8191 2.050847 1.001664    
15 60 61 61 15 32 2.025254    5119 2.024590 0.999672    
15 62 64 63 15 33 2.001607    2047 2.000000 0.999197    
15 65 67 66 15 34 1.985478    1019 1.984848 0.999683    
15 68 70 69 15 35 1.966750    1008 1.963768 0.998484    
15 71 73 72 15 36 1.937456    994 1.937500 1.000022    
15 74 76 75 15 37 1.936577    992 1.933333 0.998325    
15 77 79 78 15 38 1.923378    986 1.923077 0.999843    
15 80 82 81 15 39 1.907168    978 1.907407 1.000125    
15 83 85 84 15 40 1.894520    971 1.892857 0.999122    
15 86 88 87 15 41 1.874242    961 1.873563 0.999638    
15 89 91 90 15 42 1.868818    957 1.866667 0.998849    
15 92 94 93 15 43 1.858759    954 1.860215 1.000783    
15 95 97 96 15 44 1.844884    945 1.843750 0.999385    
15 98 100 99 15 45 1.826273    938 1.828283 1.001101    
15 101 103 102 15 46 1.819416    933 1.818627 0.999567    
15 104 109 107 15 47 1.808337    927 1.808411 1.000041    
15 110 115 113 15 48 1.800790    924 1.800885 1.000053    
15 116 121 119 15 49 1.783004    914 1.781513 0.999164    
15 122 127 125 15 50 1.772088    909 1.772000 0.999951    
15 128 133 131 15 51 1.750288    898 1.751908 1.000926    
15 134 139 137 15 52 1.744806    895 1.744526 0.999839    
15 140 145 143 15 53 1.729636    887 1.730769 1.000655    
15 146 151 149 15 54 1.726395    884 1.724832 0.999095    
15 152 157 155 15 55 1.720366    881 1.719355 0.999412    
15 158 163 161 15 56 1.706618    876 1.708075 1.000853    
15 164 169 167 15 57 1.705209    875 1.706587 1.000808    
15 170 175 173 15 58 1.701411    873 1.702312 1.000530    
15 176 181 179 15 59 1.689119    866 1.689944 1.000488    
15 182 187 185 15 60 1.682600    863 1.683784 1.000704    
15 188 193 191 15 61 1.680295    861 1.680628 1.000199    
15 194 254 224 15 62 1.651982    846 1.651786 0.999881    
15 255 255 255 15 63 1.627126    834 1.627451 1.000200    
16 0 0 0 16 0 1.000000    512 1.000000 1.000000       # ieta [17], pt 0
16 15 15 15 16 1 2.915892    29695 2.900000 0.994550    
16 16 16 16 16 2 2.848928    29695 2.843750 0.998183    
16 17 17 17 16 3 2.821462    30719 2.823529 1.000733    
16 18 18 18 16 4 2.745632    29695 2.750000 1.001591    
16 19 19 19 16 5 2.728695    30719 2.736842 1.002986    
16 20 20 20 16 6 2.721519    31743 2.725000 1.001279    
16 21 21 21 16 7 2.664646    30719 2.666667 1.000758    
16 22 22 22 16 8 2.654565    31743 2.659091 1.001705    
16 23 23 23 16 9 2.614443    30719 2.608696 0.997802    
16 24 24 24 16 10 2.585474    30719 2.583333 0.999172    
16 25 25 25 16 11 2.542712    29695 2.540000 0.998934    
16 26 26 26 16 12 2.513197    29695 2.519231 1.002401    
16 27 27 27 16 13 2.481083    28671 2.481481 1.000161    
16 28 28 28 16 14 2.445456    27647 2.446429 1.000398    
16 29 29 29 16 15 2.441675    28671 2.448276 1.002704    
16 30 30 30 16 16 2.398473    26623 2.400000 1.000637    
16 31 31 31 16 17 2.389126    26623 2.387097 0.999150    
16 32 33 33 16 18 2.343690    25599 2.348485 1.002046    
16 34 35 35 16 19 2.325222    25599 2.328571 1.001440    
16 36 37 37 16 20 2.287663    23551 2.283784 0.998304    
16 38 39 39 16 21 2.264824    23551 2.269231 1.001946    
16 40 41 41 16 22 2.246622    22527 2.243902 0.998790    
16 42 43 43 16 23 2.199586    19455 2.197674 0.999131    
16 44 45 45 16 24 2.186846    19455 2.188889 1.000934    
16 46 47 47 16 25 2.160066    17407 2.159574 0.999772    
16 48 49 49 16 26 2.138417    16383 2.142857 1.002076    
16 50 51 51 16 27 2.108468    13311 2.107843 0.999704    
16 52 53 53 16 28 2.090895    12287 2.094340 1.001648    
16 54 55 55 16 29 2.073507    10239 2.072727 0.999624    
16 56 57 57 16 30 2.057416    9215 2.061404 1.001938    
16 58 59 59 16 31 2.044056    7167 2.042373 0.999176    
16 60 61 61 16 32 2.021374    5119 2.024590 1.001591    
16 62 64 63 16 33 1.997771    2046 2.000000 1.001116    
16 65 67 66 16 34 1.981673    1019 1.984848 1.001602    
16 68 70 69 16 35 1.962981    1008 1.963768 1.000401    
16 71 73 72 16 36 1.933744    991 1.930556 0.998351    
16 74 76 75 16 37 1.932866    992 1.933333 1.000242    
16 77 79 78 16 38 1.919693    983 1.916667 0.998424    
16 80 82 81 16 39 1.894249    972 1.895062 1.000429    
16 83 85 84 16 40 1.889341    968 1.886905 0.998711    
16 86 88 87 16 41 1.869895    958 1.867816 0.998888    
16 89 91 90 16 42 1.864484    957 1.866667 1.001170    
16 92 94 93 16 43 1.853130    951 1.854839 1.000922    
16 95 97 96 16 44 1.837723    943 1.838542 1.000446    
16 98 100 99 16 45 1.819184    932 1.818182 0.999449    
16 101 103 102 16 46 1.810495    928 1.808824 0.999077    
16 104 109 107 16 47 1.800024    923 1.799065 0.999467    
16 110 115 113 16 48 1.792991    919 1.792035 0.999467    
16 116 121 119 16 49 1.775282    911 1.777311 1.001143    
16 122 127 125 16 50 1.764413    905 1.764000 0.999766    
16 128 133 131 16 51 1.742707    895 1.744275 1.000899    
16 134 139 137 16 52 1.737273    891 1.737226 0.999973    
16 140 145 143 16 53 1.722483    884 1.723776 1.000751    
16 146 151 149 16 54 1.719296    881 1.718121 0.999317    
16 152 157 155 16 55 1.713291    878 1.712903 0.999774    
16 158 163 161 16 56 1.699600    871 1.698758 0.999505    
16 164 169 167 16 57 1.698197    870 1.697605 0.999652    
16 170 175 173 16 58 1.694414    868 1.693642 0.999544    
16 176 181 179 16 59 1.682173    862 1.681564 0.999638    
16 182 187 185 16 60 1.675680    859 1.675676 0.999997    
16 188 193 191 16 61 1.673711    857 1.672775 0.999440    
16 194 254 224 16 62 1.645897    843 1.645089 0.999509    
16 255 255 255 16 63 1.618989    830 1.619608 1.000382    
17 0 0 0 17 0 1.000000    512 1.000000 1.000000       # ieta [18], pt 0
17 15 15 15 17 1 2.793917    26623 2.800000 1.002177    
17 16 16 16 17 2 2.737455    26623 2.750000 1.004583    
17 17 17 17 17 3 2.708765    26623 2.705882 0.998936    
17 18 18 18 17 4 2.646093    25599 2.638889 0.997278    
17 19 19 19 17 5 2.634271    26623 2.631579 0.998978    
17 20 20 20 17 6 2.617726    27647 2.625000 1.002779    
17 21 21 21 17 7 2.553657    25599 2.547619 0.997636    
17 22 22 22 17 8 2.542052    26623 2.545455 1.001338    
17 23 23 23 17 9 2.511846    26623 2.521739 1.003939    
17 24 24 24 17 10 2.485964    25599 2.479167 0.997266    
17 25 25 25 17 11 2.443156    24575 2.440000 0.998708    
17 26 26 26 17 12 2.415415    24575 2.423077 1.003172    
17 27 27 27 17 13 2.385983    23551 2.388889 1.001218    
17 28 28 28 17 14 2.349780    22527 2.357143 1.003133    
17 29 29 29 17 15 2.345745    22527 2.344828 0.999609    
17 30 30 30 17 16 2.302869    20479 2.300000 0.998754    
17 31 31 31 17 17 2.294718    20479 2.290323 0.998085    
17 32 33 33 17 18 2.249261    18431 2.242424 0.996960    
17 34 35 35 17 19 2.225535    18431 2.228571 1.001364    
17 36 37 37 17 20 2.178200    15359 2.175676 0.998841    
17 38 39 39 17 21 2.149001    14335 2.153846 1.002255    
17 40 41 41 17 22 2.131820    13311 2.134146 1.001091    
17 42 43 43 17 23 2.087412    10239 2.093023 1.002688    
17 44 45 45 17 24 2.076030    9215 2.077778 1.000842    
17 46 47 47 17 25 2.049816    7167 2.053191 1.001647    
17 48 49 49 17 26 2.031973    5119 2.030612 0.999331    
17 50 51 51 17 27 1.997641    2046 2.000000 1.001181    
17 52 53 53 17 28 1.978486    1017 1.981132 1.001337    
17 54 55 55 17 29 1.963041    1008 1.963636 1.000303    
17 56 57 57 17 30 1.947799    1000 1.947368 0.999779    
17 58 59 59 17 31 1.936321    992 1.932203 0.997873    
17 60 61 61 17 32 1.919778    985 1.918033 0.999091    
17 62 64 63 17 33 1.900619    974 1.896825 0.998004    
17 65 67 66 17 34 1.884012    968 1.886364 1.001248    
17 68 70 69 17 35 1.864948    956 1.862319 0.998590    
17 71 73 72 17 36 1.837611    944 1.840278 1.001451    
17 74 76 75 17 37 1.835647    941 1.833333 0.998739    
17 77 79 78 17 38 1.822343    934 1.820513 0.998996    
17 80 82 81 17 39 1.799502    925 1.802469 1.001649    
17 83 85 84 17 40 1.794942    922 1.797619 1.001491    
17 86 88 87 17 41 1.777773    911 1.775862 0.998925    
17 89 91 90 17 42 1.772821    909 1.772222 0.999662    
17 92 94 93 17 43 1.763965    904 1.763441 0.999703    
17 95 97 96 17 44 1.752359    898 1.750000 0.998654    
17 98 100 99 17 45 1.735430    891 1.737374 1.001120    
17 101 103 102 17 46 1.726261    885 1.725490 0.999554    
17 104 109 107 17 47 1.711711    877 1.710280 0.999164    
17 110 115 113 17 48 1.703424    874 1.703540 1.000068    
17 116 121 119 17 49 1.686347    864 1.684874 0.999126    
17 122 127 125 17 50 1.676130    860 1.676000 0.999922    
17 128 133 131 17 51 1.656628    850 1.656489 0.999916    
17 134 139 137 17 52 1.651921    848 1.653285 1.000826    
17 140 145 143 17 53 1.636523    839 1.636364 0.999902    
17 146 151 149 17 54 1.632777    838 1.634228 1.000889    
17 152 157 155 17 55 1.624520    834 1.625806 1.000792    
17 158 163 161 17 56 1.607657    825 1.608696 1.000646    
17 164 169 167 17 57 1.604486    823 1.604790 1.000190    
17 170 175 173 17 58 1.599734    821 1.601156 1.000889    
17 176 181 179 17 59 1.587954    813 1.586592 0.999143    
17 182 187 185 17 60 1.581824    810 1.581081 0.999530    
17 188 193 191 17 61 1.580032    810 1.581152 1.000709    
17 194 254 224 17 62 1.551876    795 1.551339 0.999654    
17 255 255 255 17 63 1.526496    783 1.527451 1.000626    
18 0 0 0 18 0 1.000000    512 1.000000 1.000000       # ieta [19], pt 0
18 15 15 15 18 1 2.727577    24575 2.733333 1.002110    
18 16 16 16 18 2 2.711901    25599 2.718750 1.002526    
18 17 17 17 18 3 2.685662    25599 2.676471 0.996577    
18 18 18 18 18 4 2.636843    25599 2.638889 1.000776    
18 19 19 19 18 5 2.625062    26623 2.631579 1.002483    
18 20 20 20 18 6 2.609960    26623 2.600000 0.996184    
18 21 21 21 18 7 2.544534    25599 2.547619 1.001213    
18 22 22 22 18 8 2.533878    25599 2.522727 0.995599    
18 23 23 23 18 9 2.501466    25599 2.500000 0.999414    
18 24 24 24 18 10 2.475692    25599 2.479167 1.001404    
18 25 25 25 18 11 2.433060    24575 2.440000 1.002852    
18 26 26 26 18 12 2.405433    23551 2.403846 0.999340    
18 27 27 27 18 13 2.376123    22527 2.370370 0.997579    
18 28 28 28 18 14 2.340071    21503 2.339286 0.999665    
18 29 29 29 18 15 2.336052    21503 2.327586 0.996376    
18 30 30 30 18 16 2.293353    20479 2.300000 1.002898    
18 31 31 31 18 17 2.289158    20479 2.290323 1.000509    
18 32 33 33 18 18 2.246445    18431 2.242424 0.998210    
18 34 35 35 18 19 2.223787    18431 2.228571 1.002151    
18 36 37 37 18 20 2.176527    15359 2.175676 0.999609    
18 38 39 39 18 21 2.147611    14335 2.153846 1.002903    
18 40 41 41 18 22 2.132514    13311 2.134146 1.000766    
18 42 43 43 18 23 2.090013    10239 2.093023 1.001440    
18 44 45 45 18 24 2.078616    9215 2.077778 0.999597    
18 46 47 47 18 25 2.052370    7167 2.053191 1.000400    
18 48 49 49 18 26 2.034504    5119 2.030612 0.998087    
18 50 51 51 18 27 2.000130    2047 2.000000 0.999935    
18 52 53 53 18 28 1.980951    1017 1.981132 1.000091    
18 54 55 55 18 29 1.965487    1008 1.963636 0.999058    
18 56 57 57 18 30 1.950225    1000 1.947368 0.998535    
18 58 59 59 18 31 1.938734    996 1.940678 1.001003    
18 60 61 61 18 32 1.922170    989 1.926230 1.002112    
18 62 64 63 18 33 1.902987    978 1.904762 1.000932    
18 65 67 66 18 34 1.886359    968 1.886364 1.000002    
18 68 70 69 18 35 1.867271    959 1.869565 1.001228    
18 71 73 72 18 36 1.839900    944 1.840278 1.000205    
18 74 76 75 18 37 1.837934    944 1.840000 1.001124    
18 77 79 78 18 38 1.824613    937 1.826923 1.001266    
18 80 82 81 18 39 1.805195    925 1.802469 0.998490    
18 83 85 84 18 40 1.797830    922 1.797619 0.999882    
18 86 88 87 18 41 1.780634    914 1.781609 1.000548    
18 89 91 90 18 42 1.775673    912 1.777778 1.001185    
18 92 94 93 18 43 1.766507    907 1.768817 1.001308    
18 95 97 96 18 44 1.754736    900 1.755208 1.000269    
18 98 100 99 18 45 1.737784    891 1.737374 0.999764    
18 101 103 102 18 46 1.728602    887 1.730392 1.001035    
18 104 109 107 18 47 1.714033    880 1.714953 1.000537    
18 110 115 113 18 48 1.705734    874 1.703540 0.998713    
18 116 121 119 18 49 1.688635    866 1.689076 1.000261    
18 122 127 125 18 50 1.678404    862 1.680000 1.000951    
18 128 133 131 18 51 1.658476    852 1.660305 1.001103    
18 134 139 137 18 52 1.653364    848 1.653285 0.999952    
18 140 145 143 18 53 1.633946    837 1.632867 0.999340    
18 146 151 149 18 54 1.629511    836 1.630872 1.000835    
18 152 157 155 18 55 1.621271    832 1.622581 1.000808    
18 158 163 161 18 56 1.604253    823 1.605590 1.000833    
18 164 169 167 18 57 1.601051    821 1.601796 1.000465    
18 170 175 173 18 58 1.596309    818 1.595376 0.999415    
18 176 181 179 18 59 1.582510    812 1.583799 1.000814    
18 182 187 185 18 60 1.575155    808 1.575676 1.000330    
18 188 193 191 18 61 1.572133    806 1.573298 1.000742    
18 194 254 224 18 62 1.540319    789 1.540179 0.999909    
18 255 255 255 18 63 1.514668    776 1.513725 0.999378    
19 0 0 0 19 0 1.000000    512 1.000000 1.000000       # ieta [20], pt 0
19 15 15 15 19 1 2.825901    27647 2.833333 1.002630    
19 16 16 16 19 2 2.773032    27647 2.781250 1.002963    
19 17 17 17 19 3 2.739922    27647 2.735294 0.998311    
19 18 18 18 19 4 2.667471    26623 2.666667 0.999698    
19 19 19 19 19 5 2.655554    27647 2.657895 1.000881    
19 20 20 20 19 6 2.635930    27647 2.625000 0.995854    
19 21 21 21 19 7 2.551001    25599 2.547619 0.998674    
19 22 22 22 19 8 2.536157    26623 2.545455 1.003666    
19 23 23 23 19 9 2.500829    25599 2.500000 0.999668    
19 24 24 24 19 10 2.472182    25599 2.479167 1.002825    
19 25 25 25 19 11 2.430056    24575 2.440000 1.004092    
19 26 26 26 19 12 2.401519    23551 2.403846 1.000969    
19 27 27 27 19 13 2.371818    22527 2.370370 0.999390    
19 28 28 28 19 14 2.335706    21503 2.339286 1.001533    
19 29 29 29 19 15 2.331694    21503 2.327586 0.998238    
19 30 30 30 19 16 2.289075    19455 2.283333 0.997492    
19 31 31 31 19 17 2.284888    20479 2.290323 1.002379    
19 32 33 33 19 18 2.241839    18431 2.242424 1.000261    
19 34 35 35 19 19 2.218611    17407 2.214286 0.998050    
19 36 37 37 19 20 2.165196    14335 2.162162 0.998599    
19 38 39 39 19 21 2.127852    12287 2.128205 1.000166    
19 40 41 41 19 22 2.120030    12287 2.121951 1.000906    
19 42 43 43 19 23 2.079736    9215 2.081395 1.000798    
19 44 45 45 19 24 2.068354    8191 2.066667 0.999184    
19 46 47 47 19 25 2.042498    6143 2.042553 1.000027    
19 48 49 49 19 26 2.022351    4095 2.020408 0.999039    
19 50 51 51 19 27 1.988181    1021 1.990196 1.001013    
19 52 53 53 19 28 1.968459    1012 1.971698 1.001645    
19 54 55 55 19 29 1.951678    1003 1.954545 1.001469    
19 56 57 57 19 30 1.935179    995 1.938596 1.001766    
19 58 59 59 19 31 1.922424    987 1.923729 1.000679    
19 60 61 61 19 32 1.906176    980 1.909836 1.001920    
19 62 64 63 19 33 1.887228    970 1.888889 1.000880    
19 65 67 66 19 34 1.870536    960 1.871212 1.000362    
19 68 70 69 19 35 1.852274    952 1.855072 1.001511    
19 71 73 72 19 36 1.825203    937 1.826389 1.000650    
19 74 76 75 19 37 1.821634    934 1.820000 0.999103    
19 77 79 78 19 38 1.809264    927 1.807692 0.999131    
19 80 82 81 19 39 1.790808    918 1.790123 0.999617    
19 83 85 84 19 40 1.784864    916 1.785714 1.000476    
19 86 88 87 19 41 1.768661    908 1.770115 1.000822    
19 89 91 90 19 42 1.763904    906 1.766667 1.001566    
19 92 94 93 19 43 1.754249    899 1.752688 0.999110    
19 95 97 96 19 44 1.742684    895 1.744792 1.001210    
19 98 100 99 19 45 1.725848    886 1.727273 1.000825    
19 101 103 102 19 46 1.716601    880 1.715686 0.999467    
19 104 109 107 19 47 1.702133    872 1.700935 0.999296    
19 110 115 113 19 48 1.694094    869 1.694690 1.000352    
19 116 121 119 19 49 1.677489    860 1.676471 0.999393    
19 122 127 125 19 50 1.667502    856 1.668000 1.000298    
19 128 133 131 19 51 1.648431    846 1.648855 1.000257    
19 134 139 137 19 52 1.643351    842 1.642336 0.999382    
19 140 145 143 19 53 1.624050    832 1.622378 0.998970    
19 146 151 149 19 54 1.619482    831 1.620805 1.000817    
19 152 157 155 19 55 1.611011    825 1.609677 0.999172    
19 158 163 161 19 56 1.594284    817 1.593168 0.999300    
19 164 169 167 19 57 1.590705    815 1.589820 0.999444    
19 170 175 173 19 58 1.586159    813 1.586705 1.000345    
19 176 181 179 19 59 1.572629    806 1.572626 0.999998    
19 182 187 185 19 60 1.565357    802 1.564865 0.999686    
19 188 193 191 19 61 1.562353    801 1.562827 1.000304    
19 194 254 224 19 62 1.530738    785 1.531250 1.000335    
19 255 255 255 19 63 1.505245    772 1.505882 1.000423    
20 0 0 0 20 0 1.000000    512 1.000000 1.000000       # ieta [21], pt 0
20 15 15 15 20 1 2.843644    27647 2.833333 0.996374    
20 16 16 16 20 2 2.777075    27647 2.781250 1.001504    
20 17 17 17 20 3 2.743606    27647 2.735294 0.996970    
20 18 18 18 20 4 2.649641    25599 2.638889 0.995942    
20 19 19 19 20 5 2.637803    26623 2.631579 0.997640    
20 20 20 20 20 6 2.612774    27647 2.625000 1.004679    
20 21 21 21 20 7 2.522648    24575 2.523810 1.000460    
20 22 22 22 20 8 2.505584    24575 2.500000 0.997771    
20 23 23 23 20 9 2.477293    24575 2.478261 1.000391    
20 24 24 24 20 10 2.447384    23551 2.437500 0.995961    
20 25 25 25 20 11 2.404639    22527 2.400000 0.998071    
20 26 26 26 20 12 2.372215    21503 2.365385 0.997121    
20 27 27 27 20 13 2.335936    20479 2.333333 0.998886    
20 28 28 28 20 14 2.293643    18431 2.285714 0.996543    
20 29 29 29 20 15 2.291020    19455 2.293103 1.000910    
20 30 30 30 20 16 2.253018    17407 2.250000 0.998660    
20 31 31 31 20 17 2.249863    17407 2.241935 0.996477    
20 32 33 33 20 18 2.206567    16383 2.212121 1.002517    
20 34 35 35 20 19 2.184160    15359 2.185714 1.000711    
20 36 37 37 20 20 2.135241    12287 2.135135 0.999950    
20 38 39 39 20 21 2.111522    11263 2.115385 1.001829    
20 40 41 41 20 22 2.093547    10239 2.097561 1.001917    
20 42 43 43 20 23 2.046991    6143 2.046512 0.999766    
20 44 45 45 20 24 2.035575    5119 2.033333 0.998899    
20 46 47 47 20 25 2.011875    3071 2.010638 0.999385    
20 48 49 49 20 26 1.993227    1022 1.989796 0.998279    
20 50 51 51 20 27 1.963949    1007 1.960784 0.998389    
20 52 53 53 20 28 1.945937    998 1.943396 0.998694    
20 54 55 55 20 29 1.931634    990 1.927273 0.997742    
20 56 57 57 20 30 1.920023    986 1.921053 1.000536    
20 58 59 59 20 31 1.910201    979 1.906780 0.998209    
20 60 61 61 20 32 1.893621    972 1.893443 0.999906    
20 62 64 63 20 33 1.874816    961 1.873016 0.999040    
20 65 67 66 20 34 1.858232    953 1.856061 0.998831    
20 68 70 69 20 35 1.842600    945 1.840580 0.998903    
20 71 73 72 20 36 1.819865    934 1.819444 0.999769    
20 74 76 75 20 37 1.814447    930 1.813333 0.999386    
20 77 79 78 20 38 1.800487    924 1.801282 1.000442    
20 80 82 81 20 39 1.781990    915 1.783951 1.001100    
20 83 85 84 20 40 1.776075    910 1.773810 0.998725    
20 86 88 87 20 41 1.759728    902 1.758621 0.999371    
20 89 91 90 20 42 1.754771    900 1.755556 1.000447    
20 92 94 93 20 43 1.745166    896 1.747312 1.001230    
20 95 97 96 20 44 1.733814    889 1.734375 1.000323    
20 98 100 99 20 45 1.717636    881 1.717172 0.999730    
20 101 103 102 20 46 1.709116    877 1.710784 1.000976    
20 104 109 107 20 47 1.694810    870 1.696262 1.000856    
20 110 115 113 20 48 1.685917    865 1.685841 0.999955    
20 116 121 119 20 49 1.667868    856 1.668067 1.000120    
20 122 127 125 20 50 1.656910    849 1.656000 0.999451    
20 128 133 131 20 51 1.634576    838 1.633588 0.999395    
20 134 139 137 20 52 1.627466    835 1.627737 1.000167    
20 140 145 143 20 53 1.603039    821 1.601399 0.998977    
20 146 151 149 20 54 1.597714    819 1.597315 0.999751    
20 152 157 155 20 55 1.588740    815 1.590323 1.000996    
20 158 163 161 20 56 1.572449    806 1.571429 0.999351    
20 164 169 167 20 57 1.568920    804 1.568862 0.999963    
20 170 175 173 20 58 1.564536    802 1.563584 0.999391    
20 176 181 179 20 59 1.551454    795 1.550279 0.999243    
20 182 187 185 20 60 1.544312    791 1.543243 0.999308    
20 188 193 191 20 61 1.541349    790 1.541885 1.000348    
20 194 254 224 20 62 1.510158    774 1.511161 1.000664    
20 255 255 255 20 63 1.485009    760 1.484314 0.999532    
21 0 0 0 21 0 1.000000    512 1.000000 1.000000       # ieta [22], pt 0
21 15 15 15 21 1 2.817606    27647 2.833333 1.005582    
21 16 16 16 21 2 2.763948    26623 2.750000 0.994954    
21 17 17 17 21 3 2.727580    27647 2.735294 1.002828    
21 18 18 18 21 4 2.632960    25599 2.638889 1.002252    
21 19 19 19 21 5 2.621197    26623 2.631579 1.003961    
21 20 20 20 21 6 2.598652    26623 2.600000 1.000519    
21 21 21 21 21 7 2.513834    24575 2.523810 1.003968    
21 22 22 22 21 8 2.496717    24575 2.500000 1.001315    
21 23 23 23 21 9 2.467277    23551 2.456522 0.995641    
21 24 24 24 21 10 2.437206    23551 2.437500 1.000121    
21 25 25 25 21 11 2.395081    22527 2.400000 1.002054    
21 26 26 26 21 12 2.362786    21503 2.365385 1.001100    
21 27 27 27 21 13 2.326651    20479 2.333333 1.002872    
21 28 28 28 21 14 2.282992    18431 2.285714 1.001192    
21 29 29 29 21 15 2.280381    18431 2.275862 0.998018    
21 30 30 30 21 16 2.243566    17407 2.250000 1.002868    
21 31 31 31 21 17 2.239687    17407 2.241935 1.001004    
21 32 33 33 21 18 2.195034    15359 2.196970 1.000882    
21 34 35 35 21 19 2.173032    14335 2.171429 0.999262    
21 36 37 37 21 20 2.124857    11263 2.121622 0.998477    
21 38 39 39 21 21 2.100911    10239 2.102564 1.000787    
21 40 41 41 21 22 2.082590    9215 2.085366 1.001333    
21 42 43 43 21 23 2.033639    5119 2.034884 1.000612    
21 44 45 45 21 24 2.020124    4095 2.022222 1.001039    
21 46 47 47 21 25 1.993324    1022 1.989362 0.998012    
21 48 49 49 21 26 1.972684    1012 1.969388 0.998329    
21 50 51 51 21 27 1.944698    997 1.941176 0.998189    
21 52 53 53 21 28 1.927816    989 1.924528 0.998295    
21 54 55 55 21 29 1.914158    985 1.918182 1.002102    
21 56 57 57 21 30 1.901060    977 1.903509 1.001288    
21 58 59 59 21 31 1.889958    970 1.889831 0.999932    
21 60 61 61 21 32 1.872647    960 1.868852 0.997974    
21 62 64 63 21 33 1.850222    949 1.849206 0.999451    
21 65 67 66 21 34 1.833642    941 1.833333 0.999832    
21 68 70 69 21 35 1.818043    933 1.818841 1.000439    
21 71 73 72 21 36 1.796878    923 1.798611 1.000965    
21 74 76 75 21 37 1.791529    920 1.793333 1.001007    
21 77 79 78 21 38 1.777745    911 1.775641 0.998816    
21 80 82 81 21 39 1.760368    902 1.759259 0.999370    
21 83 85 84 21 40 1.755018    901 1.755952 1.000533    
21 86 88 87 21 41 1.739146    893 1.741379 1.001284    
21 89 91 90 21 42 1.733950    889 1.733333 0.999644    
21 92 94 93 21 43 1.722635    882 1.720430 0.998720    
21 95 97 96 21 44 1.710510    876 1.708333 0.998727    
21 98 100 99 21 45 1.697760    870 1.696970 0.999535    
21 101 103 102 21 46 1.689663    867 1.691176 1.000896    
21 104 109 107 21 47 1.675696    860 1.677570 1.001118    
21 110 115 113 21 48 1.666763    856 1.668142 1.000827    
21 116 121 119 21 49 1.649244    847 1.651261 1.001223    
21 122 127 125 21 50 1.638545    841 1.640000 1.000888    
21 128 133 131 21 51 1.616731    830 1.618321 1.000983    
21 134 139 137 21 52 1.609699    825 1.609489 0.999870    
21 140 145 143 21 53 1.585538    812 1.583916 0.998977    
21 146 151 149 21 54 1.580272    810 1.580537 1.000168    
21 152 157 155 21 55 1.571395    805 1.570968 0.999728    
21 158 163 161 21 56 1.555282    798 1.555901 1.000398    
21 164 169 167 21 57 1.551792    795 1.550898 0.999424    
21 170 175 173 21 58 1.547456    793 1.546243 0.999216    
21 176 181 179 21 59 1.534517    786 1.533520 0.999350    
21 182 187 185 21 60 1.527452    783 1.527027 0.999722    
21 188 193 191 21 61 1.524521    781 1.523560 0.999370    
21 194 254 224 21 62 1.493672    765 1.493304 0.999754    
21 255 255 255 21 63 1.468797    752 1.468627 0.999885    
22 0 0 0 22 0 1.000000    512 1.000000 1.000000       # ieta [23], pt 0
22 15 15 15 22 1 2.792897    26623 2.800000 1.002543    
22 16 16 16 22 2 2.728577    25599 2.718750 0.996399    
22 17 17 17 22 3 2.677558    25599 2.676471 0.999594    
22 18 18 18 22 4 2.569058    22527 2.555556 0.994744    
22 19 19 19 22 5 2.557580    23551 2.552632 0.998065    
22 20 20 20 22 6 2.537965    24575 2.550000 1.004742    
22 21 21 21 22 7 2.458947    21503 2.452381 0.997330    
22 22 22 22 22 8 2.446173    22527 2.454545 1.003423    
22 23 23 23 22 9 2.416614    21503 2.413043 0.998523    
22 24 24 24 22 10 2.389108    21503 2.395833 1.002815    
22 25 25 25 22 11 2.357336    20479 2.360000 1.001130    
22 26 26 26 22 12 2.341819    20479 2.346154 1.001851    
22 27 27 27 22 13 2.322695    19455 2.314815 0.996608    
22 28 28 28 22 14 2.279110    18431 2.285714 1.002898    
22 29 29 29 22 15 2.276503    18431 2.275862 0.999718    
22 30 30 30 22 16 2.240525    16383 2.233333 0.996790    
22 31 31 31 22 17 2.236651    17407 2.241935 1.002363    
22 32 33 33 22 18 2.192247    15359 2.196970 1.002154    
22 34 35 35 22 19 2.169349    14335 2.171429 1.000958    
22 36 37 37 22 20 2.121690    11263 2.121622 0.999968    
22 38 39 39 22 21 2.095544    9215 2.089744 0.997232    
22 40 41 41 22 22 2.074504    8191 2.073171 0.999357    
22 42 43 43 22 23 2.023032    4095 2.023256 1.000111    
22 44 45 45 22 24 2.008937    3071 2.011111 1.001082    
22 46 47 47 22 25 1.980852    1016 1.978723 0.998925    
22 48 49 49 22 26 1.957978    1006 1.959184 1.000616    
22 50 51 51 22 27 1.929020    991 1.931373 1.001220    
22 52 53 53 22 28 1.910294    979 1.905660 0.997574    
22 54 55 55 22 29 1.895127    971 1.890909 0.997774    
22 56 57 57 22 30 1.881262    964 1.877193 0.997837    
22 58 59 59 22 31 1.869851    961 1.872881 1.001621    
22 60 61 61 22 32 1.854345    951 1.852459 0.998983    
22 62 64 63 22 33 1.834539    941 1.833333 0.999343    
22 65 67 66 22 34 1.818500    933 1.818182 0.999825    
22 68 70 69 22 35 1.803109    926 1.804348 1.000687    
22 71 73 72 22 36 1.782146    916 1.784722 1.001445    
22 74 76 75 22 37 1.776841    913 1.780000 1.001778    
22 77 79 78 22 38 1.763926    904 1.762821 0.999374    
22 80 82 81 22 39 1.745781    896 1.746914 1.000649    
22 83 85 84 22 40 1.740984    892 1.738095 0.998341    
22 86 88 87 22 41 1.726991    885 1.724138 0.998348    
22 89 91 90 22 42 1.722179    883 1.722222 1.000025    
22 92 94 93 22 43 1.710985    877 1.709677 0.999236    
22 95 97 96 22 44 1.700004    871 1.697917 0.998772    
22 98 100 99 22 45 1.686913    865 1.686869 0.999974    
22 101 103 102 22 46 1.677386    860 1.676471 0.999454    
22 104 109 107 22 47 1.663912    853 1.663551 0.999783    
22 110 115 113 22 48 1.655536    849 1.654867 0.999596    
22 116 121 119 22 49 1.638928    840 1.638655 0.999834    
22 122 127 125 22 50 1.628165    835 1.628000 0.999899    
22 128 133 131 22 51 1.606489    824 1.606870 1.000237    
22 134 139 137 22 52 1.599501    820 1.598540 0.999399    
22 140 145 143 22 53 1.575493    809 1.576923 1.000908    
22 146 151 149 22 54 1.570260    805 1.570470 1.000134    
22 152 157 155 22 55 1.561440    801 1.561290 0.999904    
22 158 163 161 22 56 1.545429    793 1.546584 1.000747    
22 164 169 167 22 57 1.541961    790 1.541916 0.999971    
22 170 175 173 22 58 1.537652    788 1.537572 0.999948    
22 176 181 179 22 59 1.524909    782 1.525140 1.000152    
22 182 187 185 22 60 1.518003    779 1.518919 1.000604    
22 188 193 191 22 61 1.515349    777 1.515707 1.000236    
22 194 254 224 22 62 1.486374    762 1.486607 1.000157    
22 255 255 255 22 63 1.462794    749 1.462745 0.999966    
23 0 0 0 23 0 1.000000    512 1.000000 1.000000       # ieta [24], pt 0
23 15 15 15 23 1 2.666138    22527 2.666667 1.000198    
23 16 16 16 23 2 2.582454    21503 2.593750 1.004374    
23 17 17 17 23 3 2.557045    21503 2.558824 1.000696    
23 18 18 18 23 4 2.498749    20479 2.500000 1.000501    
23 19 19 19 23 5 2.498000    21503 2.500000 1.000801    
23 20 20 20 23 6 2.480888    21503 2.475000 0.997627    
23 21 21 21 23 7 2.406932    19455 2.404762 0.999098    
23 22 22 22 23 8 2.399849    20479 2.409091 1.003851    
23 23 23 23 23 9 2.366742    19455 2.369565 1.001193    
23 24 24 24 23 10 2.337727    18431 2.333333 0.998121    
23 25 25 25 23 11 2.317554    18431 2.320000 1.001055    
23 26 26 26 23 12 2.304791    18431 2.307692 1.001259    
23 27 27 27 23 13 2.285968    17407 2.277778 0.996417    
23 28 28 28 23 14 2.239389    15359 2.232143 0.996764    
23 29 29 29 23 15 2.231887    15359 2.224138 0.996528    
23 30 30 30 23 16 2.193187    14335 2.200000 1.003106    
23 31 31 31 23 17 2.187379    14335 2.193548 1.002821    
23 32 33 33 23 18 2.146137    12287 2.151515 1.002506    
23 34 35 35 23 19 2.126201    11263 2.128571 1.001115    
23 36 37 37 23 20 2.076724    8191 2.081081 1.002098    
23 38 39 39 23 21 2.055346    6143 2.051282 0.998023    
23 40 41 41 23 22 2.039083    5119 2.036585 0.998775    
23 42 43 43 23 23 1.996254    2046 2.000000 1.001876    
23 44 45 45 23 24 1.983812    1021 1.988889 1.002559    
23 46 47 47 23 25 1.958963    1005 1.957447 0.999226    
23 48 49 49 23 26 1.936123    995 1.938776 1.001370    
23 50 51 51 23 27 1.909220    981 1.911765 1.001333    
23 52 53 53 23 28 1.891592    973 1.896226 1.002450    
23 54 55 55 23 29 1.876993    962 1.872727 0.997727    
23 56 57 57 23 30 1.864035    955 1.859649 0.997647    
23 58 59 59 23 31 1.853506    953 1.855932 1.001309    
23 60 61 61 23 32 1.838836    943 1.836066 0.998493    
23 62 64 63 23 33 1.820151    933 1.817460 0.998522    
23 65 67 66 23 34 1.805581    926 1.803030 0.998587    
23 68 70 69 23 35 1.790094    919 1.789855 0.999867    
23 71 73 72 23 36 1.769180    909 1.770833 1.000935    
23 74 76 75 23 37 1.764545    906 1.766667 1.001202    
23 77 79 78 23 38 1.752241    898 1.750000 0.998721    
23 80 82 81 23 39 1.734217    890 1.734568 1.000203    
23 83 85 84 23 40 1.729366    888 1.732143 1.001606    
23 86 88 87 23 41 1.715512    879 1.712644 0.998328    
23 89 91 90 23 42 1.710776    878 1.711111 1.000196    
23 92 94 93 23 43 1.699656    871 1.698925 0.999570    
23 95 97 96 23 44 1.688748    865 1.687500 0.999261    
23 98 100 99 23 45 1.675744    860 1.676768 1.000611    
23 101 103 102 23 46 1.666051    855 1.666667 1.000370    
23 104 109 107 23 47 1.652553    848 1.654206 1.001000    
23 110 115 113 23 48 1.644016    844 1.646018 1.001218    
23 116 121 119 23 49 1.627524    834 1.626050 0.999095    
23 122 127 125 23 50 1.616852    829 1.616000 0.999473    
23 128 133 131 23 51 1.595409    818 1.595420 1.000007    
23 134 139 137 23 52 1.588469    814 1.587591 0.999447    
23 140 145 143 23 53 1.564627    802 1.562937 0.998920    
23 146 151 149 23 54 1.559541    800 1.560403 1.000552    
23 152 157 155 23 55 1.551018    796 1.551613 1.000383    
23 158 163 161 23 56 1.536202    788 1.537267 1.000693    
23 164 169 167 23 57 1.532563    786 1.532934 1.000242    
23 170 175 173 23 58 1.528247    784 1.528902 1.000429    
23 176 181 179 23 59 1.515928    778 1.516760 1.000549    
23 182 187 185 23 60 1.509063    773 1.508108 0.999367    
23 188 193 191 23 61 1.506439    772 1.505236 0.999201    
23 194 254 224 23 62 1.478742    757 1.477679 0.999281    
23 255 255 255 23 63 1.455532    745 1.454902 0.999567    
24 0 0 0 24 0 1.000000    512 1.000000 1.000000       # ieta [25], pt 0
24 15 15 15 24 1 2.646684    21503 2.633333 0.994956    
24 16 16 16 24 2 2.563611    20479 2.562500 0.999567    
24 17 17 17 24 3 2.538387    20479 2.529412 0.996464    
24 18 18 18 24 4 2.480516    19455 2.472222 0.996657    
24 19 19 19 24 5 2.479356    20479 2.473684 0.997712    
24 20 20 20 24 6 2.462035    20479 2.450000 0.995112    
24 21 21 21 24 7 2.372653    18431 2.380952 1.003498    
24 22 22 22 24 8 2.364268    18431 2.363636 0.999733    
24 23 23 23 24 9 2.331288    17407 2.326087 0.997769    
24 24 24 24 24 10 2.303148    17407 2.312500 1.004061    
24 25 25 25 24 11 2.283273    16383 2.280000 0.998566    
24 26 26 26 24 12 2.270699    16383 2.269231 0.999353    
24 27 27 27 24 13 2.252155    16383 2.259259 1.003155    
24 28 28 28 24 14 2.206527    14335 2.214286 1.003516    
24 29 29 29 24 15 2.199135    14335 2.206897 1.003529    
24 30 30 30 24 16 2.177125    13311 2.183333 1.002852    
24 31 31 31 24 17 2.172296    13311 2.177419 1.002359    
24 32 33 33 24 18 2.133062    11263 2.136364 1.001548    
24 34 35 35 24 19 2.111473    10239 2.114286 1.001332    
24 36 37 37 24 20 2.067650    7167 2.067568 0.999960    
24 38 39 39 24 21 2.048023    6143 2.051282 1.001591    
24 40 41 41 24 22 2.031819    5119 2.036585 1.002346    
24 42 43 43 24 23 1.989274    1021 1.988372 0.999547    
24 44 45 45 24 24 1.977225    1016 1.977778 1.000280    
24 46 47 47 24 25 1.952858    1005 1.957447 1.002350    
24 48 49 49 24 26 1.930089    990 1.928571 0.999214    
24 50 51 51 24 27 1.903431    976 1.901961 0.999228    
24 52 53 53 24 28 1.885856    969 1.886792 1.000496    
24 54 55 55 24 29 1.871301    961 1.872727 1.000762    
24 56 57 57 24 30 1.859286    955 1.859649 1.000195    
24 58 59 59 24 31 1.849691    949 1.847458 0.998793    
24 60 61 61 24 32 1.835051    943 1.836066 1.000553    
24 62 64 63 24 33 1.816405    933 1.817460 1.000581    
24 65 67 66 24 34 1.802018    926 1.803030 1.000562    
24 68 70 69 24 35 1.786956    919 1.789855 1.001622    
24 71 73 72 24 36 1.766238    905 1.763889 0.998670    
24 74 76 75 24 37 1.761611    903 1.760000 0.999085    
24 77 79 78 24 38 1.749327    898 1.750000 1.000385    
24 80 82 81 24 39 1.731333    887 1.728395 0.998303    
24 83 85 84 24 40 1.726490    885 1.726190 0.999826    
24 86 88 87 24 41 1.712685    878 1.712644 0.999976    
24 89 91 90 24 42 1.708009    875 1.705556 0.998564    
24 92 94 93 24 43 1.696908    871 1.698925 1.001189    
24 95 97 96 24 44 1.686017    865 1.687500 1.000880    
24 98 100 99 24 45 1.673034    857 1.671717 0.999213    
24 101 103 102 24 46 1.663389    852 1.661765 0.999024    
24 104 109 107 24 47 1.649977    846 1.649533 0.999731    
24 110 115 113 24 48 1.641453    842 1.641593 1.000085    
24 116 121 119 24 49 1.624986    834 1.626050 1.000655    
24 122 127 125 24 50 1.614332    829 1.616000 1.001034    
24 128 133 131 24 51 1.592922    816 1.591603 0.999172    
24 134 139 137 24 52 1.585993    814 1.587591 1.001008    
24 140 145 143 24 53 1.562188    802 1.562937 1.000479    
24 146 151 149 24 54 1.557110    798 1.557047 0.999959    
24 152 157 155 24 55 1.548600    794 1.548387 0.999862    
24 158 163 161 24 56 1.533807    787 1.534161 1.000231    
24 164 169 167 24 57 1.530173    784 1.529940 0.999848    
24 170 175 173 24 58 1.525864    782 1.526012 1.000097    
24 176 181 179 24 59 1.513565    776 1.513966 1.000265    
24 182 187 185 24 60 1.506710    772 1.505405 0.999134    
24 188 193 191 24 61 1.504090    772 1.505236 1.000762    
24 194 254 224 24 62 1.476280    756 1.475446 0.999435    
24 255 255 255 24 63 1.453048    744 1.452941 0.999927    
25 0 0 0 25 0 1.000000    512 1.000000 1.000000       # ieta [26], pt 0
25 15 15 15 25 1 2.633666    21503 2.633333 0.999874    
25 16 16 16 25 2 2.553883    20479 2.562500 1.003374    
25 17 17 17 25 3 2.525684    20479 2.529412 1.001476    
25 18 18 18 25 4 2.468103    19455 2.472222 1.001669    
25 19 19 19 25 5 2.467193    20479 2.473684 1.002631    
25 20 20 20 25 6 2.456759    20479 2.450000 0.997249    
25 21 21 21 25 7 2.373359    18431 2.380952 1.003199    
25 22 22 22 25 8 2.365781    18431 2.363636 0.999094    
25 23 23 23 25 9 2.333388    17407 2.326087 0.996871    
25 24 24 24 25 10 2.308855    17407 2.312500 1.001579    
25 25 25 25 25 11 2.290242    17407 2.300000 1.004261    
25 26 26 26 25 12 2.277630    16383 2.269231 0.996312    
25 27 27 27 25 13 2.261085    16383 2.259259 0.999193    
25 28 28 28 25 14 2.215620    14335 2.214286 0.999398    
25 29 29 29 25 15 2.208197    14335 2.206897 0.999411    
25 30 30 30 25 16 2.186096    13311 2.183333 0.998736    
25 31 31 31 25 17 2.181247    13311 2.177419 0.998245    
25 32 33 33 25 18 2.142177    11263 2.136364 0.997286    
25 34 35 35 25 19 2.122099    11263 2.128571 1.003050    
25 36 37 37 25 20 2.083420    8191 2.081081 0.998877    
25 38 39 39 25 21 2.065601    7167 2.064103 0.999274    
25 40 41 41 25 22 2.050251    6143 2.048780 0.999283    
25 42 43 43 25 23 2.007320    3071 2.011628 1.002146    
25 44 45 45 25 24 1.996556    2046 2.000000 1.001725    
25 46 47 47 25 25 1.973814    1016 1.978723 1.002487    
25 48 49 49 25 26 1.950801    1001 1.948980 0.999067    
25 50 51 51 25 27 1.923964    987 1.921569 0.998755    
25 52 53 53 25 28 1.906200    978 1.905660 0.999717    
25 54 55 55 25 29 1.891488    971 1.890909 0.999694    
25 56 57 57 25 30 1.879343    964 1.877193 0.998856    
25 58 59 59 25 31 1.869644    961 1.872881 1.001731    
25 60 61 61 25 32 1.854847    951 1.852459 0.998713    
25 62 64 63 25 33 1.836000    941 1.833333 0.998548    
25 65 67 66 25 34 1.821457    933 1.818182 0.998202    
25 68 70 69 25 35 1.806233    926 1.804348 0.998956    
25 71 73 72 25 36 1.785291    916 1.784722 0.999681    
25 74 76 75 25 37 1.780649    913 1.780000 0.999635    
25 77 79 78 25 38 1.768214    908 1.769231 1.000575    
25 80 82 81 25 39 1.750026    899 1.753086 1.001749    
25 83 85 84 25 40 1.744816    894 1.744048 0.999560    
25 86 88 87 25 41 1.730708    887 1.729885 0.999524    
25 89 91 90 25 42 1.725983    886 1.727778 1.001040    
25 92 94 93 25 43 1.714581    880 1.715054 1.000276    
25 95 97 96 25 44 1.703577    873 1.703125 0.999735    
25 98 100 99 25 45 1.690385    868 1.691919 1.000907    
25 101 103 102 25 46 1.680603    862 1.681373 1.000458    
25 104 109 107 25 47 1.667052    856 1.668224 1.000703    
25 110 115 113 25 48 1.657554    851 1.659292 1.001049    
25 116 121 119 25 49 1.640913    843 1.642857 1.001185    
25 122 127 125 25 50 1.630001    837 1.632000 1.001226    
25 128 133 131 25 51 1.608014    824 1.606870 0.999289    
25 134 139 137 25 52 1.601019    822 1.602190 1.000731    
25 140 145 143 25 53 1.576989    809 1.576923 0.999958    
25 146 151 149 25 54 1.571755    805 1.570470 0.999182    
25 152 157 155 25 55 1.562545    801 1.561290 0.999197    
25 158 163 161 25 56 1.547619    793 1.546584 0.999331    
25 164 169 167 25 57 1.543952    792 1.544910 1.000620    
25 170 175 173 25 58 1.539410    790 1.540462 1.000684    
25 176 181 179 25 59 1.526963    783 1.527933 1.000635    
25 182 187 185 25 60 1.520048    779 1.518919 0.999257    
25 188 193 191 25 61 1.517404    778 1.518325 1.000607    
25 194 254 224 25 62 1.489190    763 1.488839 0.999764    
25 255 255 255 25 63 1.465672    750 1.464706 0.999341    
26 0 0 0 26 0 1.000000    512 1.000000 1.000000       # ieta [27], pt 0
26 15 15 15 26 1 3.174926    37887 3.166667 0.997399    
26 16 16 16 26 2 3.143185    39935 3.156250 1.004156    
26 17 17 17 26 3 3.092593    39935 3.088235 0.998591    
26 18 18 18 26 4 3.049363    40959 3.055556 1.002031    
26 19 19 19 26 5 2.890691    36863 2.894737 1.001400    
26 20 20 20 26 6 2.879917    37887 2.875000 0.998293    
26 21 21 21 26 7 2.790298    35839 2.785714 0.998357    
26 22 22 22 26 8 2.778631    36863 2.772727 0.997875    
26 23 23 23 26 9 2.732924    36863 2.739130 1.002271    
26 24 24 24 26 10 2.685691    35839 2.687500 1.000673    
26 25 25 25 26 11 2.620853    33791 2.620000 0.999674    
26 26 26 26 26 12 2.551774    31743 2.557692 1.002319    
26 27 27 27 26 13 2.510027    30719 2.518519 1.003383    
26 28 28 28 26 14 2.448191    27647 2.446429 0.999280    
26 29 29 29 26 15 2.443590    28671 2.448276 1.001918    
26 30 30 30 26 16 2.410456    27647 2.416667 1.002577    
26 31 31 31 26 17 2.407828    27647 2.403226 0.998089    
26 32 33 33 26 18 2.408458    29695 2.409091 1.000263    
26 34 35 35 26 19 2.379491    29695 2.385714 1.002615    
26 36 37 37 26 20 2.317406    25599 2.310811 0.997154    
26 38 39 39 26 21 2.286722    24575 2.282051 0.997957    
26 40 41 41 26 22 2.255154    23551 2.256098 1.000418    
26 42 43 43 26 23 2.206147    20479 2.209302 1.001430    
26 44 45 45 26 24 2.197013    20479 2.200000 1.001360    
26 46 47 47 26 25 2.146019    16383 2.148936 1.001359    
26 48 49 49 26 26 2.118430    14335 2.122449 1.001897    
26 50 51 51 26 27 2.077072    10239 2.078431 1.000655    
26 52 53 53 26 28 2.056469    8191 2.056604 1.000066    
26 54 55 55 26 29 2.044711    7167 2.045455 1.000364    
26 56 57 57 26 30 2.041581    7167 2.043860 1.001116    
26 58 59 59 26 31 2.035627    6143 2.033898 0.999151    
26 60 61 61 26 32 2.015545    4095 2.016393 1.000421    
26 62 64 63 26 33 1.994282    1022 1.992063 0.998888    
26 65 67 66 26 34 1.979660    1015 1.977273 0.998794    
26 68 70 69 26 35 1.964920    1008 1.963768 0.999414    
26 71 73 72 26 36 1.928897    990 1.930556 1.000860    
26 74 76 75 26 37 1.925365    988 1.926667 1.000676    
26 77 79 78 26 38 1.914178    983 1.916667 1.001300    
26 80 82 81 26 39 1.893174    972 1.895062 1.000997    
26 83 85 84 26 40 1.883995    968 1.886905 1.001544    
26 86 88 87 26 41 1.862239    955 1.862069 0.999909    
26 89 91 90 26 42 1.854455    952 1.855556 1.000594    
26 92 94 93 26 43 1.839478    943 1.838710 0.999582    
26 95 97 96 26 44 1.819066    932 1.817708 0.999254    
26 98 100 99 26 45 1.794750    919 1.792929 0.998985    
26 101 103 102 26 46 1.781216    913 1.779412 0.998987    
26 104 109 107 26 47 1.757045    901 1.757009 0.999980    
26 110 115 113 26 48 1.744483    894 1.743363 0.999358    
26 116 121 119 26 49 1.726388    886 1.726891 1.000291    
26 122 127 125 26 50 1.713819    878 1.712000 0.998938    
26 128 133 131 26 51 1.688857    865 1.687023 0.998914    
26 134 139 137 26 52 1.681911    863 1.682482 1.000339    
26 140 145 143 26 53 1.655721    850 1.657343 1.000979    
26 146 151 149 26 54 1.650226    847 1.651007 1.000473    
26 152 157 155 26 55 1.640434    842 1.641935 1.000915    
26 158 163 161 26 56 1.623836    833 1.624224 1.000239    
26 164 169 167 26 57 1.619358    830 1.619760 1.000248    
26 170 175 173 26 58 1.614459    828 1.615607 1.000711    
26 176 181 179 26 59 1.601119    820 1.600559 0.999650    
26 182 187 185 26 60 1.593868    817 1.594595 1.000456    
26 188 193 191 26 61 1.590715    816 1.591623 1.000571    
26 194 254 224 26 62 1.557591    798 1.558036 1.000285    
26 255 255 255 26 63 1.531475    785 1.531373 0.999933    
27 0 0 0 27 0 1.000000    512 1.000000 1.000000       # ieta [28], pt 0
27 15 15 15 27 1 3.529639    49151 3.533333 1.001047    
27 16 16 16 27 2 3.435938    49151 3.437500 1.000455    
27 17 17 17 27 3 3.312716    48127 3.323529 1.003264    
27 18 18 18 27 4 3.209838    47103 3.222222 1.003858    
27 19 19 19 27 5 3.074880    44031 3.078947 1.001323    
27 20 20 20 27 6 3.073082    46079 3.075000 1.000624    
27 21 21 21 27 7 2.986999    44031 2.976190 0.996381    
27 22 22 22 27 8 3.012479    48127 3.022727 1.003402    
27 23 23 23 27 9 2.971644    48127 2.978261 1.002227    
27 24 24 24 27 10 2.888436    46079 2.895833 1.002561    
27 25 25 25 27 11 2.836826    45055 2.840000 1.001119    
27 26 26 26 27 12 2.767736    43007 2.769231 1.000540    
27 27 27 27 27 13 2.708494    40959 2.703704 0.998231    
27 28 28 28 27 14 2.630069    37887 2.625000 0.998072    
27 29 29 29 27 15 2.625984    38911 2.620690 0.997984    
27 30 30 30 27 16 2.588358    37887 2.583333 0.998059    
27 31 31 31 27 17 2.596085    39935 2.596774 1.000266    
27 32 33 33 27 18 2.582545    40959 2.575758 0.997372    
27 34 35 35 27 19 2.559519    41983 2.557143 0.999072    
27 36 37 37 27 20 2.465895    36863 2.459459 0.997390    
27 38 39 39 27 21 2.440820    36863 2.435897 0.997983    
27 40 41 41 27 22 2.413586    36863 2.414634 1.000434    
27 42 43 43 27 23 2.360837    33791 2.360465 0.999843    
27 44 45 45 27 24 2.353519    34815 2.355556 1.000865    
27 46 47 47 27 25 2.293832    30719 2.297872 1.001761    
27 48 49 49 27 26 2.255786    27647 2.255102 0.999697    
27 50 51 51 27 27 2.219382    24575 2.215686 0.998335    
27 52 53 53 27 28 2.189107    22527 2.188679 0.999805    
27 54 55 55 27 29 2.171246    21503 2.172727 1.000682    
27 56 57 57 27 30 2.160299    20479 2.157895 0.998887    
27 58 59 59 27 31 2.149183    20479 2.152542 1.001563    
27 60 61 61 27 32 2.125499    17407 2.122951 0.998801    
27 62 64 63 27 33 2.102876    15359 2.103175 1.000142    
27 65 67 66 27 34 2.082306    13311 2.083333 1.000493    
27 68 70 69 27 35 2.061083    10239 2.057971 0.998490    
27 71 73 72 27 36 2.013654    4095 2.013889 1.000117    
27 74 76 75 27 37 2.010057    4095 2.013333 1.001630    
27 77 79 78 27 38 1.997793    2046 2.000000 1.001105    
27 80 82 81 27 39 1.972910    1013 1.975309 1.001216    
27 83 85 84 27 40 1.965077    1007 1.964286 0.999597    
27 86 88 87 27 41 1.946255    999 1.948276 1.001038    
27 89 91 90 27 42 1.943786    997 1.944444 1.000339    
27 92 94 93 27 43 1.943734    998 1.946237 1.001287    
27 95 97 96 27 44 1.935720    993 1.937500 1.000920    
27 98 100 99 27 45 1.907823    979 1.909091 1.000665    
27 101 103 102 27 46 1.890455    970 1.892157 1.000900    
27 104 109 107 27 47 1.859132    954 1.859813 1.000366    
27 110 115 113 27 48 1.843847    946 1.845133 1.000697    
27 116 121 119 27 49 1.831498    939 1.831933 1.000237    
27 122 127 125 27 50 1.813883    929 1.812000 0.998962    
27 128 133 131 27 51 1.778632    912 1.778626 0.999997    
27 134 139 137 27 52 1.766686    906 1.766423 0.999851    
27 140 145 143 27 53 1.726570    886 1.727273 1.000407    
27 146 151 149 27 54 1.719000    881 1.718121 0.999489    
27 152 157 155 27 55 1.708279    877 1.709677 1.000819    
27 158 163 161 27 56 1.690994    868 1.692547 1.000918    
27 164 169 167 27 57 1.686096    864 1.685629 0.999723    
27 170 175 173 27 58 1.677510    859 1.676301 0.999279    
27 176 181 179 27 59 1.661122    852 1.662011 1.000535    
27 182 187 185 27 60 1.653599    848 1.654054 1.000275    
27 188 193 191 27 61 1.650362    845 1.649215 0.999305    
27 194 254 224 27 62 1.617465    829 1.618304 1.000519    
27 255 255 255 27 63 1.590840    815 1.590196 0.999595    
28 0 0 0 28 0 1.000000    512 1.000000 1.000000       # ieta [29], pt 0
28 15 15 15 28 1 2.684966    23551 2.700000 1.005599    
28 16 16 16 28 2 2.540397    19455 2.531250 0.996399    
28 17 17 17 28 3 2.461175    18431 2.470588 1.003825    
28 18 18 18 28 4 2.381762    16383 2.388889 1.002992    
28 19 19 19 28 5 2.317425    14335 2.315789 0.999294    
28 20 20 20 28 6 2.269341    13311 2.275000 1.002494    
28 21 21 21 28 7 2.158909    9215 2.166667 1.003593    
28 22 22 22 28 8 2.123106    7167 2.113636 0.995540    
28 23 23 23 28 9 2.084466    6143 2.086957 1.001195    
28 24 24 24 28 10 2.071630    5119 2.062500 0.995593    
28 25 25 25 28 11 2.050602    5119 2.060000 1.004583    
28 26 26 26 28 12 2.025381    3071 2.019231 0.996964    
28 27 27 27 28 13 2.005407    2047 2.000000 0.997304    
28 28 28 28 28 14 1.981990    1019 1.982143 1.000077    
28 29 29 29 28 15 1.947774    1002 1.948276 1.000258    
28 30 30 30 28 16 1.914266    986 1.916667 1.001254    
28 31 31 31 28 17 1.903906    979 1.903226 0.999643    
28 32 33 33 28 18 1.873205    966 1.878788 1.002980    
28 34 35 35 28 19 1.836028    947 1.842857 1.003719    
28 36 37 37 28 20 1.825656    938 1.824324 0.999271    
28 38 39 39 28 21 1.821176    936 1.820513 0.999636    
28 40 41 41 28 22 1.804569    928 1.804878 1.000171    
28 42 43 43 28 23 1.774323    914 1.779070 1.002675    
28 44 45 45 28 24 1.766825    908 1.766667 0.999911    
28 46 47 47 28 25 1.758422    902 1.755319 0.998235    
28 48 49 49 28 26 1.750652    901 1.755102 1.002542    
28 50 51 51 28 27 1.736508    891 1.735294 0.999301    
28 52 53 53 28 28 1.727602    886 1.726415 0.999313    
28 54 55 55 28 29 1.719290    882 1.718182 0.999355    
28 56 57 57 28 30 1.713062    879 1.710526 0.998520    
28 58 59 59 28 31 1.712002    879 1.711864 0.999920    
28 60 61 61 28 32 1.664058    854 1.663934 0.999925    
28 62 64 63 28 33 1.645980    844 1.642857 0.998103    
28 65 67 66 28 34 1.622977    832 1.621212 0.998912    
28 68 70 69 28 35 1.610367    826 1.608696 0.998962    
28 71 73 72 28 36 1.601047    823 1.604167 1.001948    
28 74 76 75 28 37 1.593160    818 1.593333 1.000109    
28 77 79 78 28 38 1.574214    809 1.576923 1.001721    
28 80 82 81 28 39 1.571248    808 1.574074 1.001799    
28 83 85 84 28 40 1.566949    803 1.565476 0.999060    
28 86 88 87 28 41 1.564404    802 1.563218 0.999242    
28 89 91 90 28 42 1.555993    798 1.555556 0.999719    
28 92 94 93 28 43 1.555062    797 1.553763 0.999165    
28 95 97 96 28 44 1.542566    791 1.541667 0.999417    
28 98 100 99 28 45 1.498764    769 1.500000 1.000825    
28 101 103 102 28 46 1.490698    764 1.490196 0.999664    
28 104 109 107 28 47 1.480879    760 1.481308 1.000290    
28 110 115 113 28 48 1.477735    758 1.477876 1.000096    
28 116 121 119 28 49 1.461976    750 1.462185 1.000143    
28 122 127 125 28 50 1.462411    751 1.464000 1.001086    
28 128 133 131 28 51 1.454699    746 1.454198 0.999656    
28 134 139 137 28 52 1.435726    736 1.434307 0.999011    
28 140 145 143 28 53 1.424233    730 1.423077 0.999188    
28 146 151 149 28 54 1.419207    728 1.419463 1.000180    
28 152 157 155 28 55 1.413805    725 1.412903 0.999362    
28 158 163 161 28 56 1.401147    718 1.400621 0.999625    
28 164 169 167 28 57 1.400167    718 1.401198 1.000736    
28 170 175 173 28 58 1.397062    716 1.395954 0.999207    
28 176 181 179 28 59 1.396081    716 1.396648 1.000406    
28 182 187 185 28 60 1.395721    715 1.394595 0.999193    
28 188 193 191 28 61 1.392527    714 1.392670 1.000103    
28 194 254 224 28 62 1.359309    697 1.359375 1.000048    
28 255 255 255 28 63 1.338654    686 1.339216 1.000420    
29 0 0 0 29 0 1.000000    512 1.000000 1.000000       # ieta [30], pt 0
29 15 15 15 29 1 2.663073    22527 2.666667 1.001350    
29 16 16 16 29 2 2.512644    18431 2.500000 0.994968    
29 17 17 17 29 3 2.392090    15359 2.382353 0.995930    
29 18 18 18 29 4 2.278739    12287 2.277778 0.999578    
29 19 19 19 29 5 2.209670    10239 2.210526 1.000388    
29 20 20 20 29 6 2.157118    8191 2.150000 0.996700    
29 21 21 21 29 7 2.074747    5119 2.071429 0.998401    
29 22 22 22 29 8 2.032360    3071 2.022727 0.995260    
29 23 23 23 29 9 1.981285    1019 1.978261 0.998473    
29 24 24 24 29 10 1.953568    1008 1.958333 1.002439    
29 25 25 25 29 11 1.919443    989 1.920000 1.000290    
29 26 26 26 29 12 1.885413    970 1.884615 0.999577    
29 27 27 27 29 13 1.853033    953 1.851852 0.999363    
29 28 28 28 29 14 1.829030    939 1.821429 0.995844    
29 29 29 29 29 15 1.800850    924 1.793103 0.995698    
29 30 30 30 29 16 1.762759    909 1.766667 1.002217    
29 31 31 31 29 17 1.753629    905 1.758065 1.002529    
29 32 33 33 29 18 1.724738    889 1.727273 1.001469    
29 34 35 35 29 19 1.686989    867 1.685714 0.999244    
29 36 37 37 29 20 1.669452    861 1.675676 1.003728    
29 38 39 39 29 21 1.649709    850 1.653846 1.002508    
29 40 41 41 29 22 1.622400    834 1.621951 0.999724    
29 42 43 43 29 23 1.584873    813 1.581395 0.997805    
29 44 45 45 29 24 1.569836    805 1.566667 0.997981    
29 46 47 47 29 25 1.555911    798 1.553191 0.998252    
29 48 49 49 29 26 1.550133    797 1.551020 1.000573    
29 50 51 51 29 27 1.513277    776 1.509804 0.997705    
29 52 53 53 29 28 1.501794    770 1.500000 0.998806    
29 54 55 55 29 29 1.499147    770 1.500000 1.000569    
29 56 57 57 29 30 1.478251    762 1.482456 1.002845    
29 58 59 59 29 31 1.472995    757 1.474576 1.001074    
29 60 61 61 29 32 1.468382    754 1.467213 0.999204    
29 62 64 63 29 33 1.452067    746 1.452381 1.000216    
29 65 67 66 29 34 1.430032    735 1.431818 1.001249    
29 68 70 69 29 35 1.416248    726 1.413043 0.997738    
29 71 73 72 29 36 1.392320    713 1.388889 0.997536    
29 74 76 75 29 37 1.379973    708 1.380000 1.000020    
29 77 79 78 29 38 1.366320    701 1.365385 0.999315    
29 80 82 81 29 39 1.356176    697 1.358025 1.001363    
29 83 85 84 29 40 1.346797    690 1.345238 0.998843    
29 86 88 87 29 41 1.341221    687 1.339080 0.998404    
29 89 91 90 29 42 1.321415    678 1.322222 1.000611    
29 92 94 93 29 43 1.314294    673 1.311828 0.998124    
29 95 97 96 29 44 1.299384    666 1.296875 0.998069    
29 98 100 99 29 45 1.293968    663 1.292929 0.999197    
29 101 103 102 29 46 1.288927    662 1.289216 1.000224    
29 104 109 107 29 47 1.282280    657 1.280374 0.998513    
29 110 115 113 29 48 1.274488    654 1.274336 0.999881    
29 116 121 119 29 49 1.263502    649 1.264706 1.000953    
29 122 127 125 29 50 1.258115    647 1.260000 1.001499    
29 128 133 131 29 51 1.250176    642 1.251908 1.001386    
29 134 139 137 29 52 1.240151    637 1.240876 1.000585    
29 140 145 143 29 53 1.229239    631 1.230769 1.001244    
29 146 151 149 29 54 1.223715    628 1.224832 1.000913    
29 152 157 155 29 55 1.219793    625 1.219355 0.999641    
29 158 163 161 29 56 1.214538    623 1.214286 0.999792    
29 164 169 167 29 57 1.213558    622 1.212575 0.999190    
29 170 175 173 29 58 1.210453    621 1.210983 1.000437    
29 176 181 179 29 59 1.209472    620 1.209497 1.000021    
29 182 187 185 29 60 1.209112    619 1.208108 0.999169    
29 188 193 191 29 61 1.206187    619 1.206806 1.000514    
29 194 254 224 29 62 1.177345    603 1.176339 0.999146    
29 255 255 255 29 63 1.156740    593 1.156863 1.000106    
30 0 0 0 30 0 1.000000    512 1.000000 1.000000       # ieta [31], pt 0
30 15 15 15 30 1 2.521586    18431 2.533333 1.004659    
30 16 16 16 30 2 2.386059    14335 2.375000 0.995365    
30 17 17 17 30 3 2.278335    11263 2.264706 0.994018    
30 18 18 18 30 4 2.186811    9215 2.194444 1.003491    
30 19 19 19 30 5 2.133001    7167 2.131579 0.999333    
30 20 20 20 30 6 2.090267    6143 2.100000 1.004656    
30 21 21 21 30 7 1.991596    2043 2.000000 1.004220    
30 22 22 22 30 8 1.956223    1007 1.954545 0.999142    
30 23 23 23 30 9 1.898800    976 1.891304 0.996053    
30 24 24 24 30 10 1.870364    965 1.875000 1.002478    
30 25 25 25 30 11 1.827327    939 1.820000 0.995991    
30 26 26 26 30 12 1.801324    931 1.807692 1.003535    
30 27 27 27 30 13 1.772892    915 1.777778 1.002756    
30 28 28 28 30 14 1.735343    892 1.732143 0.998156    
30 29 29 29 30 15 1.722138    887 1.724138 1.001161    
30 30 30 30 30 16 1.696429    875 1.700000 1.002105    
30 31 31 31 30 17 1.687386    872 1.693548 1.003652    
30 32 33 33 30 18 1.663675    858 1.666667 1.001798    
30 34 35 35 30 19 1.638378    845 1.642857 1.002734    
30 36 37 37 30 20 1.624309    834 1.621622 0.998346    
30 38 39 39 30 21 1.598523    824 1.602564 1.002528    
30 40 41 41 30 22 1.574928    809 1.573171 0.998884    
30 42 43 43 30 23 1.555954    801 1.558140 1.001404    
30 44 45 45 30 24 1.540549    794 1.544444 1.002529    
30 46 47 47 30 25 1.516195    782 1.521277 1.003351    
30 48 49 49 30 26 1.510417    776 1.510204 0.999859    
30 50 51 51 30 27 1.486457    765 1.490196 1.002516    
30 52 53 53 30 28 1.474973    757 1.471698 0.997779    
30 54 55 55 30 29 1.471585    757 1.472727 1.000776    
30 56 57 57 30 30 1.444145    744 1.447368 1.002232    
30 58 59 59 30 31 1.432607    736 1.432203 0.999719    
30 60 61 61 30 32 1.430431    737 1.434426 1.002793    
30 62 64 63 30 33 1.416987    730 1.420635 1.002575    
30 65 67 66 30 34 1.395817    716 1.393939 0.998655    
30 68 70 69 30 35 1.389158    715 1.391304 1.001545    
30 71 73 72 30 36 1.368792    702 1.368056 0.999462    
30 74 76 75 30 37 1.362236    698 1.360000 0.998359    
30 77 79 78 30 38 1.358361    698 1.358974 1.000451    
30 80 82 81 30 39 1.347545    691 1.345679 0.998616    
30 83 85 84 30 40 1.338166    687 1.339286 1.000837    
30 86 88 87 30 41 1.332590    684 1.333333 1.000558    
30 89 91 90 30 42 1.312784    673 1.311111 0.998725    
30 92 94 93 30 43 1.305663    670 1.306452 1.000604    
30 95 97 96 30 44 1.290753    663 1.291667 1.000708    
30 98 100 99 30 45 1.285337    659 1.282828 0.998048    
30 101 103 102 30 46 1.280296    657 1.279412 0.999310    
30 104 109 107 30 47 1.273649    655 1.275701 1.001611    
30 110 115 113 30 48 1.265161    649 1.265487 1.000257    
30 116 121 119 30 49 1.254175    643 1.252101 0.998346    
30 122 127 125 30 50 1.248788    640 1.248000 0.999369    
30 128 133 131 30 51 1.242476    639 1.244275 1.001448    
30 134 139 137 30 52 1.233666    633 1.233577 0.999927    
30 140 145 143 30 53 1.223075    628 1.223776 1.000573    
30 146 151 149 30 54 1.217550    625 1.218121 1.000469    
30 152 157 155 30 55 1.213628    622 1.212903 0.999403    
30 158 163 161 30 56 1.208374    620 1.208075 0.999752    
30 164 169 167 30 57 1.207394    619 1.206587 0.999332    
30 170 175 173 30 58 1.204289    618 1.205202 1.000759    
30 176 181 179 30 59 1.203308    617 1.203911 1.000501    
30 182 187 185 30 60 1.202948    617 1.202703 0.999796    
30 188 193 191 30 61 1.199940    615 1.198953 0.999177    
30 194 254 224 30 62 1.170688    599 1.169643 0.999107    
30 255 255 255 30 63 1.150084    590 1.150980 1.000780    
31 0 0 0 31 0 1.000000    512 1.000000 1.000000       # ieta [32], pt 0
31 15 15 15 31 1 2.352477    13311 2.366667 1.006032    
31 16 16 16 31 2 2.181445    8191 2.187500 1.002776    
31 17 17 17 31 3 2.123708    6143 2.117647 0.997146    
31 18 18 18 31 4 2.036751    3071 2.027778 0.995595    
31 19 19 19 31 5 1.980929    1019 1.973684 0.996343    
31 20 20 20 31 6 1.940419    1005 1.950000 1.004938    
31 21 21 21 31 7 1.877417    970 1.880952 1.001883    
31 22 22 22 31 8 1.824641    938 1.818182 0.996460    
31 23 23 23 31 9 1.793775    929 1.804348 1.005894    
31 24 24 24 31 10 1.761901    912 1.770833 1.005070    
31 25 25 25 31 11 1.736236    896 1.740000 1.002168    
31 26 26 26 31 12 1.707604    882 1.711538 1.002304    
31 27 27 27 31 13 1.685594    868 1.685185 0.999758    
31 28 28 28 31 14 1.662660    855 1.660714 0.998830    
31 29 29 29 31 15 1.633460    843 1.637931 1.002737    
31 30 30 30 31 16 1.602713    824 1.600000 0.998307    
31 31 31 31 31 17 1.597652    822 1.596774 0.999451    
31 32 33 33 31 18 1.575103    811 1.575758 1.000415    
31 34 35 35 31 19 1.540913    794 1.542857 1.001262    
31 36 37 37 31 20 1.524870    785 1.527027 1.001414    
31 38 39 39 31 21 1.511346    778 1.512821 1.000975    
31 40 41 41 31 22 1.503355    772 1.500000 0.997768    
31 42 43 43 31 23 1.479531    760 1.476744 0.998116    
31 44 45 45 31 24 1.470370    754 1.466667 0.997481    
31 46 47 47 31 25 1.444304    744 1.446809 1.001734    
31 48 49 49 31 26 1.439455    739 1.438776 0.999528    
31 50 51 51 31 27 1.420349    730 1.421569 1.000859    
31 52 53 53 31 28 1.406370    722 1.405660 0.999496    
31 54 55 55 31 29 1.402981    720 1.400000 0.997875    
31 56 57 57 31 30 1.384792    712 1.385965 1.000847    
31 58 59 59 31 31 1.369545    705 1.372881 1.002436    
31 60 61 61 31 32 1.367369    703 1.368852 1.001085    
31 62 64 63 31 33 1.352019    693 1.349206 0.997920    
31 65 67 66 31 34 1.325607    681 1.325758 1.000113    
31 68 70 69 31 35 1.321290    677 1.318841 0.998146    
31 71 73 72 31 36 1.302969    670 1.305556 1.001985    
31 74 76 75 31 37 1.294037    664 1.293333 0.999457    
31 77 79 78 31 38 1.289383    661 1.288462 0.999285    
31 80 82 81 31 39 1.281016    659 1.283951 1.002290    
31 83 85 84 31 40 1.271638    654 1.273810 1.001708    
31 86 88 87 31 41 1.266452    649 1.264368 0.998355    
31 89 91 90 31 42 1.257366    644 1.255556 0.998560    
31 92 94 93 31 43 1.250244    643 1.252688 1.001955    
31 95 97 96 31 44 1.239907    636 1.239583 0.999739    
31 98 100 99 31 45 1.234490    633 1.232323 0.998245    
31 101 103 102 31 46 1.227330    629 1.225490 0.998501    
31 104 109 107 31 47 1.220683    626 1.219626 0.999134    
31 110 115 113 31 48 1.210396    622 1.212389 1.001647    
31 116 121 119 31 49 1.199410    615 1.197479 0.998390    
31 122 127 125 31 50 1.194023    614 1.196000 1.001656    
31 128 133 131 31 51 1.187904    609 1.187023 0.999259    
31 134 139 137 31 52 1.179141    605 1.178832 0.999738    
31 140 145 143 31 53 1.169171    599 1.167832 0.998855    
31 146 151 149 31 54 1.164278    597 1.164430 1.000130    
31 152 157 155 31 55 1.160356    596 1.161290 1.000805    
31 158 163 161 31 56 1.155102    593 1.155280 1.000154    
31 164 169 167 31 57 1.156241    593 1.155689 0.999522    
31 170 175 173 31 58 1.155641    593 1.156069 1.000371    
31 176 181 179 31 59 1.156274    593 1.156425 1.000130    
31 182 187 185 31 60 1.157027    593 1.156757 0.999766    
31 188 193 191 31 61 1.154020    592 1.154450 1.000373    
31 194 254 224 31 62 1.126245    578 1.127232 1.000877    
31 255 255 255 31 63 1.105772    567 1.105882 1.000100    
32 0 0 0 32 0 1.000000    512 1.000000 1.000000       # ieta [33], pt 0
32 15 15 15 32 1 2.307171    11263 2.300000 0.996892    
32 16 16 16 32 2 2.131382    6143 2.125000 0.997006    
32 17 17 17 32 3 2.072514    4095 2.058824 0.993394    
32 18 18 18 32 4 1.986127    2040 2.000000 1.006985    
32 19 19 19 32 5 1.934900    1004 1.947368 1.006444    
32 20 20 20 32 6 1.883520    968 1.875000 0.995476    
32 21 21 21 32 7 1.819591    935 1.809524 0.994467    
32 22 22 22 32 8 1.773514    914 1.772727 0.999557    
32 23 23 23 32 9 1.742504    897 1.739130 0.998064    
32 24 24 24 32 10 1.711121    881 1.708333 0.998371    
32 25 25 25 32 11 1.686220    867 1.680000 0.996311    
32 26 26 26 32 12 1.655393    852 1.653846 0.999066    
32 27 27 27 32 13 1.628947    839 1.629630 1.000419    
32 28 28 28 32 14 1.602640    827 1.607143 1.002810    
32 29 29 29 32 15 1.573439    809 1.568966 0.997157    
32 30 30 30 32 16 1.538734    790 1.533333 0.996490    
32 31 31 31 32 17 1.530843    789 1.532258 1.000924    
32 32 33 33 32 18 1.515555    780 1.515152 0.999734    
32 34 35 35 32 19 1.484092    764 1.485714 1.001093    
32 36 37 37 32 20 1.468049    758 1.472973 1.003354    
32 38 39 39 32 21 1.454045    746 1.448718 0.996336    
32 40 41 41 32 22 1.441991    741 1.439024 0.997943    
32 42 43 43 32 23 1.416320    730 1.418605 1.001613    
32 44 45 45 32 24 1.411716    726 1.411111 0.999572    
32 46 47 47 32 25 1.389143    716 1.393617 1.003220    
32 48 49 49 32 26 1.384295    713 1.387755 1.002499    
32 50 51 51 32 27 1.361393    700 1.362745 1.000993    
32 52 53 53 32 28 1.346252    693 1.349057 1.002083    
32 54 55 55 32 29 1.345039    691 1.345455 1.000309    
32 56 57 57 32 30 1.327163    681 1.324561 0.998040    
32 58 59 59 32 31 1.311915    675 1.313559 1.001253    
32 60 61 61 32 32 1.311024    674 1.311475 1.000344    
32 62 64 63 32 33 1.298455    669 1.301587 1.002413    
32 65 67 66 32 34 1.272223    654 1.272727 1.000396    
32 68 70 69 32 35 1.266769    651 1.268116 1.001063    
32 71 73 72 32 36 1.250349    642 1.250000 0.999721    
32 74 76 75 32 37 1.243710    640 1.246667 1.002377    
32 77 79 78 32 38 1.241743    638 1.243590 1.001487    
32 80 82 81 32 39 1.238828    637 1.240741 1.001544    
32 83 85 84 32 40 1.226856    629 1.226190 0.999457    
32 86 88 87 32 41 1.221546    628 1.224138 1.002122    
32 89 91 90 32 42 1.209526    622 1.211111 1.001311    
32 92 94 93 32 43 1.201829    618 1.204301 1.002057    
32 95 97 96 32 44 1.194576    612 1.192708 0.998437    
32 98 100 99 32 45 1.190637    612 1.191919 1.001077    
32 101 103 102 32 46 1.186383    609 1.186275 0.999908    
32 104 109 107 32 47 1.181081    607 1.182243 1.000984    
32 110 115 113 32 48 1.172732    602 1.172566 0.999859    
32 116 121 119 32 49 1.163326    597 1.163866 1.000464    
32 122 127 125 32 50 1.162546    597 1.164000 1.001251    
32 128 133 131 32 51 1.157094    594 1.156489 0.999477    
32 134 139 137 32 52 1.151058    590 1.149635 0.998763    
32 140 145 143 32 53 1.141845    587 1.143357 1.001324    
32 146 151 149 32 54 1.136952    584 1.137584 1.000556    
32 152 157 155 32 55 1.133716    581 1.132258 0.998714    
32 158 163 161 32 56 1.131892    580 1.130435 0.998713    
32 164 169 167 32 57 1.133031    580 1.131737 0.998857    
32 170 175 173 32 58 1.134974    583 1.135838 1.000762    
32 176 181 179 32 59 1.136115    583 1.136872 1.000665    
32 182 187 185 32 60 1.136869    583 1.137838 1.000853    
32 188 193 191 32 61 1.133861    581 1.133508 0.999688    
32 194 254 224 32 62 1.106086    567 1.107143 1.000956    
32 255 255 255 32 63 1.085613    557 1.086275 1.000609    
33 0 0 0 33 0 1.000000    512 1.000000 1.000000       # ieta [34], pt 0
33 15 15 15 33 1 2.316993    12287 2.333333 1.007052    
33 16 16 16 33 2 2.144519    7167 2.156250 1.005470    
33 17 17 17 33 3 2.087823    5119 2.088235 1.000197    
33 18 18 18 33 4 1.993856    2044 2.000000 1.003081    
33 19 19 19 33 5 1.938678    1004 1.947368 1.004482    
33 20 20 20 33 6 1.887299    969 1.875000 0.993483    
33 21 21 21 33 7 1.824297    945 1.833333 1.004953    
33 22 22 22 33 8 1.778220    915 1.772727 0.996911    
33 23 23 23 33 9 1.747210    898 1.739130 0.995376    
33 24 24 24 33 10 1.715828    882 1.708333 0.995632    
33 25 25 25 33 11 1.690926    876 1.700000 1.005366    
33 26 26 26 33 12 1.660099    853 1.653846 0.996233    
33 27 27 27 33 13 1.633654    840 1.629630 0.997537    
33 28 28 28 33 14 1.607346    827 1.607143 0.999873    
33 29 29 29 33 15 1.578146    817 1.586207 1.005108    
33 30 30 30 33 16 1.543441    798 1.550000 1.004250    
33 31 31 31 33 17 1.535550    789 1.532258 0.997856    
33 32 33 33 33 18 1.520262    781 1.515152 0.996639    
33 34 35 35 33 19 1.488798    765 1.485714 0.997928    
33 36 37 37 33 20 1.472756    758 1.472973 1.000147    
33 38 39 39 33 21 1.458752    752 1.461538 1.001910    
33 40 41 41 33 22 1.444381    741 1.439024 0.996291    
33 42 43 43 33 23 1.418711    730 1.418605 0.999925    
33 44 45 45 33 24 1.413677    726 1.411111 0.998185    
33 46 47 47 33 25 1.390676    716 1.393617 1.002115    
33 48 49 49 33 26 1.385828    713 1.387755 1.001391    
33 50 51 51 33 27 1.362925    700 1.362745 0.999868    
33 52 53 53 33 28 1.347784    693 1.349057 1.000944    
33 54 55 55 33 29 1.345832    691 1.345455 0.999720    
33 56 57 57 33 30 1.327956    681 1.324561 0.997444    
33 58 59 59 33 31 1.312708    675 1.313559 1.000649    
33 60 61 61 33 32 1.311817    674 1.311475 0.999739    
33 62 64 63 33 33 1.299248    669 1.301587 1.001801    
33 65 67 66 33 34 1.273016    654 1.272727 0.999773    
33 68 70 69 33 35 1.267562    651 1.268116 1.000437    
33 71 73 72 33 36 1.251142    642 1.250000 0.999087    
33 74 76 75 33 37 1.244503    640 1.246667 1.001738    
33 77 79 78 33 38 1.242536    638 1.243590 1.000848    
33 80 82 81 33 39 1.237147    634 1.234568 0.997915    
33 83 85 84 33 40 1.225877    629 1.226190 1.000255    
33 86 88 87 33 41 1.220567    625 1.218391 0.998217    
33 89 91 90 33 42 1.208547    622 1.211111 1.002122    
33 92 94 93 33 43 1.199361    615 1.198925 0.999636    
33 95 97 96 33 44 1.189923    610 1.187500 0.997963    
33 98 100 99 33 45 1.185984    609 1.186869 1.000746    
33 101 103 102 33 46 1.181731    606 1.181373 0.999697    
33 104 109 107 33 47 1.176428    604 1.177570 1.000971    
33 110 115 113 33 48 1.166251    600 1.168142 1.001621    
33 116 121 119 33 49 1.156845    593 1.155462 0.998805    
33 122 127 125 33 50 1.156064    593 1.156000 0.999944    
33 128 133 131 33 51 1.150613    590 1.148855 0.998472    
33 134 139 137 33 52 1.144577    588 1.145985 1.001231    
33 140 145 143 33 53 1.135363    583 1.136364 1.000881    
33 146 151 149 33 54 1.130471    580 1.130872 1.000355    
33 152 157 155 33 55 1.127235    578 1.125806 0.998733    
33 158 163 161 33 56 1.125411    577 1.124224 0.998945    
33 164 169 167 33 57 1.126550    577 1.125749 0.999289    
33 170 175 173 33 58 1.128493    578 1.127168 0.998826    
33 176 181 179 33 59 1.129634    579 1.128492 0.998988    
33 182 187 185 33 60 1.130387    579 1.129730 0.999418    
33 188 193 191 33 61 1.128057    579 1.128272 1.000191    
33 194 254 224 33 62 1.104377    566 1.104911 1.000484    
33 255 255 255 33 63 1.083967    556 1.084314 1.000320    
34 0 0 0 34 0 1.000000    512 1.000000 1.000000       # ieta [35], pt 0
34 15 15 15 34 1 2.336380    12287 2.333333 0.998696    
34 16 16 16 34 2 2.163906    7167 2.156250 0.996462    
34 17 17 17 34 3 2.102854    5119 2.088235 0.993048    
34 18 18 18 34 4 2.004109    2047 2.000000 0.997950    
34 19 19 19 34 5 1.952165    1005 1.947368 0.997543    
34 20 20 20 34 6 1.903781    980 1.900000 0.998014    
34 21 21 21 34 7 1.840780    946 1.833333 0.995955    
34 22 22 22 34 8 1.794703    925 1.795455 1.000419    
34 23 23 23 34 9 1.765644    908 1.760870 0.997296    
34 24 24 24 34 10 1.736257    892 1.729167 0.995916    
34 25 25 25 34 11 1.710593    886 1.720000 1.005499    
34 26 26 26 34 12 1.679766    863 1.673077 0.996018    
34 27 27 27 34 13 1.656097    850 1.648148 0.995200    
34 28 28 28 34 14 1.629790    838 1.625000 0.997061    
34 29 29 29 34 15 1.600590    825 1.603448 1.001786    
34 30 30 30 34 16 1.565884    807 1.566667 1.000500    
34 31 31 31 34 17 1.558684    806 1.564516 1.003742    
34 32 33 33 34 18 1.540400    796 1.545455 1.003281    
34 34 35 35 34 19 1.508937    779 1.514286 1.003545    
34 36 37 37 34 20 1.492895    766 1.486486 0.995708    
34 38 39 39 34 21 1.476805    759 1.474359 0.998344    
34 40 41 41 34 22 1.462435    753 1.463415 1.000670    
34 42 43 43 34 23 1.436764    742 1.441860 1.003547    
34 44 45 45 34 24 1.428709    737 1.433333 1.003237    
34 46 47 47 34 25 1.402931    722 1.404255 1.000944    
34 48 49 49 34 26 1.398083    718 1.397959 0.999911    
34 50 51 51 34 27 1.375181    706 1.372549 0.998086    
34 52 53 53 34 28 1.360040    698 1.358491 0.998861    
34 54 55 55 34 29 1.355414    696 1.354545 0.999359    
34 56 57 57 34 30 1.337301    686 1.333333 0.997033    
34 58 59 59 34 31 1.322053    679 1.322034 0.999985    
34 60 61 61 34 32 1.319371    678 1.319672 1.000228    
34 62 64 63 34 33 1.305011    669 1.301587 0.997377    
34 65 67 66 34 34 1.277701    658 1.280303 1.002036    
34 68 70 69 34 35 1.271709    652 1.268116 0.997175    
34 71 73 72 34 36 1.255288    646 1.256944 1.001319    
34 74 76 75 34 37 1.248650    640 1.246667 0.998412    
34 77 79 78 34 38 1.246683    639 1.243590 0.997519    
34 80 82 81 34 39 1.241294    637 1.240741 0.999554    
34 83 85 84 34 40 1.230024    632 1.232143 1.001723    
34 86 88 87 34 41 1.224292    628 1.224138 0.999875    
34 89 91 90 34 42 1.212060    622 1.211111 0.999217    
34 92 94 93 34 43 1.202201    618 1.204301 1.001747    
34 95 97 96 34 44 1.192426    612 1.192708 1.000237    
34 98 100 99 34 45 1.188487    609 1.186869 0.998638    
34 101 103 102 34 46 1.183543    606 1.181373 0.998166    
34 104 109 107 34 47 1.178241    604 1.177570 0.999431    
34 110 115 113 34 48 1.168063    600 1.168142 1.000067    
34 116 121 119 34 49 1.158657    595 1.159664 1.000869    
34 122 127 125 34 50 1.157877    593 1.156000 0.998379    
34 128 133 131 34 51 1.152425    592 1.152672 1.000214    
34 134 139 137 34 52 1.146389    588 1.145985 0.999648    
34 140 145 143 34 53 1.137176    583 1.136364 0.999286    
34 146 151 149 34 54 1.132283    580 1.130872 0.998754    
34 152 157 155 34 55 1.129047    579 1.129032 0.999987    
34 158 163 161 34 56 1.127223    578 1.127329 1.000094    
34 164 169 167 34 57 1.128362    579 1.128743 1.000337    
34 170 175 173 34 58 1.130305    580 1.130058 0.999781    
34 176 181 179 34 59 1.131447    580 1.131285 0.999857    
34 182 187 185 34 60 1.132200    581 1.132432 1.000206    
34 188 193 191 34 61 1.129869    580 1.130890 1.000904    
34 194 254 224 34 62 1.106189    567 1.107143 1.000862    
34 255 255 255 34 63 1.085779    557 1.086275 1.000456    
35 0 0 0 35 0 1.000000    512 1.000000 1.000000       # ieta [36], pt 0
35 15 15 15 35 1 2.412875    14335 2.400000 0.994664    
35 16 16 16 35 2 2.244148    10239 2.250000 1.002608    
35 17 17 17 35 3 2.187069    8191 2.176471 0.995154    
35 18 18 18 35 4 2.095648    5119 2.083333 0.994124    
35 19 19 19 35 5 2.021404    3071 2.026316 1.002430    
35 20 20 20 35 6 1.981114    1019 1.975000 0.996914    
35 21 21 21 35 7 1.901871    982 1.904762 1.001520    
35 22 22 22 35 8 1.854384    960 1.863636 1.004990    
35 23 23 23 35 9 1.814671    932 1.804348 0.994311    
35 24 24 24 35 10 1.779798    914 1.770833 0.994963    
35 25 25 25 35 11 1.740396    896 1.740000 0.999773    
35 26 26 26 35 12 1.710447    882 1.711538 1.000638    
35 27 27 27 35 13 1.681873    868 1.685185 1.001969    
35 28 28 28 35 14 1.655566    855 1.660714 1.003110    
35 29 29 29 35 15 1.626366    835 1.620690 0.996510    
35 30 30 30 35 16 1.586516    816 1.583333 0.997994    
35 31 31 31 35 17 1.580739    814 1.580645 0.999941    
35 32 33 33 35 18 1.552619    797 1.545455 0.995386    
35 34 35 35 35 19 1.520380    780 1.514286 0.995991    
35 36 37 37 35 20 1.504338    772 1.500000 0.997116    
35 38 39 39 35 21 1.488249    765 1.487179 0.999282    
35 40 41 41 35 22 1.474674    759 1.475610 1.000635    
35 42 43 43 35 23 1.449799    748 1.453488 1.002545    
35 44 45 45 35 24 1.434727    737 1.433333 0.999029    
35 46 47 47 35 25 1.408949    723 1.404255 0.996669    
35 48 49 49 35 26 1.404101    724 1.408163 1.002893    
35 50 51 51 35 27 1.381198    710 1.382353 1.000836    
35 52 53 53 35 28 1.366057    703 1.367925 1.001367    
35 54 55 55 35 29 1.361432    701 1.363636 1.001619    
35 56 57 57 35 30 1.343319    690 1.342105 0.999097    
35 58 59 59 35 31 1.328071    684 1.330508 1.001835    
35 60 61 61 35 32 1.324574    682 1.327869 1.002488    
35 62 64 63 35 33 1.309398    673 1.309524 1.000096    
35 65 67 66 35 34 1.282089    658 1.280303 0.998607    
35 68 70 69 35 35 1.276096    655 1.275362 0.999425    
35 71 73 72 35 36 1.259676    646 1.256944 0.997832    
35 74 76 75 35 37 1.253037    644 1.253333 1.000236    
35 77 79 78 35 38 1.251070    642 1.250000 0.999144    
35 80 82 81 35 39 1.245681    640 1.246914 1.000989    
35 83 85 84 35 40 1.234412    633 1.232143 0.998162    
35 86 88 87 35 41 1.228679    631 1.229885 1.000982    
35 89 91 90 35 42 1.216447    624 1.216667 1.000180    
35 92 94 93 35 43 1.206064    618 1.204301 0.998538    
35 95 97 96 35 44 1.196028    615 1.197917 1.001580    
35 98 100 99 35 45 1.192088    612 1.191919 0.999858    
35 101 103 102 35 46 1.187144    609 1.186275 0.999267    
35 104 109 107 35 47 1.181842    607 1.182243 1.000339    
35 110 115 113 35 48 1.171664    602 1.172566 1.000770    
35 116 121 119 35 49 1.162258    597 1.163866 1.001383    
35 122 127 125 35 50 1.160766    595 1.160000 0.999340    
35 128 133 131 35 51 1.154603    594 1.156489 1.001633    
35 134 139 137 35 52 1.148567    590 1.149635 1.000930    
35 140 145 143 35 53 1.139354    585 1.139860 1.000445    
35 146 151 149 35 54 1.134461    582 1.134228 0.999795    
35 152 157 155 35 55 1.131225    581 1.132258 1.000913    
35 158 163 161 35 56 1.129401    580 1.130435 1.000915    
35 164 169 167 35 57 1.130540    580 1.131737 1.001058    
35 170 175 173 35 58 1.132483    581 1.132948 1.000411    
35 176 181 179 35 59 1.133625    582 1.134078 1.000400    
35 182 187 185 35 60 1.134378    582 1.135135 1.000668    
35 188 193 191 35 61 1.132047    580 1.130890 0.998978    
35 194 254 224 35 62 1.108367    569 1.109375 1.000909    
35 255 255 255 35 63 1.087957    558 1.088235 1.000255    
36 0 0 0 36 0 1.000000    512 1.000000 1.000000       # ieta [37], pt 0
36 15 15 15 36 1 2.453280    16383 2.466667 1.005457    
36 16 16 16 36 2 2.290724    11263 2.281250 0.995864    
36 17 17 17 36 3 2.228426    10239 2.235294 1.003082    
36 18 18 18 36 4 2.149314    7167 2.138889 0.995149    
36 19 19 19 36 5 2.072878    5119 2.078947 1.002928    
36 20 20 20 36 6 2.032578    3071 2.025000 0.996272    
36 21 21 21 36 7 1.945163    1006 1.952381 1.003711    
36 22 22 22 36 8 1.901802    984 1.909091 1.003833    
36 23 23 23 36 9 1.862930    963 1.869565 1.003562    
36 24 24 24 36 10 1.823164    944 1.833333 1.005578    
36 25 25 25 36 11 1.778510    917 1.780000 1.000838    
36 26 26 26 36 12 1.735761    892 1.730769 0.997124    
36 27 27 27 36 13 1.700424    877 1.703704 1.001928    
36 28 28 28 36 14 1.674117    864 1.678571 1.002661    
36 29 29 29 36 15 1.635494    843 1.637931 1.001490    
36 30 30 30 36 16 1.600128    824 1.600000 0.999920    
36 31 31 31 36 17 1.595781    822 1.596774 1.000622    
36 32 33 33 36 18 1.575339    811 1.575758 1.000266    
36 34 35 35 36 19 1.542290    794 1.542857 1.000367    
36 36 37 37 36 20 1.530016    786 1.527027 0.998047    
36 38 39 39 36 21 1.513926    778 1.512821 0.999270    
36 40 41 41 36 22 1.508068    778 1.512195 1.002737    
36 42 43 43 36 23 1.486440    765 1.488372 1.001300    
36 44 45 45 36 24 1.470064    754 1.466667 0.997689    
36 46 47 47 36 25 1.443822    744 1.446809 1.002068    
36 48 49 49 36 26 1.438974    739 1.438776 0.999862    
36 50 51 51 36 27 1.415307    726 1.411765 0.997497    
36 52 53 53 36 28 1.397272    717 1.396226 0.999252    
36 54 55 55 36 29 1.392647    715 1.390909 0.998752    
36 56 57 57 36 30 1.372268    704 1.368421 0.997197    
36 58 59 59 36 31 1.357020    697 1.355932 0.999198    
36 60 61 61 36 32 1.353064    695 1.352459 0.999553    
36 62 64 63 36 33 1.336781    685 1.333333 0.997421    
36 65 67 66 36 34 1.308173    673 1.310606 1.001860    
36 68 70 69 36 35 1.302180    670 1.304348 1.001665    
36 71 73 72 36 36 1.284281    660 1.284722 1.000343    
36 74 76 75 36 37 1.276904    657 1.280000 1.002425    
36 77 79 78 36 38 1.274937    655 1.275641 1.000552    
36 80 82 81 36 39 1.269548    653 1.271605 1.001620    
36 83 85 84 36 40 1.258278    645 1.255952 0.998152    
36 86 88 87 36 41 1.252545    643 1.252874 1.000262    
36 89 91 90 36 42 1.240314    636 1.238889 0.998851    
36 92 94 93 36 43 1.229931    632 1.231183 1.001018    
36 95 97 96 36 44 1.219894    625 1.218750 0.999062    
36 98 100 99 36 45 1.215955    625 1.217172 1.001001    
36 101 103 102 36 46 1.208526    621 1.210784 1.001868    
36 104 109 107 36 47 1.203224    617 1.200935 0.998097    
36 110 115 113 36 48 1.193046    613 1.194690 1.001378    
36 116 121 119 36 49 1.183640    608 1.184874 1.001042    
36 122 127 125 36 50 1.181284    606 1.180000 0.998913    
36 128 133 131 36 51 1.174688    603 1.175573 1.000753    
36 134 139 137 36 52 1.168653    599 1.167883 0.999342    
36 140 145 143 36 53 1.159439    596 1.160839 1.001208    
36 146 151 149 36 54 1.154546    592 1.154362 0.999841    
36 152 157 155 36 55 1.151310    591 1.151613 1.000263    
36 158 163 161 36 56 1.149486    589 1.149068 0.999637    
36 164 169 167 36 57 1.150625    590 1.149701 0.999196    
36 170 175 173 36 58 1.152568    591 1.153179 1.000530    
36 176 181 179 36 59 1.153710    592 1.153631 0.999932    
36 182 187 185 36 60 1.154463    592 1.154054 0.999646    
36 188 193 191 36 61 1.152132    591 1.151832 0.999740    
36 194 254 224 36 62 1.128452    579 1.129464 1.000897    
36 255 255 255 36 63 1.108043    568 1.107843 0.999819    
37 0 0 0 37 0 1.000000    512 1.000000 1.000000       # ieta [38], pt 0
37 15 15 15 37 1 2.453280    16383 2.466667 1.005457    
37 16 16 16 37 2 2.294946    11263 2.281250 0.994032    
37 17 17 17 37 3 2.232647    10239 2.235294 1.001186    
37 18 18 18 37 4 2.153536    8191 2.166667 1.006097    
37 19 19 19 37 5 2.079544    5119 2.078947 0.999713    
37 20 20 20 37 6 2.039244    4095 2.050000 1.005274    
37 21 21 21 37 7 1.968454    1018 1.976190 1.003930    
37 22 22 22 37 8 1.955880    1007 1.954545 0.999318    
37 23 23 23 37 9 1.925596    996 1.934783 1.004771    
37 24 24 24 37 10 1.888467    976 1.895833 1.003901    
37 25 25 25 37 11 1.833049    948 1.840000 1.003792    
37 26 26 26 37 12 1.806080    931 1.807692 1.000893    
37 27 27 27 37 13 1.764412    907 1.759259 0.997080    
37 28 28 28 37 14 1.721425    884 1.714286 0.995853    
37 29 29 29 37 15 1.682801    870 1.689655 1.004073    
37 30 30 30 37 16 1.648655    849 1.650000 1.000816    
37 31 31 31 37 17 1.635721    840 1.629032 0.995911    
37 32 33 33 37 18 1.615370    834 1.621212 1.003617    
37 34 35 35 37 19 1.576269    809 1.571429 0.996929    
37 36 37 37 37 20 1.539274    792 1.540541 1.000823    
37 38 39 39 37 21 1.528465    785 1.525641 0.998152    
37 40 41 41 37 22 1.517924    779 1.512195 0.996226    
37 42 43 43 37 23 1.496296    771 1.500000 1.002476    
37 44 45 45 37 24 1.479920    760 1.477778 0.998553    
37 46 47 47 37 25 1.453678    749 1.457447 1.002592    
37 48 49 49 37 26 1.448830    745 1.448980 1.000103    
37 50 51 51 37 27 1.425163    731 1.421569 0.997478    
37 52 53 53 37 28 1.407128    722 1.405660 0.998957    
37 54 55 55 37 29 1.402503    720 1.400000 0.998216    
37 56 57 57 37 30 1.382124    712 1.385965 1.002779    
37 58 59 59 37 31 1.366876    701 1.364407 0.998193    
37 60 61 61 37 32 1.362920    699 1.360656 0.998338    
37 62 64 63 37 33 1.346637    693 1.349206 1.001908    
37 65 67 66 37 34 1.318029    677 1.318182 1.000116    
37 68 70 69 37 35 1.312036    674 1.311594 0.999663    
37 71 73 72 37 36 1.291353    663 1.291667 1.000243    
37 74 76 75 37 37 1.282583    657 1.280000 0.997986    
37 77 79 78 37 38 1.280616    658 1.282051 1.001120    
37 80 82 81 37 39 1.275227    656 1.277778 1.002000    
37 83 85 84 37 40 1.263958    648 1.261905 0.998376    
37 86 88 87 37 41 1.258225    646 1.258621 1.000314    
37 89 91 90 37 42 1.245993    639 1.244444 0.998757    
37 92 94 93 37 43 1.235610    635 1.236559 1.000768    
37 95 97 96 37 44 1.225574    628 1.223958 0.998682    
37 98 100 99 37 45 1.221634    627 1.222222 1.000481    
37 101 103 102 37 46 1.214206    624 1.215686 1.001219    
37 104 109 107 37 47 1.208904    621 1.210280 1.001139    
37 110 115 113 37 48 1.198726    615 1.199115 1.000325    
37 116 121 119 37 49 1.189320    610 1.189076 0.999795    
37 122 127 125 37 50 1.186964    610 1.188000 1.000873    
37 128 133 131 37 51 1.180368    605 1.179389 0.999171    
37 134 139 137 37 52 1.174332    603 1.175182 1.000724    
37 140 145 143 37 53 1.165119    597 1.164336 0.999328    
37 146 151 149 37 54 1.160226    596 1.161074 1.000731    
37 152 157 155 37 55 1.156990    594 1.158065 1.000929    
37 158 163 161 37 56 1.155166    593 1.155280 1.000099    
37 164 169 167 37 57 1.156305    593 1.155689 0.999467    
37 170 175 173 37 58 1.158248    594 1.158960 1.000615    
37 176 181 179 37 59 1.159389    594 1.159218 0.999852    
37 182 187 185 37 60 1.160142    595 1.159459 0.999411    
37 188 193 191 37 61 1.157812    593 1.157068 0.999357    
37 194 254 224 37 62 1.134132    581 1.133929 0.999821    
37 255 255 255 37 63 1.113723    571 1.113725 1.000002    
38 0 0 0 38 0 1.000000    512 1.000000 1.000000       # ieta [39], pt 0
38 15 15 15 38 1 2.801247    26623 2.800000 0.999555    
38 16 16 16 38 2 2.817632    28671 2.812500 0.998179    
38 17 17 17 38 3 2.662086    25599 2.676471 1.005404    
38 18 18 18 38 4 2.565968    22527 2.555556 0.995942    
38 19 19 19 38 5 2.426472    18431 2.421053 0.997767    
38 20 20 20 38 6 2.361381    16383 2.350000 0.995180    
38 21 21 21 38 7 2.308509    15359 2.309524 1.000440    
38 22 22 22 38 8 2.261041    13311 2.250000 0.995117    
38 23 23 23 38 9 2.211959    12287 2.217391 1.002456    
38 24 24 24 38 10 2.168214    10239 2.166667 0.999286    
38 25 25 25 38 11 2.130028    9215 2.140000 1.004682    
38 26 26 26 38 12 2.059554    5119 2.057692 0.999096    
38 27 27 27 38 13 1.995207    2045 2.000000 1.002402    
38 28 28 28 38 14 1.974270    1019 1.982143 1.003988    
38 29 29 29 38 15 1.938970    995 1.931034 0.995907    
38 30 30 30 38 16 1.899237    977 1.900000 1.000402    
38 31 31 31 38 17 1.889275    971 1.887097 0.998847    
38 32 33 33 38 18 1.831693    943 1.833333 1.000896    
38 34 35 35 38 19 1.761608    904 1.757143 0.997465    
38 36 37 37 38 20 1.709633    882 1.716216 1.003851    
38 38 39 39 38 21 1.675612    863 1.679487 1.002313    
38 40 41 41 38 22 1.633949    840 1.634146 1.000121    
38 42 43 43 38 23 1.565279    807 1.569767 1.002867    
38 44 45 45 38 24 1.551296    800 1.555556 1.002746    
38 46 47 47 38 25 1.528241    787 1.531915 1.002404    
38 48 49 49 38 26 1.521233    781 1.520408 0.999458    
38 50 51 51 38 27 1.495048    766 1.490196 0.996754    
38 52 53 53 38 28 1.474497    756 1.471698 0.998102    
38 54 55 55 38 29 1.469871    757 1.472727 1.001943    
38 56 57 57 38 30 1.449493    744 1.447368 0.998534    
38 58 59 59 38 31 1.434245    736 1.432203 0.998576    
38 60 61 61 38 32 1.428924    733 1.426230 0.998114    
38 62 64 63 38 33 1.411275    726 1.412698 1.001009    
38 65 67 66 38 34 1.382667    712 1.386364 1.002673    
38 68 70 69 38 35 1.376674    707 1.376812 1.000100    
38 71 73 72 38 36 1.354976    695 1.354167 0.999403    
38 74 76 75 38 37 1.344346    691 1.346667 1.001726    
38 77 79 78 38 38 1.339676    688 1.339744 1.000050    
38 80 82 81 38 39 1.333610    684 1.333333 0.999793    
38 83 85 84 38 40 1.322340    678 1.321429 0.999311    
38 86 88 87 38 41 1.316607    675 1.316092 0.999609    
38 89 91 90 38 42 1.304376    670 1.305556 1.000905    
38 92 94 93 38 43 1.293993    665 1.295699 1.001319    
38 95 97 96 38 44 1.283956    660 1.286458 1.001949    
38 98 100 99 38 45 1.280016    656 1.277778 0.998251    
38 101 103 102 38 46 1.272588    654 1.274510 1.001510    
38 104 109 107 38 47 1.267286    650 1.266355 0.999266    
38 110 115 113 38 48 1.257108    645 1.256637 0.999625    
38 116 121 119 38 49 1.247702    640 1.247899 1.000158    
38 122 127 125 38 50 1.245346    638 1.244000 0.998919    
38 128 133 131 38 51 1.237009    635 1.236641 0.999703    
38 134 139 137 38 52 1.229231    631 1.229927 1.000566    
38 140 145 143 38 53 1.220017    626 1.220280 1.000215    
38 146 151 149 38 54 1.215124    623 1.214765 0.999704    
38 152 157 155 38 55 1.211888    622 1.212903 1.000837    
38 158 163 161 38 56 1.210064    621 1.211180 1.000922    
38 164 169 167 38 57 1.211204    622 1.212575 1.001132    
38 170 175 173 38 58 1.213146    622 1.213873 1.000599    
38 176 181 179 38 59 1.214288    623 1.215084 1.000655    
38 182 187 185 38 60 1.215041    624 1.216216 1.000967    
38 188 193 191 38 61 1.212711    621 1.212042 0.999449    
38 194 254 224 38 62 1.189030    610 1.189732 1.000590    
38 255 255 255 38 63 1.168621    599 1.168627 1.000006    
39 0 0 0 39 0 1.000000    512 1.000000 1.000000       # ieta [40], pt 0
39 15 15 15 39 1 2.801247    26623 2.800000 0.999555    
39 16 16 16 39 2 2.817632    28671 2.812500 0.998179    
39 17 17 17 39 3 2.662086    25599 2.676471 1.005404    
39 18 18 18 39 4 2.565968    22527 2.555556 0.995942    
39 19 19 19 39 5 2.426472    18431 2.421053 0.997767    
39 20 20 20 39 6 2.361381    16383 2.350000 0.995180    
39 21 21 21 39 7 2.308509    15359 2.309524 1.000440    
39 22 22 22 39 8 2.261041    13311 2.250000 0.995117    
39 23 23 23 39 9 2.211959    12287 2.217391 1.002456    
39 24 24 24 39 10 2.168214    10239 2.166667 0.999286    
39 25 25 25 39 11 2.130028    9215 2.140000 1.004682    
39 26 26 26 39 12 2.059554    5119 2.057692 0.999096    
39 27 27 27 39 13 1.995207    2045 2.000000 1.002402    
39 28 28 28 39 14 1.974270    1019 1.982143 1.003988    
39 29 29 29 39 15 1.938970    995 1.931034 0.995907    
39 30 30 30 39 16 1.899237    977 1.900000 1.000402    
39 31 31 31 39 17 1.893100    972 1.887097 0.996829    
39 32 33 33 39 18 1.835518    943 1.833333 0.998810    
39 34 35 35 39 19 1.777658    912 1.771429 0.996495    
39 36 37 37 39 20 1.733107    890 1.729730 0.998052    
39 38 39 39 39 21 1.699085    877 1.705128 1.003557    
39 40 41 41 39 22 1.683175    865 1.682927 0.999852    
39 42 43 43 39 23 1.605366    825 1.604651 0.999555    
39 44 45 45 39 24 1.591382    817 1.588889 0.998433    
39 46 47 47 39 25 1.568327    804 1.563830 0.997132    
39 48 49 49 39 26 1.561319    802 1.561224 0.999939    
39 50 51 51 39 27 1.535135    791 1.539216 1.002658    
39 52 53 53 39 28 1.516712    780 1.518868 1.001422    
39 54 55 55 39 29 1.524758    784 1.527273 1.001649    
39 56 57 57 39 30 1.504380    771 1.500000 0.997089    
39 58 59 59 39 31 1.489132    766 1.491525 1.001607    
39 60 61 61 39 32 1.483811    762 1.483607 0.999863    
39 62 64 63 39 33 1.466162    754 1.468254 1.001427    
39 65 67 66 39 34 1.437554    739 1.439394 1.001280    
39 68 70 69 39 35 1.431561    737 1.434783 1.002250    
39 71 73 72 39 36 1.409862    724 1.409722 0.999901    
39 74 76 75 39 37 1.399233    719 1.400000 1.000548    
39 77 79 78 39 38 1.394563    717 1.397436 1.002060    
39 80 82 81 39 39 1.388496    713 1.388889 1.000283    
39 83 85 84 39 40 1.377227    706 1.375000 0.998383    
39 86 88 87 39 41 1.371494    705 1.373563 1.001509    
39 89 91 90 39 42 1.359263    698 1.361111 1.001360    
39 92 94 93 39 43 1.348879    692 1.349462 1.000432    
39 95 97 96 39 44 1.338843    687 1.338542 0.999775    
39 98 100 99 39 45 1.334903    684 1.333333 0.998824    
39 101 103 102 39 46 1.323650    679 1.323529 0.999909    
39 104 109 107 39 47 1.318348    676 1.317757 0.999552    
39 110 115 113 39 48 1.308170    672 1.309735 1.001196    
39 116 121 119 39 49 1.298764    666 1.298319 0.999657    
39 122 127 125 39 50 1.296408    665 1.296000 0.999685    
39 128 133 131 39 51 1.288071    660 1.286260 0.998594    
39 134 139 137 39 52 1.276069    655 1.277372 1.001021    
39 140 145 143 39 53 1.258408    646 1.258741 1.000265    
39 146 151 149 39 54 1.253515    644 1.255034 1.001212    
39 152 157 155 39 55 1.250279    642 1.251613 1.001067    
39 158 163 161 39 56 1.248455    640 1.248447 0.999994    
39 164 169 167 39 57 1.249594    640 1.248503 0.999127    
39 170 175 173 39 58 1.251537    642 1.251445 0.999927    
39 176 181 179 39 59 1.252678    642 1.251397 0.998977    
39 182 187 185 39 60 1.253431    643 1.254054 1.000497    
39 188 193 191 39 61 1.251101    642 1.251309 1.000166    
39 194 254 224 39 62 1.227421    629 1.227679 1.000210    
39 255 255 255 39 63 1.207011    619 1.207843 1.000689    
